lunch,read,calworks,teachers,math,english,students,school,computer,county,grades,income,rownames,district,expenditure
146,70938,Liberty Elementary,Los Angeles,KK-08,342,18.20000076,4.039500237,10.12660027,307,5179.411133,25.73699951,0.1694915295,639.9000244,654.0
335,66787,Bennett Valley Union Elementary,Siskiyou,KK-08,1962,13.69999981,21.5189991,80.92489624,114,4276.115234,12.43099976,15.33670712,646.0,656.7999878
176,71654,Lemon Grove Elementary,Kern,KK-08,3401,117.8000031,10.4847002,39.84870148,10,4260.306641,18.62599945,5.333333492,685.2999878,676.5
370,72371,Bonny Doon Union Elementary,San Diego,KK-08,2660,565.5100098,40.55260086,68.57189941,78,4880.040527,14.22799969,7.491856575,620.4000244,625.5999756
417,62927,Huntington Beach City Elementary,Sonoma,KK-08,546,240.1000061,2.598999977,9.677399635,117,5235.987793,43.22999954,3.765690327,643.4000244,630.4000244
74,64477,El Monte City Elementary,Santa Clara,KK-08,1510,50.75,10.07190037,59.03079987,585,3926.06958,9.972000122,32.70749664,654.7000122,662.7000122
133,63230,North County Joint Union Elementary,Madera,KK-08,852,5.0,2.51850009,47.0298996,42,5400.0,55.32799911,0.0,651.5999756,657.7000122
138,71910,Montecito Union Elementary,Sacramento,KK-06,216,329.1199951,9.770799637,70.65769958,7,4547.944824,14.57800007,2.070688963,655.0999756,678.5999756
31,67785,Monte Rio Union Elementary,Trinity,KK-08,246,21.5,8.551099777,0.3032999933,354,5191.834473,21.56599998,11.49635029,620.4000244,684.9000244
73,63362,Rio Linda Union Elementary,Tehama,KK-08,2471,32.0,3.992399931,80.86830139,606,5526.236816,10.03999996,5.405405521,662.0999756,674.4000244
71,69518,Somis Union Elementary,San Mateo,KK-08,137,391.8599854,13.69859982,94.93240356,615,4353.019531,13.39000034,28.67762184,647.7000122,626.0
95,62976,American Union Elementary,Contra Costa,KK-08,544,52.59999847,10.69649982,80.25869751,65,4219.40625,15.05137539,2.733485222,681.7999878,650.9000244
369,68163,Liberty Elementary,Sutter,KK-06,675,39.70199966,0.3048999906,10.65149975,586,5725.563477,16.66900063,5.250596523,642.0,632.0999756
91,72561,Nuview Union Elementary,Kern,KK-08,129,41.52999878,46.88819885,55.7901001,103,5645.495605,10.65633297,1.495327115,643.2000122,649.7000122
327,69708,Ravenswood City Elementary,San Bernardino,KK-08,678,15.0,18.29719925,40.92910004,125,5105.734375,18.82723045,59.0334549,625.0,670.7000122
413,62828,Junction Elementary,El Dorado,KK-08,2357,26.0,25.34250069,83.873703,28,4529.283691,14.48333263,0.6211180091,698.2999878,636.2000122
10,69872,Vineland Elementary,Madera,KK-08,477,35.125,0.4544999897,25.88850021,65,5223.025391,13.24300003,4.583333492,640.9000244,659.0
248,69179,Fieldbrook Elementary,Placer,KK-08,7887,8.0,2.07249999,49.5237999,23,4613.1875,18.59300041,38.15875244,679.0,643.0999756
197,65391,Enterprise Elementary,Tulare,KK-08,187,158.3999939,17.00149918,56.06359863,36,5973.925293,15.49300003,32.07255173,674.9000244,646.0999756
232,69419,Franklin-McKinley Elementary,San Benito,KK-08,2596,88.26999664,3.705199957,19.8302002,152,5702.705078,10.63899994,27.45367241,615.5999756,661.0
193,66423,Encinitas Union Elementary,Tulare,KK-08,567,12.60000038,24.21419907,98.60559845,164,5695.466797,14.90600014,2.47863245,657.7999878,638.7000122
240,67405,Moraga Elementary,San Diego,KK-08,478,700.9400024,1.715399981,11.40680027,178,5382.088867,15.27400017,3.121039391,604.5,636.2000122
348,63016,Fullerton Elementary,Monterey,KK-08,577,49.16999817,16.8010006,27.71319962,31,5088.708008,16.29299927,2.649006605,624.4000244,647.0999756
229,70821,Pleasant Ridge Union Elementary,Imperial,KK-08,3724,211.0,7.497499943,81.02349854,36,4806.761719,15.17700005,7.857142925,669.2000122,647.5
56,72041,Harmony Union Elementary,Kings,KK-06,4632,410.9100037,12.29520035,85.54219818,25,4320.678711,12.51799965,6.201550484,682.2000122,646.2000122
354,64626,Julian Union Elementary,Nevada,KK-06,441,15.43000031,1.5,63.80360031,66,5261.370605,10.63899994,3.22033906,667.5999756,637.7000122
57,65631,Janesville Union Elementary,Sonoma,KK-08,1457,31.0,0.7462999821,25.31649971,81,5249.364746,18.62599945,0.1474926174,657.2000122,684.2999878
298,67645,Marcum-Illinois Union Elementary,Glenn,KK-08,687,46.65000153,23.79599953,11.04290009,17,5594.196289,8.173999786,1.68350172,662.0,621.7000122
272,61960,Auburn Union Elementary,Contra Costa,KK-06,11855,11.01000023,5.45389986,74.86239624,55,4954.466309,15.33100033,4.787234306,668.7999878,672.2000122
80,67470,Yreka Union Elementary,Sonoma,KK-08,248,45.20000076,15.2343998,80.19560242,27,5771.383789,7.304999828,6.079027653,634.2999878,647.9000244
330,69088,Weaver Union Elementary,San Joaquin,KK-08,2987,78.09999847,6.392300129,34.44710159,505,5090.044922,14.60299969,15.34977436,668.7000122,649.0
117,61747,Red Bluff Union Elementary,Butte,KK-06,125,42.84000015,7.526899815,32.65190125,160,5470.5625,11.08100033,2.5,662.0999756,630.4000244
209,70854,Mountain View Elementary,Santa Cruz,KK-08,224,12.19999981,0.9689999819,56.06560135,1004,4907.410645,15.53292847,7.289107323,629.5999756,643.9000244
195,68957,Keppel Union Elementary,Orange,KK-08,2340,27.43000031,29.44680023,100.0,597,5518.702148,5.698999882,38.51203537,651.9000244,692.0
338,68882,Twain Harte-Long Barn Union Elementary,Sonoma,KK-08,1469,306.3800049,11.88119984,20.58099937,26,5399.070313,16.95599937,0.0,678.7000122,620.5
185,63313,Burlingame Elementary,Kern,KK-08,2253,1186.699951,23.69939995,90.28489685,21,5504.025391,10.09799957,1.962864757,662.7000122,635.9000244
219,61812,Cold Spring Elementary,Los Angeles,KK-08,3280,11.0,7.026299953,59.53879929,1182,5447.345215,9.986000061,20.72543144,661.5,638.2999878
40,69575,Nevada City Elementary,Siskiyou,KK-08,6639,24.21999931,17.42020035,3.730200052,249,5118.130371,17.70899963,1.899441361,637.5,670.0999756
169,66340,National Elementary,San Mateo,KK-08,1114,27.20000076,9.036100388,22.98390007,71,4899.239746,27.94775009,0.0,662.5,662.4000244
263,72751,Happy Valley Union Elementary,Kings,KK-08,6437,17.79999924,5.555600166,47.91669846,86,5099.380859,13.52225018,17.02800369,676.0,652.0999756
76,65359,Chawanakee Jt. Elementary,Los Angeles,KK-08,738,61.99000168,32.18999863,45.88240051,16,5782.543945,15.50599957,5.249204636,636.7000122,658.7999878
77,66837,Clay Joint Elementary,El Dorado,KK-08,3303,15.5,26.49650002,52.9734993,135,4692.566895,36.17399979,2.485630035,679.0999756,651.7999878
416,66886,Jefferson Elementary,Tehama,KK-08,421,26.5,0.5207999945,19.09110069,193,5281.708984,15.2937994,11.26932526,634.7000122,676.7000122
34,68395,Susanville Elementary,Santa Clara,KK-08,1712,170.6499939,11.19400024,8.34430027,105,5123.474121,11.78499985,39.5946312,670.2999878,638.2999878
114,66324,Delano Union Elementary,Siskiyou,KK-06,1778,7.550000191,28.71999931,62.26750183,47,4385.229492,12.64000034,27.52179146,664.5999756,636.5999756
376,66381,Greenfield Union Elementary,Shasta,KK-08,117,15.85000038,26.64229965,23.09889984,480,6588.430664,10.09799957,9.615385056,680.5,679.9000244
149,64758,Fortuna Union Elementary,San Bernardino,KK-08,149,386.4200134,2.450999975,76.32260132,283,5666.713867,14.57800007,0.0,679.5999756,643.7999878
295,66480,Latrobe Elementary,Kern,KK-08,443,114.3000031,12.67850018,1.416399956,1321,5247.018066,16.95599937,20.03454208,645.0,651.0
368,70615,McSwain Union Elementary,Sutter,KK-08,670,47.58000183,5.35710001,28.66449928,576,7290.338867,14.57800007,0.0,655.0999756,678.0
16,72132,Columbia Elementary,Fresno,KK-08,307,24.5,27.48539925,70.28569794,496,4793.370117,27.81599998,5.025733948,645.4000244,676.5
79,63370,Lucerne Valley Unified,Imperial,KK-08,10619,22.43000031,18.53660011,40.625,249,5462.899414,10.41499996,34.88917923,639.4000244,681.7999878
318,61838,Burton Elementary,Merced,KK-08,2488,953.5,20.33609962,20.92630005,4,7711.506836,6.982999802,21.44469452,699.0999756,658.7000122
1,68858,Alta Loma Elementary,San Diego,KK-08,919,138.1199951,17.4531002,43.90240097,60,4645.413086,35.81000137,6.134020329,664.0,647.0999756
20,63883,Del Mar Union Elementary,Sonoma,KK-06,752,62.29999924,25.55929947,53.50320053,0,4895.439453,14.22672749,0.1872659177,680.2000122,632.9000244
400,63933,Helendale Elementary,San Diego,KK-06,160,201.9700012,7.179599762,65.91500092,20,4890.986816,8.934000015,35.44303894,662.2000122,649.0999756
279,69773,Browns Elementary,Yuba,KK-08,4971,29.60000038,23.45680046,2.611599922,92,5634.730957,17.50799942,6.933744431,614.7999878,671.0
281,68866,Escondido Union Elementary,Sacramento,KK-08,780,5.099999905,5.597000122,54.65409851,569,5500.10791,10.90564251,43.49897766,632.2999878,634.2999878
278,63917,Cambrian Elementary,Kings,KK-06,10012,308.6799927,15.28120041,37.95759964,231,5475.172852,12.66600037,1.941747546,631.5999756,707.7000122
78,71795,Del Paso Heights Elementary,Merced,KK-08,7210,32.20000076,0.0,85.14720154,1158,4518.016113,19.06800079,3.705006361,641.7000122,619.7999878
83,69781,Gratton Elementary,Santa Cruz,KK-06,446,361.0,2.356899977,52.1739006,560,5433.593262,12.89999962,20.76677322,633.5999756,626.0999756
357,63875,Chula Vista Elementary,Tehama,KK-08,424,57.70000076,2.538399935,50.38759995,328,5213.089355,9.972000122,10.12780285,667.7999878,677.4000244
105,71407,Lost Hills Union Elementary,Placer,KK-08,1987,9.0,2.929899931,59.7234993,409,6429.257324,11.88574982,28.57143021,672.7999878,672.0999756
26,62737,Montgomery Elementary,Riverside,KK-06,474,164.3099976,20.39220047,15.75,116,5726.146484,17.50799942,0.2640612721,664.2000122,653.2999878
380,61911,Reeds Creek Elementary,Orange,KK-08,3519,16.28000069,11.22169971,51.6529007,46,5630.194824,12.82699966,4.43262434,640.7999878,640.4000244
173,65649,San Ysidro Elementary,Sonoma,KK-08,3787,33.70000076,8.489500046,26.94330025,814,6060.256836,13.71199989,0.0,636.7999878,664.5
367,66316,Buellton Union Elementary,San Mateo,KK-08,1154,290.7749939,23.19750023,25.98679924,618,5092.91748,14.25857162,50.85763168,661.0,672.4000244
267,67348,Victor Elementary,Nevada,KK-06,2911,229.1999969,0.0,69.62030029,177,5124.836426,14.06599998,6.908044338,666.9000244,649.4000244
43,68387,Brentwood Union Elementary,San Mateo,KK-08,105,669.3599854,20.92740059,56.875,471,4522.375488,21.96699905,63.13035583,660.4000244,651.9000244
174,71001,Camino Union Elementary,San Bernardino,KK-08,1212,71.83000183,13.0031004,32.86380005,242,5920.253418,14.26299953,11.37724495,656.7999878,662.2999878
371,73544,Loomis Union Elementary,Stanislaus,KK-08,2801,11.65999985,24.02199936,65.7960968,335,5743.597168,18.6201992,65.12185669,629.5999756,628.7000122
125,68874,South Bay Union Elementary,Humboldt,KK-08,119,28.02000046,6.84070015,69.73989868,601,6113.859863,8.930999756,16.08187103,637.7000122,655.2999878
363,69955,Franklin Elementary,Orange,KK-08,1841,10.0,8.647500038,24.3362999,69,6039.98584,10.09799957,5.995934963,661.7000122,649.5999756
297,67157,Knightsen Elementary,Butte,KK-06,649,15.39999962,2.101799965,36.44990158,30,5951.005859,9.708999634,9.873188019,657.2999878,651.5999756
273,72470,Wheatland Elementary,Kings,KK-08,145,19.0,5.613399982,87.31639862,2401,5118.373047,15.56725025,15.05989742,663.4000244,622.9000244
23,67199,Grass Valley Elementary,Sutter,KK-06,224,19.25,6.382999897,94.97119904,220,5235.774902,21.63172722,0.0,610.0,630.0
47,72215,Springville Union Elementary,Shasta,KK-08,797,327.2999878,23.4375,71.76239777,17,6905.869141,23.48374939,77.0058136,656.4000244,636.7000122
285,62109,Hueneme Elementary,Kern,KK-08,1425,319.7999878,21.25880051,58.20429993,50,4441.672852,12.50199986,21.95535851,663.0999756,679.9000244
94,67736,Hydesville Elementary,Sonoma,KK-08,81,537.8800049,41.77339935,77.04920197,49,5215.943848,14.24290085,55.89254379,651.5999756,703.5999756
407,61457,Wiseburn Elementary,San Diego,KK-08,1202,99.59999847,2.881700039,30.44169998,134,4302.834961,12.06200027,39.02438736,636.7000122,663.0
409,64196,King City Union Elementary,San Diego,KK-08,610,27.60000038,1.196799994,29.49640083,27,4969.180664,13.57900047,50.39059067,666.2000122,660.5
58,65680,Montague Elementary,Monterey,KK-08,723,46.0,0.0,52.94350052,222,6415.35498,30.62849998,15.43026733,643.5,652.2999878
412,63966,North Cow Creek Elementary,Contra Costa,KK-08,2440,11.0,5.1395998,80.60420227,87,5149.186523,23.7329998,12.35368061,654.4000244,661.5999756
25,68007,Evergreen Union Elementary,Sutter,KK-06,1091,111.8199997,4.660999775,97.75969696,30,4632.068359,13.72500038,48.52458954,653.5999756,668.5
18,65557,Oroville City Elementary,Sonoma,KK-08,451,135.0,3.990600109,34.03609848,494,5415.152832,10.55099964,27.54038239,626.0999756,642.7999878
67,68379,Lammersville Elementary,Ventura,KK-08,4501,332.1000061,21.64949989,74.27230072,127,5172.019531,13.58600044,47.87937546,616.5,633.7999878
132,75119,Larkspur Elementary,Kings,KK-08,242,31.0,0.4160999954,66.43840027,56,5990.794434,10.26799965,4.516129017,672.7999878,662.5999756
32,69500,Roseland Elementary,Los Angeles,KK-08,134,8.899999619,1.898699999,32.13679886,960,5111.739258,10.20199966,30.00000191,641.7999878,648.4000244
85,66332,Union Hill Elementary,Tuolumne,KK-06,6201,24.34000015,4.662399769,26.21360016,148,4507.353027,12.109128,14.98257828,672.7999878,641.7999878
290,69948,Lagunitas Elementary,Sonoma,KK-08,9850,549.8400269,0.1709000021,60.13290024,84,4825.202148,12.93400002,13.69863033,670.5,697.2999878
372,69385,Central Union Elementary,El Dorado,KK-06,992,10.21000004,15.61180019,92.74310303,275,5090.587891,18.29838943,49.8645668,664.5,661.5999756
334,71357,Pacific Union Elementary,Placer,KK-08,1792,20.14999962,12.72729969,28.125,324,5339.391113,13.44299984,0.0,621.5999756,671.2999878
154,68999,Hope Elementary,Stanislaus,KK-08,1657,16.54999924,3.614500046,100.0,318,4432.478027,20.47400093,10.47619057,653.2000122,618.7000122
247,61770,Weed Union Elementary,San Mateo,KK-08,5718,7.349999905,19.12969971,29.31850052,326,5179.644531,11.18299961,36.80131531,667.0,636.7000122
205,70904,McCabe Union Elementary,Shasta,KK-06,487,39.90000153,12.26889992,93.63059998,58,5301.716309,17.15600014,0.0,631.7999878,636.2000122
211,68791,Trinidad Union Elementary,Kern,KK-08,2392,126.1200027,2.163500071,93.13980103,70,4659.661621,11.43099976,1.383399248,632.4000244,662.5
6,73700,Twin Ridges Elementary,Tuolumne,KK-08,15386,232.75,9.416999817,84.99900055,60,5884.432129,13.90600014,53.41640091,668.9000244,650.2000122
46,65870,Cardiff Elementary,Merced,KK-08,5259,46.88999939,18.80629921,30.64369965,224,4079.12915,17.70899963,2.02212882,676.0999756,665.4000244
282,69104,Mountain View Elementary,Los Angeles,KK-08,2208,5.0,9.015800476,68.85790253,75,6313.373535,12.99699974,8.173913002,638.9000244,673.2000122
403,70912,Savanna Elementary,Contra Costa,KK-08,2272,7.0,43.85589981,77.0089035,98,5869.38916,10.55099964,0.5420054197,638.9000244,629.7999878
362,62802,General Shafter Elementary,Ventura,KK-08,1960,61.40000153,16.09199905,47.85279846,482,4829.896484,20.46999931,2.807283878,655.9000244,688.5999756
266,70714,Rincon Valley Union Elementary,Los Angeles,KK-08,2089,114.0,21.28240013,28.17160034,626,5008.070801,10.3113327,18.26123238,635.5,649.9000244
17,70649,Mt. Pleasant Elementary,El Dorado,KK-08,440,8.0,7.487500191,66.20690155,40,5223.912109,40.26399994,3.352601051,669.7999878,625.4000244
389,70508,Alum Rock Union Elementary,San Bernardino,KK-06,1449,29.44000053,48.3443985,83.0,80,4692.493652,17.3694458,1.32042253,665.5,631.0999756
249,65813,Pixley Union Elementary,Tehama,KK-08,2542,19.97999954,33.53659821,44.44440079,1218,4145.835938,9.081999779,12.40875912,631.5,645.5
303,71050,El Nido Elementary,San Mateo,KK-08,900,221.0,0.1517000049,79.51200104,287,5117.141602,8.173999786,0.0,672.0999756,652.7999878
4,65961,Island Union Elementary,Tuolumne,KK-08,2621,305.0,6.504099846,90.623703,30,5319.553711,7.940999985,1.447921515,605.5,669.7999878
19,64600,Salinas City Elementary,Santa Clara,KK-08,2688,132.1999969,3.563499928,10.18280029,25,4925.659668,11.42599964,13.55932236,668.9000244,665.7000122
394,70128,Elverta Joint Elementary,Santa Barbara,KK-08,6219,6.050000191,4.0,25.1121006,39,7101.831055,16.34700012,0.0,654.2000122,631.0
61,62596,Santa Cruz City Elementary,San Benito,KK-06,2404,108.3499985,15.41670036,67.23400116,32,4751.299805,11.82999992,3.255512238,646.0,667.4000244
204,65458,Wilmar Union Elementary,Tulare,KK-08,133,53.0,17.55319977,68.09120178,1671,5360.51709,41.0929985,0.0,647.0,643.2999878
155,70268,Cutten Elementary,Shasta,KK-08,590,10.30000019,22.19470024,16.95429993,183,5545.610352,10.36442852,6.539509296,637.0,632.5999756
64,71548,Placerville Union Elementary,Kern,KK-08,10337,57.0,4.239900112,44.39070129,32,5229.591309,9.484999657,31.82458305,634.5999756,623.4000244
111,68908,Etna Union Elementary,Humboldt,KK-08,195,588.8400269,2.962500095,0.0,213,5358.51709,13.63000011,0.0,683.0999756,616.0999756
312,66506,Pacific Elementary,San Bernardino,KK-08,535,139.4700012,3.25999999,7.486599922,540,5346.15625,11.11600018,13.85767746,673.9000244,622.5999756
313,71969,Ackerman Elementary,Contra Costa,KK-06,470,9.0,5.825200081,53.21060181,14,6002.071777,24.60300064,18.19571877,640.4000244,644.7000122
127,62513,Foresthill Union Elementary,Santa Clara,KK-08,3548,178.0599976,13.20390034,12.17479992,25,5133.009766,20.13400078,85.53971863,641.7000122,638.2000122
324,63610,Terra Bella Union Elementary,Fresno,KK-08,3017,146.5,5.298900127,30.06909943,281,5485.496094,15.77900028,0.3664036095,656.7000122,663.5999756
347,69203,Lakeside Joint Elementary,Lake,KK-08,966,141.3999939,16.4144001,60.92229843,0,7039.949219,16.62299919,46.95946121,608.9000244,650.7000122
383,70185,Holt Union Elementary,Tuolumne,KK-08,205,7.800000191,19.83119965,34.2344017,500,5253.331055,22.09600067,21.66837311,664.2999878,651.0
27,70417,Westminster Elementary,Kern,KK-08,2341,108.6600037,2.902400017,36.48450089,41,5272.191895,9.630000114,19.39163589,673.2000122,695.0
8,64642,Westmorland Union Elementary,San Mateo,KK-08,461,489.2999878,8.318900108,36.79779816,0,4436.152832,11.17599964,9.722222328,665.4000244,628.9000244
200,62984,Cypress Elementary,Alameda,KK-08,6312,26.0,20.95809937,21.34339905,14,4825.59082,7.385000229,76.66525269,660.5,648.0999756
392,70698,Lucerne Elementary,Humboldt,KK-08,1735,6.0,11.35890007,82.57219696,42,5143.19043,40.40200043,6.067073345,691.5999756,653.0999756
109,64550,Pioneer Union Elementary,Sonoma,KK-08,1221,18.79999924,5.751900196,59.21379852,54,5195.918945,22.13899994,53.89030457,664.2999878,652.7000122
102,64709,Kenwood Elementary,Placer,KK-08,287,10.0,12.07689953,8.60929966,379,4993.634766,11.11600018,1.385681391,671.2999878,627.0999756
359,65078,Mother Lode Union Elementary,Tehama,KK-08,7114,150.0,13.91940022,0.0,50,5003.870117,7.453999996,65.51210022,663.9000244,643.4000244
30,61382,Sulphur Springs Union Elementary,Ventura,KK-08,296,7.5,25.37940025,17.1508007,149,4603.659668,17.78033447,0.5760368705,652.2999878,659.5
141,70011,Los Nietos Elementary,Santa Clara,KK-08,103,27.79999924,15.76010036,76.77259827,753,5107.086426,12.39400005,14.96296215,633.9000244,653.2999878
393,68544,Colfax Elementary,Placer,KK-08,5010,5.730000019,17.47610092,33.63010025,175,4843.427246,10.05599976,11.58536625,687.7000122,626.9000244
119,68221,Perris Elementary,Merced,KK-06,140,105.8199997,19.57169914,86.02940369,1113,5397.161621,11.42599964,3.846153975,636.9000244,638.7999878
115,64170,Curtis Creek Elementary,San Diego,KK-06,1012,11.19999981,4.467400074,46.04320145,300,5230.876953,13.40062523,34.33779907,689.7999878,612.5
299,65748,North Sacramento Elementary,Kern,KK-08,160,546.2999878,20.67510033,53.60229874,35,5929.809082,12.2159996,3.375527382,653.2999878,645.7000122
269,66779,Portola Valley Elementary,San Diego,KK-08,4521,280.0,8.403400421,48.48479843,397,6384.911133,8.934000015,3.841310024,671.9000244,649.7000122
142,69526,Allensworth Elementary,Tulare,KK-06,2267,283.1499939,12.69200039,45.71429825,466,5220.370117,9.824000359,0.0,652.4000244,638.0999756
156,63057,Rocklin Unified,San Mateo,KK-08,1579,297.1400146,9.756099701,22.69300079,50,4980.294434,15.77099991,1.92678237,666.9000244,654.5999756
374,63990,Bayshore Elementary,Santa Clara,KK-08,2807,127.1100006,16.95910072,84.29499817,499,5397.689453,15.18000031,52.80478668,661.7000122,647.0999756
311,68536,Hughes-Elizabeth Lakes Union Elementary,Ventura,KK-08,2422,65.11000061,24.65950012,29.64349937,202,5169.814941,13.90600014,3.992740393,697.4000244,679.4000244
212,72462,Roseville City Elementary,San Luis Obispo,KK-06,507,16.17000008,3.993099928,31.38689995,114,7217.263184,18.28300095,0.0,612.7999878,655.2000122
153,71142,Laguna Salada Union Elementary,Tulare,KK-08,1588,26.0,0.8499000072,62.21279907,637,4948.868164,25.23971558,25.22556496,622.9000244,667.0
291,61499,Redwood City Elementary,Shasta,KK-08,1088,39.5,3.852099895,35.84619904,94,4945.031738,19.70700073,0.0,629.2000122,638.0999756
110,66472,West Park Elementary,Humboldt,KK-08,218,546.0499878,5.092599869,94.29570007,198,4663.811035,10.52299976,14.0,644.9000244,625.7000122
181,68098,Reed Union Elementary,Tehama,KK-08,6022,9.0,0.0,69.97740173,756,4993.867676,10.62899971,40.10801697,665.5,641.5
194,71985,Belmont-Redwood Shores Elementary,Madera,KK-08,3186,141.2100067,26.90159988,64.09770203,61,5501.95459,11.23799992,29.08583832,654.2000122,629.7000122
158,63479,Plumas Elementary,Butte,KK-08,167,11.60000038,14.79030037,32.35290146,101,4746.572266,20.4802227,42.71844482,643.0,664.5999756
182,71035,Evergreen Elementary,Santa Barbara,KK-08,8294,37.11999893,0.4124000072,33.81029892,42,5287.35498,12.64000034,0.6934812665,661.0999756,699.9000244
84,72181,San Bruno Park Elementary,San Diego,KK-08,227,188.1999969,8.368200302,31.03450012,224,5238.39209,8.776000023,17.85405922,631.4000244,669.0999756
178,69435,Rio Dell Elementary,San Bernardino,KK-06,1349,7.0,12.8725996,54.9897995,634,4841.958496,17.65600014,49.64253235,641.5,666.5
166,63487,Mt. Shasta Union Elementary,Nevada,KK-08,155,23.29999924,3.537699938,4.690899849,13,4777.769043,14.16300011,2.231520176,641.4000244,634.7999878
75,67116,Bishop Union Elementary,Los Angeles,KK-08,1212,10.51000023,14.4708004,45.81819916,32,6653.030762,14.20899963,36.17437744,642.9000244,644.7000122
210,64691,Brawley Elementary,Tulare,KK-08,245,42.5,22.40719986,39.28570175,139,5864.366211,21.95700073,9.558412552,672.4000244,660.9000244
120,67322,Moreland Elementary,Los Angeles,KK-08,6423,147.9799957,29.16670036,93.92269897,50,4674.298828,11.9119997,0.9032257795,645.0999756,690.0
223,63255,Kings River-Hardwick Union Elementary,Tulare,KK-08,151,210.0,14.97679996,59.40589905,1713,4829.717285,17.70899963,0.0,695.4000244,665.7999878
250,61929,Gold Trail Union Elementary,San Mateo,KK-08,2768,6.599999905,10.02270031,32.11009979,15,6180.148926,22.84199905,19.85645866,633.2000122,686.5999756
239,63339,Whittier City Elementary,Tulare,KK-08,1452,26.64999962,12.98869991,87.77819824,75,5522.161621,14.29829979,7.627118587,640.4000244,633.5
333,62885,Upper Lake Union Elementary,Merced,KK-08,20927,35.76250076,11.71049976,29.03980064,259,6460.657227,11.93799973,9.798271179,660.2000122,656.2000122
378,62174,Weaverville Elementary,Stanislaus,KK-08,1235,286.9200134,6.923500061,51.56740189,1248,5144.993652,12.30179977,35.25,640.9000244,627.7000122
351,61713,Lancaster Elementary,Sonoma,KK-08,10218,12.55000019,13.98849964,93.22920227,134,4016.41626,14.06200027,39.39999771,660.7999878,644.0
379,63073,Bangor Union Elementary,Kern,KK-08,511,16.5,15.07110023,33.59999847,1261,5119.123047,21.95700073,0.9592326283,693.7000122,627.0999756
326,66589,Saugus Union Elementary,Sonoma,KK-08,814,124.0699997,33.10860062,75.73840332,26,5347.458496,13.76200008,4.726100922,655.5999756,664.2000122
339,61655,Magnolia Elementary,Santa Clara,KK-08,10696,17.5,5.486400127,3.731300116,75,4997.871582,8.258000374,0.0,650.9000244,645.7999878
37,68080,Mark West Union Elementary,Shasta,KK-08,1588,53.56000137,11.32219982,56.00889969,0,5356.833496,18.32600021,1.164483309,698.9000244,648.5999756
140,65334,Thermalito Union Elementary,Santa Cruz,KK-08,536,18.53000069,0.0,85.86959839,65,6231.601563,6.21600008,54.60993195,645.5999756,670.7999878
352,68353,Winton Elementary,Santa Clara,KK-08,580,9.300000191,0.4481000006,32.36970139,30,4742.51416,12.34300041,10.85762596,660.4000244,633.7000122
177,63438,Beardsley Elementary,Ventura,KK-08,1217,246.8999939,18.06170082,37.08739853,0,4889.47998,18.59300041,0.0,649.5,661.2000122
226,65722,Walnut Creek Elementary,Tulare,KK-08,859,35.09999847,7.275899887,83.11930084,67,5182.365723,20.93642807,18.45748138,668.7999878,659.7999878
302,72207,Norris Elementary,San Diego,KK-08,888,199.8600006,2.001499891,72.32080078,35,5189.62793,14.05799961,0.0,638.5,639.9000244
60,66498,Clear Creek Elementary,Contra Costa,KK-08,382,464.8999939,6.394999981,85.87439728,118,5606.781738,9.925999641,20.66666603,666.4000244,609.0
112,71290,Rohnerville Elementary,Stanislaus,KK-06,957,286.7999878,32.08679962,32.18709946,41,4792.211426,34.15950012,43.75,648.2999878,655.2000122
332,67991,La Mesa-Spring Valley,Fresno,KK-08,526,73.12999725,25.92110062,0.6775000095,23,5355.54834,15.40407085,17.17391396,663.4000244,665.4000244
199,71647,Newcastle Elementary,Sonoma,KK-08,822,253.8959961,24.90320015,70.8167038,56,4999.46875,13.40511703,2.539682627,650.9000244,666.7999878
7,67694,South Bay Union Elementary,El Dorado,KK-08,2569,81.27999878,14.85709953,71.02380371,310,4906.22998,6.612999916,35.34212112,652.7000122,633.5999756
306,61705,Banta Elementary,Los Angeles,KK-08,491,87.05999756,1.849400043,45.99499893,49,4555.464355,9.484999657,5.010019779,680.9000244,643.4000244
292,62000,Fountain Valley Elementary,Santa Clara,KK-08,4612,360.5,9.451199532,13.27620029,27,5850.0,15.16699982,14.4291935,640.2999878,646.4000244
159,63800,Cupertino Union Elementary,San Bernardino,KK-06,379,175.5500031,26.16760063,37.10860062,204,4854.038086,19.99699974,13.28413296,653.7000122,636.7000122
151,61978,Capay Joint Union Elementary,San Joaquin,KK-08,326,124.0899963,1.793200016,50.97079849,263,5642.832031,10.05049992,0.425531894,616.5999756,636.0999756
11,68049,Cuddeback Union Elementary,Shasta,KK-08,868,44.0,14.63790035,31.8519001,562,4708.625,12.875,0.0,672.2000122,667.0
221,72421,Chicago Park Elementary,Sutter,KK-08,195,5.5,1.754400015,91.59339905,60,4612.989746,11.64900017,9.64071846,665.7999878,659.2999878
104,62380,Chowchilla Elementary,Placer,KK-08,252,139.3000031,0.05059999973,33.9211998,33,4777.512695,36.17399979,0.0,686.2000122,641.7000122
82,63321,Shasta Union Elementary,Shasta,KK-08,721,22.0,8.73789978,38.20019913,31,5652.878906,22.69000053,5.957447052,651.7000122,647.2000122
391,61549,Placer Hills Union Elementary,Sacramento,KK-08,243,76.98999786,47.2621994,54.76190186,38,5078.5,25.62199974,33.48770905,638.5999756,650.9000244
366,69617,Ross Valley Elementary,Riverside,KK-08,1313,267.0,22.92770004,73.59760284,717,5621.687988,14.17700005,2.970297098,687.2999878,674.0999756
168,70243,Freshwater Elementary,Marin,KK-06,7761,115.3000031,7.796599865,55.0929985,496,5367.090332,11.4659996,11.94945908,657.4000244,661.5
395,71365,Gold Oak Union Elementary,San Mateo,KK-08,575,356.8200073,5.592100143,1.503800035,31,5671.657227,14.60162544,0.0,633.5,653.7999878
238,69039,South Fork Union Elementary,Fresno,KK-08,208,19.79999924,18.60989952,12.82050037,500,5002.838867,16.29299927,0.0,656.0999756,654.4000244
245,65045,Livingston Union Elementary,Kern,KK-08,551,99.75,4.723499775,0.0,897,5685.63916,14.12766743,11.06194687,691.5999756,655.7999878
397,67421,Loleta Union Elementary,San Diego,KK-08,347,1051.579956,9.336099625,61.41939926,35,4905.221191,18.67099953,3.913894176,655.2000122,632.9000244
415,64931,Atwater Elementary,Kings,KK-06,2247,24.0,17.55319977,15.08860016,163,5371.172852,30.84000015,23.0615654,671.4000244,636.2000122
90,72272,Valle Lindo Elementary,El Dorado,KK-08,8735,21.0,4.472199917,77.52559662,1333,4542.10498,9.664999962,3.262233257,671.2000122,665.7999878
224,69120,Arcata Elementary,Sonoma,KK-08,516,35.95000076,12.12709999,33.91809845,30,4797.503418,13.27299976,13.62617588,633.0,668.0
164,63545,Brittan Elementary,Imperial,KK-08,2538,903.7600098,34.1894989,37.88399887,37,6455.136719,17.9008007,30.32045937,684.2000122,663.4000244
196,62323,Buena Park Elementary,Imperial,KK-08,12567,13.25,8.073800087,33.06230164,81,6026.359863,7.385000229,17.65935326,633.0,695.7000122
148,71019,Three Rivers Union Elementary,Placer,KK-08,7151,18.04999924,3.530499935,2.032799959,272,5085.40625,22.75799942,8.842000008,665.4000244,676.5999756
3,69690,Knights Ferry Elementary,Ventura,KK-08,5138,391.4200134,3.571399927,98.13079834,31,5784.625,9.781000137,0.0,663.0999756,670.7000122
93,72405,Palmdale Elementary,Orange,KK-08,762,22.0,7.46269989,40.1629982,269,4357.826172,35.81000137,0.5780346394,660.5,645.2000122
70,70961,Edison Elementary,Fresno,KK-08,6601,186.1999969,2.042200089,11.7517004,46,5367.988281,16.06399918,52.24312592,657.5999756,654.5999756
228,66613,Monroe Elementary,Orange,KK-08,7306,25.0,8.619000435,42.9640007,2232,5349.367676,18.36899948,8.648542404,656.2000122,643.0
124,63503,Maple Elementary,Sonoma,KK-06,2536,28.5,12.0383997,29.02099991,67,5284.164063,16.75780106,8.556149483,627.5,679.5
97,62331,Santa Barbara Elementary,Lake,KK-08,418,107.1949997,12.39900017,82.06749725,701,5374.050293,15.0298748,11.04651165,669.2000122,651.7999878
144,71498,Plainsburg Union Elementary,San Diego,KK-08,2326,6.0,5.54129982,25.60549927,44,4747.295898,13.39000034,2.421652317,668.0999756,636.7000122
322,65102,Standard Elementary,Tuolumne,KK-08,806,45.0,28.1753006,11.70129967,50,5993.392578,18.33799934,8.741721153,672.2999878,695.2999878
390,62638,Armona Union Elementary,Fresno,KK-08,777,304.730011,8.524600029,44.47660065,35,4593.196777,23.7329998,16.09561729,683.0999756,628.7000122
98,73726,Panama Buena Vista Union Elementary,Nevada,KK-08,8529,59.72999954,6.329100132,17.54389954,1762,5190.310059,13.7305994,5.141129017,636.5999756,691.7000122
353,65169,Columbia Union Elementary,Tulare,KK-08,139,8.699999809,15.31989956,84.92060089,10,5433.51416,41.73410797,4.278074741,680.0999756,663.4000244
69,69377,Mesa Union Elementary,Ventura,KK-08,3669,38.0,78.99420166,28.37660027,374,4741.957031,9.854000092,0.2358490527,656.7999878,643.5999756
24,65177,McCloud Union Elementary,Santa Barbara,KK-08,5205,26.0,11.89659977,47.15029907,50,5036.458984,8.977999687,28.69198227,611.7000122,630.0999756
38,71423,Whisman Elementary,Santa Barbara,KK-06,457,521.4699707,10.19769955,30.37319946,258,5081.455566,8.864999771,0.0,669.2000122,656.2000122
145,69542,Merced City Elementary,Los Angeles,KK-08,220,23.0,4.0,65.85369873,13,4826.666016,7.983181477,13.05732441,701.2999878,647.7999878
123,64667,Berryessa Union Elementary,Orange,KK-08,2231,13.98999977,18.54809952,23.3010006,52,5221.460938,8.279000282,34.70020676,644.9000244,675.5
230,65110,Gravenstein Union Elementary,Placer,KK-08,4458,44.59000015,17.97509956,81.11730194,14,4963.060059,18.1186657,15.48769474,660.5,668.2999878
203,68437,Oak Valley Union Elementary,Merced,KK-08,3182,140.1100006,8.695699692,59.13040161,34,4273.993164,9.708999634,1.363636374,682.9000244,633.0999756
183,65037,Oakley Union Elementary,San Joaquin,KK-08,594,7.659999847,24.6093998,100.0,171,4504.294922,10.63899994,36.48936081,688.5,640.7999878
68,71837,Alta Vista Elementary,Lassen,KK-08,4523,262.230011,10.25979996,21.37929916,32,5718.55127,11.28299999,13.51351261,671.2000122,650.0999756
343,66860,Bakersfield City Elementary,Monterey,KK-08,309,20.0,2.17840004,48.81209946,406,5351.522949,14.01000023,44.08506012,667.9000244,633.0
401,69880,Burrel Union Elementary,Los Angeles,KK-08,3469,208.4799957,13.54170036,36.78160095,95,4802.152832,15.41317654,49.82307053,629.4000244,636.0
246,69682,Buckeye Union Elementary,Imperial,KK-06,1600,35.72999954,6.005199909,23.4409008,55,7070.633301,13.56700039,9.46601963,638.5999756,668.4000244
251,68932,Richland-Lerdo Union Elementary,Los Angeles,KK-08,314,4.849999905,0.07999999821,12.5,540,6462.12793,11.97200012,37.49446106,645.5,657.2999878
336,68916,Southside Elementary,Los Angeles,KK-08,353,102.7799988,3.247999907,50.76340103,47,5805.636719,11.29100037,4.969165325,666.7000122,701.7000122
254,66761,Golden Feather Union Elementary,Santa Clara,KK-08,706,115.3000031,6.89659977,44.25970078,277,6516.533203,34.30099869,13.06739998,631.9000244,636.5999756
126,63719,Dixie Elementary,Los Angeles,KK-08,452,5.599999905,6.49119997,36.0007019,15,4907.392578,16.40699959,1.589595318,660.4000244,655.7999878
147,61887,Happy Valley Elementary,Los Angeles,KK-08,25151,47.0,1.421399951,56.52170181,273,5159.21875,9.972000122,1.479591846,693.5999756,634.2000122
325,72108,Mountain View Elementary,Siskiyou,KK-08,2106,215.0,2.593699932,55.10079956,742,5615.441895,11.80300045,3.965517044,668.0,670.0999756
87,61994,Sylvan Union Elementary,Kern,KK-08,1803,484.5,20.52370071,5.932199955,15,5358.326172,16.3560009,3.061224461,676.0999756,666.5999756
355,70722,West Fresno Elementary,Kern,KK-08,370,12.5,7.589300156,44.68090057,383,5252.810547,9.951999664,16.66666794,651.4000244,649.5
220,68551,Mark Twain Union Elementary,Siskiyou,KK-06,426,108.0,11.28979969,14.39999962,155,5329.782227,8.977999687,10.71428585,695.9000244,671.5
235,63560,Ocean View Elementary,Sonoma,KK-08,579,154.1699982,8.218299866,11.45829964,35,5387.458984,35.48099899,45.03795242,669.4000244,640.5
356,63842,Galt Joint Union Elementary,Los Angeles,KK-06,460,153.1999969,6.993000031,64.74739838,56,5741.462891,15.4090004,10.38552284,660.0999756,613.4000244
361,72355,Salida Union Elementary,Orange,KK-08,590,172.3399963,39.21839905,37.29109955,48,5100.202148,15.36499977,0.0,648.2000122,664.0999756
276,66415,Hollister School District,Lassen,KK-08,240,9.0,33.90800095,9.352499962,680,4965.290039,14.03425026,8.95663166,655.4000244,631.2000122
321,70623,Meadows Union Elementary,San Mateo,KK-08,280,96.0,8.672100067,71.43309784,0,5478.845703,15.75199986,0.502176106,625.4000244,641.7000122
184,65151,Grant Elementary,Contra Costa,KK-08,8787,10.10000038,18.93190002,27.1317997,19,5097.343262,12.17399979,0.0,655.2000122,663.5
275,67280,Rio Bravo-Greeley Union Elementary,Tulare,KK-08,953,85.0,2.352900028,52.25230026,45,5774.970215,10.97099972,47.36842346,641.7999878,645.0999756
328,69393,Cinnabar Elementary,Santa Barbara,KK-08,170,508.75,28.34250069,13.8696003,22,5208.226074,8.258000374,14.2857151,662.0,660.4000244
288,72173,Plaza Elementary,Santa Barbara,KK-08,16244,11.0,4.294499874,88.09519958,51,5556.041016,50.67699814,16.71460533,647.7999878,675.7000122
300,65219,Sebastopol Union Elementary,Nevada,KK-08,946,34.33000183,2.752300024,15.3302002,192,6168.229492,11.56920052,8.786610603,611.9000244,655.5999756
130,64188,Santa Rita Union Elementary,San Mateo,KK-08,532,14.19999981,55.03229904,37.19380188,315,5489.588867,17.70899963,2.269861221,631.9000244,664.0999756
39,64113,Saucelito Elementary,Humboldt,KK-08,717,15.35000038,14.15439987,30.76919937,412,5399.383301,7.40500021,32.98949051,658.2999878,644.2999878
12,67306,Eastside Union Elementary,Tulare,KK-08,500,28.92000008,12.82769966,24.72220039,22,5592.765137,11.72222519,13.46153927,648.0,664.0
287,63784,Sunnyvale Elementary,Trinity,KK-06,237,121.8600006,25.25799942,25.10370064,21,4881.899414,22.52899933,3.442623138,655.9000244,659.5
186,63578,Stanislaus Union Elementary,Kings,KK-06,332,108.75,1.375,0.1238999963,489,5644.286133,10.26399994,0.6666666865,669.4000244,639.9000244
256,69005,Lamont Elementary,Tulare,KK-08,419,18.71999931,13.53009987,22.16360092,220,4136.250977,10.64299965,0.9708737731,653.5,633.0999756
113,63024,Woodside Elementary,Humboldt,KK-08,146,26.61000061,14.49890041,19.23080063,53,4962.736816,13.71199989,0.0,682.4000244,667.4000244
180,72157,Black Butte Union Elementary,San Mateo,KK-08,3760,5.0,13.80090046,63.43280029,78,6604.063965,18.79683304,7.99606514,634.4000244,653.7000122
259,62794,Etiwanda Elementary,Santa Barbara,KK-08,13668,135.3500061,7.496600151,23.22579956,529,4830.326172,5.335000038,15.18723965,620.7999878,647.4000244
308,64592,Castaic Union Elementary,San Mateo,KK-08,5079,62.09999847,3.610100031,56.67509842,49,5161.202148,17.50799942,16.65221214,670.0999756,661.5
286,66456,Rosemead Elementary,Los Angeles,KK-06,649,8.0,19.1303997,40.3995018,78,7667.571777,9.630000114,8.66293335,644.0,626.7999878
396,67702,Cayucos Elementary,Shasta,KK-08,329,9.25,34.77270126,66.19490051,195,5182.428223,8.019000053,1.383285284,653.0999756,679.7999878
118,67504,Solana Beach Elementary,Humboldt,KK-08,1708,127.2200012,13.95349979,6.270899773,721,5838.171875,19.11700058,0.0,652.7000122,637.5999756
388,68023,Ballico-Cressey Elementary,Sonoma,KK-08,2102,34.84000015,2.192500114,84.43379974,129,7203.246582,19.82312584,30.63328552,639.2999878,667.9000244
399,75440,Sunnyside Union Elementary,Monterey,KK-08,285,11.5,52.21989822,0.0,834,6089.910645,11.83399963,24.26303864,659.7999878,619.9000244
405,63198,Bass Lake Joint Elementary,Santa Cruz,KK-08,14708,30.0,13.95349979,63.69049835,8,5318.240723,10.26399994,0.0,659.7999878,639.5
305,65367,Los Altos Elementary,Los Angeles,KK-06,1254,39.79999924,4.413599968,42.60089874,65,5338.185547,10.55666733,45.07486343,634.7000122,674.0
234,66233,College Elementary,Sonoma,KK-06,775,121.2399979,8.541999817,16.06509972,474,5011.840332,13.76200008,53.05544281,685.5999756,672.5
382,67918,Arena Union Elementary,San Diego,KK-06,948,288.6300049,16.40239906,35.82089996,141,4842.60791,11.82600021,0.0,650.0,657.7000122
262,71522,Kingsburg Joint Union Elementary,Ventura,KK-08,987,183.75,29.76390076,0.0,1099,4920.777344,19.3465004,34.65346527,629.5,682.5
165,71282,Dunsmuir Elementary,Santa Barbara,KK-08,3772,7.199999809,1.581200004,32.76549911,155,4023.531738,13.63000011,52.91479874,641.5999756,629.4000244
365,61952,Lassen View Union Elementary,Santa Cruz,KK-08,164,135.0,13.85179996,15.92920017,60,5131.119141,15.51900005,3.169135332,673.2999878,663.9000244
137,61507,Jacoby Creek Elementary,Placer,KK-08,379,278.8399963,12.90320015,91.54640198,145,5653.453613,15.29699993,0.0,672.7000122,645.0999756
198,72587,Hillsborough City Elementary,Merced,KK-08,5370,31.0,31.33049965,61.73820114,785,5228.650879,8.920332909,0.0,682.7999878,639.2999878
233,63404,Lawndale Elementary,Sutter,KK-08,12380,12.32999992,6.684500217,36.31439972,55,5302.62793,8.829999924,11.34983635,667.5,658.4000244
116,70078,Loma Prieta Joint Union Elemen,Monterey,KK-08,162,23.10000038,26.84140015,0.0,141,5450.103516,9.781000137,1.579352856,640.4000244,645.7999878
121,63123,Buttonwillow Union Elementary,Riverside,KK-08,175,540.0499878,0.0,31.5,1150,4402.831543,13.33500004,44.97186661,633.2000122,652.7999878
225,68486,Strathmore Union Elementary,Tulare,KK-08,516,11.60000038,1.342100024,51.66669846,0,6315.3125,9.080332756,10.43555164,673.0999756,660.9000244
341,69625,Fort Ross Elementary,Kern,KK-08,510,542.6500244,22.42989922,52.12020111,1790,4566.27002,13.22500038,0.0,670.5,674.7000122
284,62240,Piner-Olivet Union Elementary,Humboldt,KK-08,6880,29.95000076,11.92850018,30.08510017,8,6716.692871,31.05200005,27.66522789,652.5999756,642.5999756
128,72447,Newhall Elementary,El Dorado,KK-08,519,245.1799927,2.395900011,24.81480026,2889,6735.775391,8.17800045,10.12759113,651.2999878,637.7999878
419,64998,Raisin City Elementary,Stanislaus,KK-08,284,648.4099731,71.71309662,90.20069885,29,5580.146973,12.64000034,29.12074089,620.0999756,605.4000244
108,72017,Millbrae Elementary,Yuba,KK-08,2770,55.0,4.166699886,51.85189819,1719,5094.958984,23.66737556,16.66321182,704.0,668.5999756
315,70672,Jefferson Elementary,Kings,KK-08,1318,1429.0,10.8107996,51.5625,37,6056.49707,11.48294449,6.649565697,636.2000122,664.0
134,75002,Waugh Elementary,San Mateo,KK-08,1129,8.25,10.25259972,47.57120132,896,5923.45166,13.43700027,0.0,658.2999878,709.5
402,72090,Coarsegold Union Elementary,Humboldt,KK-08,5112,30.5,20.55050087,16.25,3324,5650.0,22.84140015,0.0,662.4000244,656.0
45,69757,Ocean View Elementary,Tulare,KK-08,19402,371.1000061,40.36700058,36.70209885,169,5368.50293,9.630000114,41.13329315,631.0999756,635.2000122
387,72363,Arvin Union Elementary,Shasta,KK-08,101,36.0,16.11650085,12.74510002,50,4845.680176,28.71699905,49.41314316,657.0,666.5999756
66,68635,Big Springs Union Elementary,San Diego,KK-08,868,82.90000153,16.58989906,13.06120014,283,4906.030273,16.3560009,40.49118423,697.9000244,628.2000122
86,75135,Two Rock Union Elementary,Santa Clara,KK-08,2325,141.0200043,25.0,54.76190186,107,4547.692383,12.4090004,22.93948174,680.4000244,643.5
243,63172,Twin Hills Union Elementary,Fresno,KK-08,6195,360.3500061,10.50660038,0.5367000103,96,5533.149414,10.26399994,18.43624496,662.0,663.2000122
187,63008,Lakeside Union Elementary,Nevada,KK-08,235,140.1199951,21.04330063,69.94249725,241,4877.086426,14.76000023,30.28339958,655.5,633.7000122
160,66910,Rosedale Union Elementary,Merced,KK-06,19294,7.079999924,2.426000118,2.445600033,786,4392.679688,13.19200039,17.97378349,657.7000122,657.5999756
13,71472,Dehesa Elementary,Tuolumne,KK-08,565,36.84999847,21.26250076,63.9054985,16,5112.390137,11.5539999,1.795332193,658.7000122,669.5
36,69369,Fruitvale Elementary,San Bernardino,KK-08,271,98.0,0.5102000237,0.0,789,4969.51123,16.47331238,1.242236018,667.4000244,627.0
29,69849,Di Giorgio Elementary,Sacramento,KK-08,7116,28.27000046,24.4151001,71.91210175,209,4825.722656,15.42800045,8.768656731,668.5,653.0999756
171,69724,West Side Union Elementary,Santa Barbara,KK-08,600,65.12000275,1.709400058,22.88310051,571,5100.975586,25.02961922,64.24632263,619.5,663.5999756
143,70409,Alisal Union Elementary,El Dorado,KK-06,300,32.86999893,19.68910027,75.50430298,1048,5139.164551,14.55799961,9.548611641,637.5,635.7999878
337,72553,Arcohe Union Elementary,San Joaquin,KK-08,1678,24.0,25.82979965,77.14839935,150,4757.025391,10.47200012,0.1436093748,621.2999878,665.7999878
319,71381,Corning Union Elementary,Marin,KK-08,196,8.5,7.037000179,35.75910187,92,5065.911133,22.52899933,22.70967865,655.0999756,638.2999878
222,65763,Oak Grove Elementary,Tulare,KK-08,2214,242.5,10.59319973,46.05039978,721,5729.904297,43.22999954,0.0,637.7999878,701.0999756
96,71811,Cascade Union Elementary,San Diego,KK-08,6272,297.0400085,29.93630028,19.37249947,34,5742.73291,15.96800041,0.854700923,645.7000122,656.2999878
52,65185,Alpine Union Elementary,Tulare,KK-08,285,339.1000061,0.7193999887,3.556900024,70,6567.149414,11.10299969,40.68181992,674.0,630.5
241,70680,Mill Valley Elementary,Tehama,KK-08,7710,239.3999939,3.084199905,21.78030014,50,4359.520996,10.52099991,0.0,642.5999756,647.5
317,68981,Goleta Union Elementary,Santa Cruz,KK-08,129,295.0499878,27.26140022,25.55960083,445,5267.831055,19.58963585,2.395209789,628.4000244,661.9000244
323,67975,Garvey Elementary,Monterey,KK-08,297,6.400000095,3.669699907,72.8628006,435,5210.724609,49.93899918,16.61744499,642.5,636.7000122
179,70797,Alvina Elementary,Madera,KK-06,4258,30.0,19.90410042,52.39640045,560,6485.166016,10.23966694,18.55837631,654.0999756,655.5
42,72512,Petaluma City Elementary,Marin,KK-08,895,22.39999962,11.20160007,82.13169861,624,6049.495117,11.93799973,2.238806009,623.5999756,629.5
408,72231,Westside Union Elementary,Kern,KK-08,823,10.0,22.22220039,47.12469864,47,5125.433105,13.38599968,0.8515815139,678.5,647.5999756
207,68361,Central Elementary,Humboldt,KK-08,81,13.39000034,35.5625,84.55390167,226,5064.615723,7.40500021,5.485232353,667.0999756,627.0999756
283,66050,Los Gatos Union Elementary,Sonoma,KK-06,1059,9.760000229,6.20690012,15.92990017,95,5700.402344,8.553999901,2.062706232,660.2999878,651.5
255,62539,San Pasqual Union Elementary,Tulare,KK-08,8416,71.5,18.91110039,49.42689896,116,4922.939941,14.46780014,4.727272511,662.7999878,689.2999878
350,63958,Santa Paula Elementary,Marin,KK-08,830,90.40000153,5.482699871,81.50650024,62,4709.054199,20.77000046,28.24791336,635.7000122,671.5999756
5,69815,Pioneer Union Elementary,Kern,KK-08,573,33.18000031,4.207099915,25.37820053,1268,6118.710449,22.05999947,38.78333664,651.7999878,681.0999756
257,63461,Washington Colony Elementary,Butte,KK-08,734,80.23999786,16.76300049,12.25809956,290,5627.527832,11.08100033,73.7202301,660.2000122,671.5
377,65193,Nuestro Elementary,Tulare,KK-08,139,8.399999619,25.36689949,70.80639648,216,4720.086426,15.59285736,13.75921345,693.5,666.7999878
101,70300,Palo Verde Union Elementary,Marin,KK-08,181,51.66999817,7.14289999,76.27120209,40,5811.689941,14.07600021,4.629629612,612.7999878,671.2999878
227,67231,Pleasant Valley Elementary,Humboldt,KK-08,140,103.3700027,19.15169907,74.85099792,254,4882.236816,17.62000084,0.0,649.7999878,648.9000244
406,70995,Alview-Dairyland Union Elementary,San Bernardino,KK-08,7661,125.0,34.59420013,12.94120026,1962,4929.393066,19.11700058,0.0,644.2000122,690.0999756
214,68155,Pleasant Valley Elementary,Humboldt,KK-08,1252,30.07999992,10.30949974,81.11650085,113,5201.515625,10.47200012,18.2857132,666.9000244,656.5
172,70839,San Mateo-Foster City Elementary,El Dorado,KK-08,5068,10.88000011,2.507400036,30.6779995,167,4954.019531,10.65600014,0.8936292529,659.7000122,646.5
99,63552,Bella Vista Elementary,Shasta,KK-08,146,50.0,2.607800007,0.0,223,5933.154297,35.34199905,5.92532444,674.5999756,649.5
293,61945,Brisbane Elementary,Kern,KK-06,235,25.5,3.371999979,0.0,25,5181.57959,18.32600021,9.887005806,665.9000244,658.4000244
216,66167,Sunol Glen Unified,Glenn,KK-08,945,146.3000031,16.2928009,14.8508997,85,4600.606445,10.09799957,28.86370468,619.0999756,643.7999878
62,68726,Rockford  Elementary,Sonoma,KK-06,104,138.0,7.508500099,58.03570175,302,5599.60791,17.82299995,22.69129372,637.7000122,671.7999878
48,69492,Live Oak Elementary,El Dorado,KK-08,108,138.3099976,9.389699936,3.917500019,268,5655.133301,18.63059998,2.444794893,614.9000244,657.5
33,69591,Santa Rosa Elementary,Orange,KK-08,2295,62.06000137,58.75220108,46.12210083,122,5960.464355,16.98662567,12.5,683.0,677.2999878
268,64048,Tipton Elementary,Orange,KK-08,4925,89.0,1.074100018,100.0,37,5016.692383,9.612000465,1.47991538,668.7000122,666.5999756
201,64485,Bellevue Union Elementary,Butte,KK-06,793,407.7000122,28.91570091,55.09389877,169,4862.790527,20.87574959,15.45893669,630.2000122,625.2999878
375,68627,Summerville Elementary,Humboldt,KK-08,1885,138.5,10.91139984,42.44680023,241,5490.654785,8.383999825,56.12552643,675.0,654.5999756
28,66746,Vallecitos Elementary,Humboldt,KK-08,374,277.6700134,11.12639999,66.90650177,25,5532.582031,8.423000336,12.80091667,651.5999756,659.7999878
410,66399,Cucamonga Elementary,Los Angeles,KK-08,3981,93.40000153,10.27779961,20.48189926,145,5482.677246,12.5815773,4.91228056,636.0999756,643.5999756
231,67553,Peninsula Union Elementary,Butte,KK-08,474,98.41999817,13.99110031,77.90969849,59,4704.043945,33.45500183,31.19815636,605.7000122,649.4000244
261,70870,Little Lake City Elementary,Kern,KK-08,3835,105.0,3.793100119,31.08279991,36,5388.17041,8.895999908,3.960396051,620.7000122,682.2000122
289,64501,Cottonwood Union Elementary,San Diego,KK-08,337,65.0,7.98759985,56.29940033,112,4614.251953,7.5,2.437223196,646.0999756,660.0999756
163,69971,Magnolia Union Elementary,Los Angeles,KK-08,878,61.59999847,0.1015999988,100.0,27,5028.561523,38.62857056,4.469892979,658.5,657.0
358,72611,Tulare City Elementary,San Bernardino,KK-08,6373,846.3800049,3.821099997,45.72340012,1338,7593.405762,8.126615524,0.0,648.7999878,630.2000122
139,70482,Cajon Valley Union Elementary,Tulare,KK-08,4142,306.75,13.04300022,40.16389847,1423,4944.092285,7.385000229,2.224824429,656.0999756,651.9000244
63,61523,Kernville Union Elementary,San Mateo,KK-08,354,175.3000031,27.16819954,0.1733999997,40,5724.441895,11.55300045,8.860759735,647.7999878,670.5
136,68965,Pleasant Grove Joint Union Elementary,Siskiyou,KK-08,15228,22.5,43.49760056,86.95649719,71,5157.784668,14.18400002,6.260787487,644.5,649.5999756
129,69021,Douglas City Elementary,Siskiyou,KK-08,184,22.0,36.94509888,59.0603981,72,6489.928711,23.80609894,0.4819277227,666.0999756,663.4000244
9,69278,San Carlos Elementary,Marin,KK-08,383,620.3800049,17.44260025,32.12440109,51,5144.549316,25.4873333,0.0,640.2000122,649.5999756
65,70730,Lake Elementary,Kern,KK-08,189,13.0,10.42940044,24.60350037,70,6107.106445,18.79899979,24.25728989,654.5999756,630.5
301,71084,Sonora Elementary,Los Angeles,KK-08,244,43.5,22.2826004,92.19529724,25,4776.336426,18.54422188,2.050405741,655.4000244,642.2000122
15,62042,Palermo Union Elementary,San Luis Obispo,KK-06,433,46.97000122,13.22719955,47.30540085,0,5225.719238,8.279000282,41.46341324,659.4000244,646.0
157,71829,Columbine Elementary,Santa Clara,KK-08,157,10.92000008,11.39599991,51.77090073,284,5324.228027,16.27199936,43.4949379,611.9000244,650.0
41,70847,Jamul-Dulzura Union Elementary,Orange,KK-06,5620,73.30000305,25.4144001,19.53000069,103,5158.791992,17.33200073,2.469135761,638.0,636.9000244
398,63974,Ophir Elementary,Santa Clara,KK-08,222,103.0,8.333299637,55.28549957,934,5621.456055,16.32099915,49.81398773,627.7999878,630.7000122
342,70045,Oak View Union Elementary,Sacramento,KK-08,1789,232.9700012,21.49860001,36.6371994,170,6196.694824,9.597999573,17.00364685,658.0,640.2000122
217,63792,Merced River Union Elementary,Kern,KK-08,474,139.4700012,3.125,21.08919907,39,5146.78418,9.630000114,4.814216614,630.4000244,676.2000122
280,71852,Wasco Union Elementary,Sonoma,KK-08,847,186.1000061,19.77890015,11.18179989,345,4733.746582,16.32299995,31.20415497,649.7000122,641.0999756
381,62703,Pleasant Valley Joint Union Elementary,Los Angeles,KK-08,1354,95.0,37.22689819,78.42700195,419,4565.746094,14.19699955,16.9911499,669.4000244,644.0999756
237,69765,Soledad Unified,Santa Clara,KK-08,5804,103.6800003,32.38100052,66.25509644,107,5329.002441,14.86699963,13.98692894,652.0999756,690.2999878
208,69450,Exeter Union Elementary,Placer,KK-08,2617,6.75,12.50640011,18.49410057,38,7614.379395,10.6024704,32.39436722,651.9000244,670.2000122
213,69195,Richmond Elementary,Sacramento,KK-06,5714,37.74000168,4.895100117,24.74710083,24,5486.382324,7.763999939,0.1164144352,619.9000244,632.5
296,66407,Richfield Elementary,Stanislaus,KK-08,4153,766.6500244,8.151499748,23.05480003,144,4789.309082,14.59766674,5.005624294,656.2999878,660.5999756
384,69252,Turlock Joint Elementary,Tulare,KK-08,239,136.8300018,26.43479919,15.51280022,36,5034.290039,18.72599983,2.773155928,637.7000122,665.2999878
252,72538,Fairfax Elementary,Los Angeles,KK-08,2458,5.0,12.31879997,32.48300171,85,5156.437012,17.43519974,12.34567928,693.2999878,656.4000244
411,75051,Kentfield Elementary,Fresno,KK-08,223,22.0,2.516700029,29.86429977,122,6870.346191,21.09575081,55.96221542,651.4000244,659.2999878
385,65862,Alta-Dutch Flat Union Elementary,Inyo,KK-08,133,41.15000153,15.57380009,15.6559,286,4543.305176,14.57800007,8.726226807,654.0999756,661.9000244
304,72298,Woodlake Union Elementary,Fresno,KK-08,3129,29.64999962,5.537499905,67.71299744,82,5205.941895,10.67599964,13.25301266,645.0,627.5999756
270,61879,Taft City Elementary,Kern,KK-06,1940,142.5500031,10.69120026,25.3071003,96,6306.487305,11.83399963,7.321537495,676.7999878,649.2000122
202,69732,Anaheim Elementary,San Diego,KK-08,1862,20.45000076,12.27910042,67.44470215,296,6087.608887,10.33300018,0.0,650.7999878,661.2999878
162,68056,Menlo Park City Elementary,Santa Clara,KK-08,9328,17.5,0.6452000141,27.35449982,48,5566.467773,14.09766674,1.369193196,680.0,650.5999756
44,71621,Ready Springs Union Elementary,Siskiyou,KK-08,21338,14.0,3.225800037,25.42959976,165,5331.920898,21.11050034,6.422018051,636.2999878,658.7999878
218,68973,Guadalupe Union Elementary,Humboldt,KK-08,2019,55.0,19.46310043,14.26599979,48,6538.417969,25.06299973,0.2685284615,679.7999878,660.4000244
191,70979,Oxnard Elementary,Santa Clara,KK-08,499,90.5,10.53429985,65.38279724,190,5433.339844,9.428894997,2.266288996,693.7999878,661.2999878
310,70425,Pollock Pines Elementary,Shasta,KK-08,198,11.11999989,3.729799986,15.20979977,100,4838.175293,14.18000031,58.08103561,672.7000122,642.2999878
260,63420,Adelanto Elementary,Santa Cruz,KK-06,3272,52.63999939,18.79999924,43.21649933,496,7542.038086,22.47299957,0.3264417946,695.0999756,639.4000244
106,66795,Kit Carson Union Elementary,Kings,KK-08,141,449.9200134,2.694099903,31.01889992,622,5211.485352,9.664999962,0.06333122402,680.5,624.4000244
54,64063,Alexander Valley Union Elementary,San Benito,KK-08,324,19.0,8.275899887,50.0,28,5105.179688,15.02700043,0.7518796921,644.2999878,694.9000244
2,66142,Campbell Union Elementary,Sonoma,KK-08,2528,11.14999962,16.5279007,41.05459976,65,5392.638672,14.07400036,16.17171478,638.4000244,627.7999878
50,64857,San Antonio Union Elementary,Orange,KK-08,4734,6.909999847,22.15780067,62.13019943,105,4138.305664,12.66989994,2.187120438,679.0,645.7999878
81,69161,Buena Vista Elementary,Sonoma,KK-08,2601,20.0,3.335000038,32.6086998,313,5036.211426,7.105000019,16.21052551,659.0999756,675.7000122
206,71787,Fort Jones Union Elementary,Marin,KK-08,220,114.5,26.62680054,47.70249939,24,5132.788574,12.74914265,0.21691975,662.0999756,680.7999878
35,64717,Soquel Elementary,Sonoma,KK-08,1550,75.08000183,20.86330032,1.898699999,855,4718.163086,11.26612473,0.0,636.2000122,655.9000244
264,67397,Pleasant View Elementary,Kern,KK-08,6055,112.6500015,2.648999929,66.85079956,316,5467.673828,14.19699955,12.53731441,660.0,645.7000122
92,63834,Santa Maria-Bonita Elementary,Mendocino,KK-08,9775,30.97999954,15.45950031,67.75180054,78,4981.387695,12.50199986,12.68017483,681.0,688.2000122
340,70813,Kings River Union Elementary,Shasta,KK-08,9028,268.0,6.018700123,20.0,85,5486.029785,12.54988289,4.285714626,651.5999756,666.0
53,62745,Washington Union Elementary,Imperial,KK-08,6257,487.9700012,7.664199829,84.73139954,1306,4974.28125,11.11600018,45.10869598,666.7999878,653.5
346,64766,Le Grand Union Elementary,Nevada,KK-08,586,108.9599991,10.58819962,29.19869995,658,5519.677246,16.27199936,1.937984467,660.7999878,680.2000122
265,61572,Ontario-Montclair Elementary,San Mateo,KK-08,144,27.0,36.47539902,82.39260101,669,4941.787598,14.06200027,35.46537018,673.7999878,668.2999878
242,72058,East Whittier City Elementary,Marin,KK-08,417,68.65000153,7.241399765,89.69960022,46,5390.118164,20.54599953,4.984348774,663.5,648.2999878
14,68189,San Rafael City Elementary,Nevada,KK-08,158,42.06999969,14.52700043,0.7200000286,129,6210.323242,10.52299976,1.764706016,684.0999756,621.2000122
316,70003,Orange Center Elementary,Siskiyou,KK-08,145,20.10000038,0.8260999918,76.27739716,1015,5072.70459,11.42599964,0.9259259105,700.9000244,674.7000122
89,64345,Solvang Elementary,Los Angeles,KK-08,1358,224.5,2.829699993,62.50389862,439,5609.487793,11.11600018,5.382436275,684.5,621.0
274,69914,Johnstonville Elementary,Los Angeles,KK-08,4928,444.5,9.259300232,79.72550201,25,4969.380859,11.61333275,70.01153564,657.7999878,671.5999756
167,66696,South Whittier Elementary,San Diego,KK-08,164,47.95999908,16.5394001,2.435899973,206,5133.827148,10.03499985,15.85902977,644.7999878,647.7000122
329,72348,Chatom Union Elementary,Humboldt,KK-08,576,36.0,14.41399956,2.792099953,19,5589.885254,11.66499996,30.14888382,668.2999878,669.7000122
414,71266,Lemoore Union Elementary,Madera,KK-06,168,6.0,7.85710001,58.54539871,87,5156.856934,14.62300014,9.62441349,652.5999756,652.5999756
135,67587,Manzanita Elementary,San Joaquin,KK-08,150,47.90000153,17.70260048,6.535299778,1435,5257.996582,12.07699966,0.1416430622,630.2999878,651.2999878
307,68197,Wright Elementary,Humboldt,KK-08,1068,18.67000008,11.25,66.94920349,113,5342.233398,13.63000011,1.158301115,637.2999878,639.5999756
404,62356,Luther Burbank Elementary,Santa Clara,KK-06,1255,14.0,2.242199898,36.88999939,50,4559.176758,18.02955437,0.540540576,688.5,642.7000122
320,67967,Lennox Elementary,Merced,KK-08,475,46.0,7.063899994,54.10960007,202,4960.515625,13.46700001,22.84569168,644.2999878,620.4000244
244,61846,Hawthorne Elementary,Calaveras,KK-08,515,102.7799988,14.22119999,2.040800095,800,4715.445801,11.59200001,0.1329787225,652.5,650.7999878
55,65425,Bonsall Union Elementary,Fresno,KK-06,727,5.0,2.032799959,80.9756012,308,5204.6875,15.16699982,4.464285851,657.5999756,629.7999878
364,72199,El Centro Elementary,Kern,KK-08,175,318.5799866,14.70940018,18.38780022,1507,5193.692383,11.23799992,80.1232605,671.0,683.7000122
51,65318,Blue Lake Union Elementary,Sonoma,KK-08,103,130.5,8.979599953,3.621999979,58,5139.9375,11.11600018,3.593908548,626.5,655.7000122
175,66530,Centralia Elementary,San Joaquin,KK-08,275,25.5,8.888899803,35.26789856,1120,5431.177246,7.5,30.07915688,641.4000244,661.2999878
190,65771,Hermosa Beach City Elementary,Los Angeles,KK-08,2141,35.5,7.805799961,23.6420002,140,5098.626953,18.31987572,6.405846596,653.0,673.4000244
418,66852,Romoland Elementary,Lassen,KK-08,18255,8.0,0.5367000103,4.040400028,112,5279.354004,15.74991703,39.57446671,671.2999878,629.5999756
188,70805,Mountain Elementary,Glenn,KK-08,1335,39.0,10.17879963,83.15789795,60,5693.883301,15.68465424,5.943536282,644.2999878,638.7000122
170,63180,Oak Grove Union Elementary,Riverside,KK-08,156,26.34000015,5.033899784,88.03489685,36,6732.066406,13.24800014,14.23616886,654.9000244,631.5
59,64816,Shaffer Union Elementary,Sonoma,KK-08,2903,236.5800018,1.941699982,37.04560089,259,5306.132813,13.71199989,33.28894806,656.5999756,619.2999878
49,63032,Lakeside Union Elementary,Merced,KK-06,160,332.8399963,6.808499813,68.82350159,65,4884.862305,14.65299988,36.92946243,677.5999756,687.4000244
345,69138,Old Adobe Union Elementary,Lassen,KK-08,4340,18.45000076,4.34070015,48.87889862,411,5117.039551,9.630000114,31.07257843,628.5,682.2999878
236,61762,Lowell Joint Elementary,Lassen,KK-08,3005,83.40000153,2.916100025,72.14289856,313,5442.143066,6.577000141,36.0251236,633.2000122,661.7000122
253,71563,Saratoga Union Elementary,Tulare,KK-08,412,27.35000038,10.41189957,94.623703,75,4675.674805,7.385000229,13.73626423,692.2000122,647.7000122
22,69211,Union Elementary,Sonoma,KK-08,11474,87.13999939,6.798500061,8.673100471,265,5429.473633,11.83399963,0.0,664.9000244,648.2000122
314,69013,Lakeside Union Elementary,Fresno,KK-08,27176,24.39999962,9.837900162,51.24209976,404,5859.964844,27.47521591,7.589285851,621.0999756,661.7999878
161,67595,Dunham Elementary,Kern,KK-08,10625,88.55000305,18.44379997,19.00919914,30,4451.256836,11.23799992,0.0,669.7999878,658.2999878
277,71308,Rescue Union Elementary,Kern,KK-08,400,21.0,29.23830032,70.89569855,560,4965.808105,7.331999779,5.524553776,662.0,637.9000244
192,62893,Orinda Union Elementary,Placer,KK-08,3518,924.5700073,7.623099804,13.36919975,1295,5635.786133,16.65411186,8.639705658,680.7999878,657.9000244
386,70094,Woodville Elementary,Merced,KK-08,2409,708.8300171,4.049300194,30.17239952,216,5119.158203,7.304999828,3.678797483,655.4000244,652.7000122
294,71431,Sundale Union Elementary,Ventura,KK-08,984,303.0299988,9.302300453,39.03680038,706,4615.908691,10.3380003,9.375,642.7000122,638.2000122
344,64832,Robla Elementary,Santa Barbara,KK-08,2707,209.8399963,5.982299805,12.57409954,143,5373.206543,20.73905563,58.21665573,653.4000244,672.2000122
258,67819,Pond Union Elementary,Stanislaus,KK-08,11629,201.0,21.76469994,40.5646019,28,4924.619141,15.16699982,9.554140091,666.2000122,616.0
309,66373,Scotia Union Elementary,Sonoma,KK-08,1639,8.5,16.81609917,72.18540192,30,5427.548828,11.33250046,80.42008972,661.2999878,674.2000122
150,72033,Briggs Elementary,Santa Barbara,KK-08,449,227.8500061,13.25300026,10.41419983,165,5245.439941,10.09799957,20.53388023,674.5999756,659.4000244
131,70896,Pacheco Union Elementary,Fresno,KK-08,865,46.65999985,2.024300098,58.53310013,300,5456.197266,7.385000229,3.315881252,623.0,644.5
152,70789,Hanford Elementary,Sonoma,KK-08,8935,37.0,13.37580013,14.0369997,2001,6723.237793,7.021999836,9.871495247,645.2999878,644.0999756
360,62679,Menifee Union Elementary,Sacramento,KK-08,8432,66.56999969,13.75,68.39640045,1058,4840.936035,19.02599907,0.0,633.2000122,651.2000122
100,72744,Mountain Union Elementary,Nevada,KK-06,6518,408.2000122,3.004600048,31.3708992,930,5629.961426,14.18000031,6.47481966,667.7000122,673.2000122
373,75085,Lafayette Elementary,Santa Clara,KK-08,501,33.5,6.725699902,59.72219849,67,4700.432129,20.0890007,22.71773338,676.0999756,679.2999878
88,71696,Santee Elementary,Kern,KK-08,2987,5.0,7.178800106,21.26869965,343,5730.349121,12.43133259,68.71794891,655.0999756,669.5
331,66845,New Jerusalem Elementary,Tulare,KK-08,11885,10.0,28.84729958,34.07889938,45,5254.631836,14.47500038,40.27592087,625.4000244,674.5999756
215,64105,Gerber Union Elementary,Tehama,KK-08,2045,11.5,37.4367981,36.1344986,18,5081.169922,15.16699982,58.90736389,673.2999878,669.2999878
122,68205,Guerneville Elementary,Santa Clara,KK-06,3074,8.0,21.9958992,29.83869934,40,4631.243652,25.03000069,17.72575188,634.2000122,620.5999756
420,62554,Las Lomitas Elementary,San Diego,KK-06,476,107.2099991,1.049299955,0.59799999,50,4819.903809,22.86333466,6.967213154,649.4000244,641.4000244
21,63594,Pacific Union Elementary,San Diego,KK-08,188,70.5,20.96660042,19.5685997,29,5280.023438,15.57199955,0.2223869562,673.0999756,656.9000244
189,66191,Wilsona Elementary,San Diego,KK-08,92,159.2200012,1.924200058,76.79319763,73,6500.449707,15.13099957,0.8532423377,628.9000244,647.2999878
72,63750,Ballard Elementary,Tulare,KK-08,499,65.21250153,1.582299948,57.07220078,403,4897.067871,12.70800018,39.07563019,663.7000122,644.5999756
107,69336,Rio Elementary,Los Angeles,KK-08,564,89.08999634,12.72729969,32.68610001,100,4886.983887,13.52233315,0.0,627.9000244,656.7000122
271,70599,Jamestown Elementary,Monterey,KK-08,118,65.90000153,5.373799801,64.78869629,250,4818.612793,15.38099957,1.37488544,685.7000122,653.7000122
349,63693,Antelope Elementary,Kern,KK-08,158,74.5,28.0991993,7.859300137,60,5408.781738,12.58425045,3.991130829,663.7000122,681.2999878
103,63941,Forestville Union Elementary,Santa Clara,KK-08,548,10.89999962,20.63489914,29.78120041,196,5337.625488,8.522999763,9.8990345,649.0999756,668.0
