,Coef.,Std.Err.,t,P>|t|,[0.025,0.975]
Intercept,1.4444783304913182,0.27985715741081485,5.16148432241418,3.3494383198857923e-07,0.8948446760646891,1.9941119849179474
C(children)[T.yes],0.013906415014927898,0.08615822427532686,0.16140554348576888,0.8718290683569963,-0.15530655100488275,0.18311938103473854
C(gender)[T.male],0.03135239293199561,0.0739290662096175,0.42408750089037306,0.6716560571963565,-0.11384276021354987,0.17654754607754108
age,-0.013846928784539098,0.005564959555866812,-2.4882352954283538,0.013111758101980609,-0.024776393965011436,-0.0029174636040667605
years_married,0.04032083144519621,0.010142479698518392,3.9754411784611463,7.893127596509101e-05,0.02040121161763795,0.060240451272754465
religiosity,-0.12022592617648331,0.02748854395430915,-4.373673861239074,1.443612214901545e-05,-0.17421285653858704,-0.06623899581437959
education,0.004790385702781291,0.0157796570666834,0.30357983589488385,0.7615546768809011,-0.026200533591194994,0.03578130499675758
occupation,0.02177790077124035,0.02186756272317192,0.9958997738766489,0.31970572873669895,-0.021169539001747357,0.06472534054422806
marriage_rating,-0.18356328611384637,0.029525210527854357,-6.2171711168891095,9.561921922758131e-10,-0.24155018739691161,-0.12557638483078112
