feature1,feature2,feature3,feature4,feature5,feature6,feature7,feature8,feature9,feature10,feature11,feature12,feature13,feature14
40,1996,Sandy,6.777778,909,1,4,8,4180.0,14.0,MWR,2.21875,120,21340
22,1952,Humberto,1.388889,937,1,2,5,700.0,28.0,MWR,8.3125,115,74
55,1959,Ginger,1.833333,960,1,3,3,12620.0,2.0,MWR,9.625,85,500
72,1964,Bob,6.0,968,0,3,1,,8.0,MWR,7.65625,120,21375
0,2004,Hazel,9.166667,965,1,3,3,51.0,11.0,MWR,1.875,120,39
26,1989,Betsy,1.055556,946,1,1,37,53270.0,15.0,MWR,8.71875,115,910
39,1985,Danny,9.055556,951,0,3,7,15850.0,50.0,MWR,8.625,120,3520
67,2007,Charley,3.833333,964,1,2,4,130.0,9.0,MWR,2.03125,120,7270
10,1956,Fran,10.444445,946,0,3,1,570.0,61.0,MWR,7.0625,105,18
44,2003,Florence,9.833333,975,1,1,1,35.0,57.0,MWR,8.9375,120,17250
83,1955,Bob,1.666667,995,1,3,2,250.0,28.0,MWR,9.25,120,2400
35,1976,Charley,2.388889,987,0,1,256,200.0,60.0,MWR,6.03125,80,88420
90,1979,Allen,9.166667,979,1,1,159,510.0,63.0,MWR,5.40625,85,3070
62,1950,Cindy,8.333333,987,1,1,3,4.0,5.0,MWR,7.03125,150,22650
12,1999,Inez,8.277778,949,0,1,3,58.0,8.0,MWR,2.0,105,2270
4,1958,Belle,2.222222,980,1,1,5,5.0,14.0,MWR,6.21875,90,4020
18,1954,Dennis,9.444444,950,1,2,6,730.0,22.0,MWR,2.21875,75,22690
28,1950,Beulah,5.944444,990,1,1,62,2030.0,,MWR,2.0625,85,810
49,1988,Bonnie,10.0,948,0,1,4,20430.0,21.0,MWR,3.375,85,7580
65,1985,Celia,8.777778,984,0,2,3,4980.0,9.0,MWR,2.90625,105,2930
15,1971,Carol,9.888889,959,1,1,8,7110.0,16.0,MWR,7.875,75,4230
68,1957,Cindy,7.944444,962,1,3,3,290.0,8.0,MWR,8.4375,75,9200
78,1989,Gloria,9.5,962,0,1,0,1.0,9.0,uri,8.21875,190,100
30,2008,Dolly,9.277778,971,1,1,3,430.0,9.0,MWR,10.03125,90,29330
33,2003,Georges,9.944444,984,1,2,75,16260.0,54.0,MWR,7.9375,105,580
11,2005,Wilma,9.333333,980,1,2,15,,30.0,MWR,7.0625,85,24590
66,1995,Floyd,9.444444,985,1,3,5,20510.0,5.0,MWR,9.21875,170,1730
69,1984,Ike,9.277778,964,1,1,0,2650.0,58.0,MWR,7.90625,85,1
31,2005,Gaston,8.5,966,1,3,0,20370.0,15.0,MWR,9.0,85,6
77,1955,Florence,9.055556,967,0,1,26,66.0,9.0,MWR,7.125,105,280
9,2005,Floyd,8.5,982,1,1,10,1260.0,42.0,MWR,2.40625,105,3100
70,1980,Babe,9.388889,956,0,3,1833,1310.0,54.0,MWR,8.9375,120,170
5,1963,Rita,8.111111,987,0,1,1,25960.0,5.0,MWR,7.65625,105,870
42,1959,Easy,8.333333,993,1,1,13,70.0,47.0,MWR,9.53125,105,260
47,2011,Elena,8.944444,942,1,1,51,500.0,10.0,MWR,1.875,105,7020
16,1998,Alma,2.333333,990,1,4,10,800.0,49.0,MWR,2.0,120,7660
45,1977,Isaac,6.888889,954,1,1,1,3620.0,44.0,uri,8.3125,85,340
34,1965,Fern,9.833333,986,0,1,0,14730.0,42.0,MWR,2.78125,105,6030
7,1954,Bret,9.5,952,0,1,21,5350.0,29.0,MWR,9.59375,125,4600
80,2008,Jeanne,2.888889,945,1,2,8,2700.0,8.0,MWR,8.65625,120,28500
27,1964,David,9.666667,950,1,3,84,91.0,1.0,MWR,8.5625,100,1480
19,1961,Gladys,1.888889,955,1,4,3,2130.0,34.0,MWR,2.96875,75,65
76,1989,Gracie,7.277778,982,1,3,20,20020.0,28.0,MWR,2.40625,115,180
25,2005,Danny,1.666667,987,1,3,5,410.0,18.0,MWR,9.1875,80,570
53,1971,Ethel,8.833333,1002,1,1,1,6190.0,28.0,MWR,2.0,80,2450
13,2004,Helene,9.0,934,1,1,1,58.0,8.0,MWR,2.90625,120,100
24,1967,Alicia,9.388889,987,1,1,3,540.0,49.0,MWR,9.34375,120,5760
3,1955,Dora,2.5,983,1,1,0,7550.0,15.0,MWR,1.59375,75,5610
17,2005,Emily,9.722222,938,0,5,15,5060.0,63.0,WIKI (http://en.wikipedia.org/wiki/Hurricane_Celia),2.40625,145,62030
38,2004,Diana,9.388889,963,1,4,2,20000.0,27.0,MWR,1.5625,75,18130
8,2008,Edna,9.277778,958,0,2,3,800.0,49.0,MWR,8.0,115,1910
73,1966,Ione,1.666667,995,1,3,50,1650.0,59.0,MWR,7.65625,105,150
6,2012,Agnes,7.166667,983,0,2,200,24260.0,55.0,MWR,4.0,105,11280
89,1969,Alex,9.888889,935,0,3,1,160.0,36.0,MWR,8.8125,75,12180
36,1966,Frederic,1.944444,945,0,2,117,230.0,58.0,MWR,9.21875,90,9610
87,1983,Connie,2.666667,941,0,1,7,24000.0,28.0,MWR,7.875,100,610
56,1979,Juan,1.722222,946,1,4,22,1650.0,17.0,MWR,4.0,80,18540
93,1999,Hugo,7.0,957,1,3,5,94.0,60.0,MWR,1.71875,120,370
54,1953,Diane,2.666667,954,1,3,5,66730.0,53.0,MWR,10.0625,80,4800
43,1999,Opal,9.944444,991,1,3,5,23040.0,24.0,MWR,8.53125,85,66
50,1987,Irene,8.555556,960,1,1,3,1590.0,43.0,MWR,8.28125,85,200
75,1979,Flossy,8.5,981,1,1,21,6.0,26.0,MWR,9.46875,120,490
46,2002,Able,9.833333,945,1,3,5,160.0,41.0,MWR,8.5625,110,14350
64,1964,Audrey,1.722222,930,0,2,1,75000.0,24.0,MWR,6.71875,80,930
61,1995,Bertha,9.944444,974,0,1,8,6200.0,18.0,MWR,8.4375,145,220
91,1954,Ivan,1.888889,974,1,2,1,1110.0,59.0,MWR,9.25,110,75260
84,1968,Camille,8.5,960,1,3,0,96.0,17.0,MWR,1.78125,90,110
41,1986,Claudette,8.944444,984,1,3,15,10210.0,52.0,MWR,8.875,85,6990
58,1985,Kate,9.46875,977,1,3,3,350.0,1.0,MWR,8.71875,85,3340
48,2004,Bonnie,2.888889,955,1,2,0,6870.0,9.0,MWR,2.09375,120,5230
81,1993,Donna,1.944444,952,1,2,1,10690.0,25.0,MWR,8.4375,85,12000
57,1971,Erin,8.611111,985,1,1,25,300.0,34.0,MWR,7.625,85,8600
32,1985,Lili,8.722222,942,1,1,9,18590.0,48.0,MWR,7.21875,115,55
88,1975,Carla,2.888889,946,0,4,6,8260.0,28.0,MWR,2.09375,80,1870
59,1953,Edith,8.333333,985,0,2,41,12770.0,34.0,MWR,6.46875,130,6
63,2005,Frances,8.666667,920,0,3,2,4730.0,42.0,MWR,1.71875,85,23070
79,2004,Isabel,8.59375,945,0,3,22,300.0,47.0,MWR,9.125,110,330
37,1972,Eloise,2.444444,922,0,2,56,10400.0,59.0,MWR,6.34375,105,1610
29,1997,Debra,8.5,950,0,2,0,6450.0,58.0,MWR,7.90625,145,20640
1,2004,King,2.222222,986,1,2,62,3230.0,33.0,MWR,7.78125,115,4290
52,1985,Jerry,10.333333,978,1,1,20,99.0,8.0,MWR,4.0625,120,52270
21,1974,Katrina,2.333333,979,0,2,3,1180.0,46.0,http://www.nhc.noaa.gov/pdf/NWS-TPC-5.pdf,8.625,120,1260
2,2012,Irene,1.833333,963,1,3,15,170.0,39.0,MWR,2.90625,75,170
23,1970,Earl,9.888889,985,1,5,52,3870.0,38.0,MWR,8.375,105,1310
85,1998,Hilda,2.222222,950,0,3,21,1430.0,45.0,MWR,8.875,120,4
74,1992,Chantal,9.777778,950,0,1,46,150.0,20.0,MWR,8.59375,85,230
86,1960,Isbell,2.277778,960,1,1,12,19321.0,6.0,MWR,1.71875,85,620
82,1986,Gustav,8.722222,972,1,2,60,2770.0,37.0,MWR,9.1875,145,320
20,1960,Ophelia,9.5,931,1,3,0,4360.0,27.0,MWR,7.375,140,1850
60,1991,Barbara,7.222222,996,1,3,416,8130.0,49.0,MWR,7.65625,115,25070
71,1964,Andrew,7.388889,962,1,2,1,15.0,53.0,MWR,7.125,105,1380
14,1985,Bob,9.833333,970,1,1,15,200.0,14.0,MWR,9.78125,120,78
92,1996,Carmen,9.444444,951,1,1,0,1540.0,10.0,MWR,8.875,85,110
51,1998,Cleo,4.166666,973,1,3,2,3020.0,24.0,MWR,7.15625,115,14820
