perturbation,inner_key,run_i,run_j,overall_similarity,Independent Variables Similarity Score,Control Variables Similarity Score,Response Variables Similarity Score,Model Similarity Score,conclusions
add_features_output,0_3,0,3,4.2,4,4,5,4,4
add_features_output,3_4,3,4,4.2,4,4,5,4,4
anonymize_output,0_1,0,1,3.6,4,4,5,4,1
anonymize_output,1_2,1,2,3.6,4,4,5,4,1
noperturb_output,3_4,3,4,4.2,4,4,5,4,4
replace_with_rvs_output,1_2,1,2,3.6,4,4,5,4,1
shuffle_names_output,0_1,0,1,3.8,5,4,5,4,1
shuffle_names_output,0_2,0,2,3.8,5,4,5,4,1
shuffle_names_output,1_2,1,2,3.8,5,4,5,4,1
