ind,year,name,masfem,min,gender_mf,category,alldeaths,ndam,elapsedyrs,source,masfem_mturk,wind,ndam15
79,1970,Bonnie,6.289494080277839,934,0,5,1014,46760.24178049061,45.43914988623747,MWR,6.1752377225492605,167,17789
33,1988,Isaac,3.4117042688614907,988,0,1,183,31775.65401432454,-9.305300662924296,MWR,3.993155665583579,131,16348
54,1952,Debra,12.307849557041363,947,0,3,1322,46573.805075841476,31.516112900234766,MWR,3.5988617159407954,132,43415
57,2001,Irene,4.267600979381643,930,0,4,1571,45197.0261925589,49.62277161797863,MWR,6.519473430127411,176,63226
65,1982,Emily,5.106701031837505,939,0,5,478,22566.3998218695,15.12833856893269,MWR,6.837090085894326,118,88181
19,1973,Cleo,1.710694063930021,964,1,3,1560,25734.102152658983,21.998562079245303,MWR,1.1405121356632417,108,78172
40,1958,Dennis,4.633570021526789,951,0,4,287,48360.65425695939,48.692092745839105,MWR,-4.091787040934724,143,55211
30,1998,Wilma,3.8998561226149824,978,0,1,649,35989.8928696247,56.679783619838304,MWR,-4.2029132650281,167,80173
81,1996,Isabel,9.271308112227446,996,0,1,1438,29397.740585909425,-8.033000118354984,MWR,8.168742098052961,100,87191
86,1987,Isabel,2.8239741288490348,995,1,3,786,16460.832569034555,39.56126991668305,MWR,3.6178831348654787,119,7883
67,1990,Humberto,2.294983134184726,955,1,2,1772,21038.324947067973,59.057786332210775,MWR,2.0691086982321485,175,36460
61,2006,Isbell,6.412039953890263,961,1,2,1161,47829.62107824481,4.695266450132976,MWR,0.16185564262768715,124,67103
42,1967,Able,9.409038550974486,930,0,3,611,40015.95297198399,58.45832559590641,MWR,6.582649372927065,87,49658
43,1956,Dora,5.390148466214066,972,0,5,156,91307.94885518707,11.864025893418184,MWR,1.3636060246755752,142,71500
4,1994,Charley,2.2070507516194255,985,0,5,618,43755.16216913947,21.41251406181479,MWR,5.395298673913217,96,60551
64,2010,King,8.63795933400408,916,1,1,337,27741.869543530833,23.650778338759228,MWR,3.2723367393443756,168,58711
70,1976,Humberto,1.9345543057319001,934,1,5,673,24581.217086539356,21.25698510669154,MWR,3.0258266889995413,179,65956
7,1994,Camille,2.9526825184447496,965,0,2,1445,29005.13895319451,38.8882082438091,MWR,5.441227797318167,80,27505
15,1959,Belle,2.068628563695995,959,0,2,1247,42514.757597140124,44.83646717029208,MWR,1.9864074902011377,135,12193
32,1987,King,9.624407707969155,919,1,5,227,42599.21612405717,29.6907030273761,MWR,7.097742598911988,182,6666
81,1963,Bertha,5.036811400160164,999,1,4,1817,33449.38369806592,9.678587306965753,MWR,7.34212276991401,86,26546
1,1992,Andrew,0.437909087451934,958,1,4,340,49752.03254630466,25.68897789827225,MWR,-0.3313143649879251,137,5295
4,2007,Cleo,3.550576913673285,942,0,3,495,6292.678465730474,28.076864241865607,MWR,3.3891524904066723,142,47336
63,1977,Fern,3.0506741055622157,955,0,1,872,41212.95969284952,58.862108471224914,MWR,2.4835096953287943,186,26148
84,1978,Alex,4.0663651068360425,981,1,5,90,37559.64751727722,22.381452116722173,MWR,2.2428986680805103,147,54378
83,1978,Jerry,-0.08437866967748864,923,0,4,1450,32024.364882748585,40.5257249933424,MWR,5.000121609650514,159,14168
27,1999,Dora,4.895953656106098,910,1,4,1734,47204.666876571544,25.8205909901785,MWR,7.578205335208272,101,35338
43,2003,Dolly,2.5582535601097542,943,0,5,1719,41513.00014365125,64.68063267722289,MWR,4.4903203775338945,121,15706
16,2003,Gloria,4.493792834621837,997,0,3,1097,25755.05328775293,21.26501588457706,MWR,4.739445654442882,148,40072
38,1967,Ike,6.304471312004158,913,0,3,1531,34591.699078882826,33.055554223693,MWR,10.303604270418838,77,81651
3,2005,Bob,-0.33521173166508245,929,0,5,1596,1157.2422401388976,66.89859369798484,MWR,5.79771367844077,104,21594
72,1984,Frederic,3.6655265006841127,937,1,4,1142,18600.542310080356,25.19686584044625,MWR,4.435463477405977,103,6781
17,1975,Irene,5.901372390464061,996,1,4,1730,18252.097220251344,37.43721889422263,MWR,3.6637370349464575,108,44349
72,1973,Andrew,12.297821757990352,915,1,5,1239,5263.208267457245,55.00566432086519,MWR,2.3319335637722975,98,37095
28,1961,Ivan,3.218565418383572,922,1,3,977,38656.97940715229,46.185643033122794,MWR,4.309203909137427,186,53771
2,1967,Debra,9.749192763395085,928,0,5,1407,21637.519011974386,27.869318995974496,MWR,-0.45920144274543606,170,40593
71,1978,Erin,6.41460675412045,943,1,1,741,9759.061682781667,57.71582839075877,MWR,4.71660231665137,118,44670
42,1992,Erin,3.3024922446532976,982,0,4,927,49627.14913618796,35.03796708755403,MWR,3.4839862413529517,152,74078
61,1983,Danny,3.331664582439762,964,0,5,237,58542.93215547905,34.69031302328217,MWR,3.5514622110219225,80,65961
84,1979,Erin,6.361452529346648,961,0,4,536,20987.247952227826,18.99663664122103,MWR,2.166567226667401,140,66759
88,1983,Kate,5.600997048283561,996,1,4,1099,51229.95389228969,9.577827170538662,MWR,1.622185844194716,162,76141
91,1986,Florence,4.5867309369678475,985,0,1,80,44659.553504855205,4.982234983148317,MWR,5.164566487796266,87,81404
75,1967,Bertha,9.26554972432594,988,0,2,402,19734.614027463416,33.804852536470634,MWR,0.22509300231933516,127,14051
38,1950,Able,9.087576846542925,978,0,3,1227,27708.958386992115,45.42911128449195,MWR,7.589571453811011,101,825
50,1992,Kate,-0.3223509810665979,993,0,1,330,39179.0085920598,46.63359263176916,MWR,4.450589321968269,139,68489
87,2004,Edna,4.940801330583165,1001,1,5,553,49468.95861283736,22.810607915438588,MWR,4.476414669262401,177,34546
17,2002,Cleo,6.464616554205538,934,0,5,1397,36403.30398697829,29.733881809099334,MWR,3.582766148035099,169,26826
84,2010,Lili,7.15201039342354,940,0,1,202,24820.07292314909,11.201048483154963,MWR,0.7016843612296748,87,24815
37,1972,Babe,0.8766239433897307,985,0,3,659,28160.744710839434,31.57372737375723,MWR,3.946092410681778,93,50549
5,1983,Ethel,4.186386716722845,945,1,3,172,32875.740243269734,31.76171575536531,MWR,5.064280883496992,143,50641
40,1950,Barbara,3.3212668312832108,928,0,3,1213,41548.177052273946,13.718863672660735,MWR,1.3223907195892268,166,31490
7,1997,Dolly,11.260096936156092,912,1,3,801,30837.13202229188,27.504273970465515,MWR,2.312122695446859,76,22633
52,1974,Andrew,3.194847783876468,988,1,1,1751,39969.78076117632,6.745249836875875,MWR,1.1860753676279518,85,66639
56,1965,Helene,8.186383185662391,982,0,1,1470,25547.705945553575,36.5889795659514,MWR,3.151827901343581,96,36577
0,1992,Connie,8.166532805345867,916,1,1,1656,8733.95720212072,9.419438373379357,MWR,8.417241562848293,96,525
91,2005,Gustav,2.986223273798749,939,1,2,532,52927.83321986096,20.61614831552708,MWR,5.264352329074793,143,9019
70,2009,Charley,8.725648632322068,935,0,4,6,56178.88920999447,28.63867526152649,MWR,1.3935629020616518,86,138
92,1971,King,5.717615782259207,999,1,3,1364,36395.24541526535,25.869262273192447,MWR,4.917279168396838,129,26942
68,1982,Katrina,7.347456337249073,919,1,5,949,26006.27488431275,28.605742100916643,uri,4.117209002021105,97,41132
3,2010,Irene,5.940357912705936,967,0,1,1418,34038.94354960865,53.066203518814746,MWR,-0.36017467115131563,167,7641
50,2005,Andrew,12.446479113334911,972,1,3,1695,60316.82870734471,-7.964690959449754,MWR,1.8689477835244013,124,33945
40,1991,Floyd,5.842915749180296,976,0,1,223,29940.628332790126,40.879022773729794,MWR,10.22124799119046,185,34796
9,1988,Alicia,3.7818278840012844,978,1,4,1462,29781.625461984047,22.691780876023458,MWR,0.06547950831811011,175,71850
28,1973,Hazel,2.461809372044308,928,1,1,1050,26662.059439500357,30.515009912880423,MWR,3.545872681961304,78,56277
80,1959,Danny,3.643724419540321,915,1,3,1493,29623.92291767151,23.33334694199889,MWR,5.154918431861013,149,54710
29,1967,Agnes,4.510115718398687,1001,1,2,109,49072.84648099162,16.111319163375114,MWR,8.112996563735551,159,30285
42,1961,Frances,2.4518168041941264,950,0,5,136,51741.09729651058,40.548459095104,MWR,-1.7585097348290688,144,62298
91,1992,Jeanne,7.193719139572968,911,1,3,1372,11828.884347745116,18.073769707440263,MWR,2.451192934471071,93,6989
29,1997,Carmen,7.851897883140836,934,0,3,742,42708.481870567,13.235376920569031,MWR,3.7002120458145296,101,54095
56,1955,Juan,1.0376127655879661,998,0,2,267,26122.725217962397,23.975604221796818,MWR,1.9607250702090524,142,74815
36,1963,Barbara,2.41246445516231,996,1,3,1318,28680.43990214979,43.6627136683926,MWR,4.581528586559466,164,3185
62,2012,King,6.06698676566863,915,0,1,1288,27351.112010703273,48.525411147859586,MWR,-0.49021214151790726,167,8216
33,1974,Carol,-0.3818481040904729,941,0,2,879,52339.00914981027,30.868070957638842,MWR,3.81672773103088,162,40360
32,1989,Floyd,6.170111470484834,940,1,1,1009,20376.773096046778,41.57313604738384,MWR,5.651233663405231,125,68596
51,1983,Barbara,5.203679426573515,910,0,1,1019,10070.534878141585,-2.0047056259009395,MWR,0.6353204459727291,87,6966
48,1950,Floyd,11.070318582282326,979,0,1,268,36518.0127835398,26.456417298690752,MWR,2.8856664940283423,83,49090
44,1969,Isaac,2.319835505948586,951,0,5,1272,14830.919366770217,25.779978164507334,MWR,4.632468199879033,152,80641
54,1978,Opal,2.63899234430763,945,0,5,272,59434.06892087631,-0.9172483964986569,MWR,0.5109222467038665,106,73352
88,1993,Ethel,7.603857666439877,1001,0,2,591,44686.17549246248,20.17530331586274,MWR,4.705445483665836,97,85818
31,1997,Gustav,12.970532351865636,979,1,2,1233,32606.40039925831,51.05485085312364,MWR,4.152539938187835,159,41354
64,2005,Alicia,8.02708288349265,944,1,5,994,29860.196004204954,19.101269352366636,MWR,3.258720307813789,175,74147
33,1991,Ginger,9.690204346691779,932,0,4,1369,23752.94925093253,27.083810179936545,MWR,5.742540390341659,104,68023
58,1974,Claudette,6.349087155089985,973,1,5,702,40359.550138385326,67.52815327086248,MWR,4.897175348420516,145,80120
49,1984,Erin,6.656235405674213,990,1,2,1701,47282.53535140147,11.511288998054894,MWR,3.5851189276094093,166,74173
10,1956,Helene,9.06038714444989,930,1,5,529,23080.084193266215,39.38692411101473,MWR,6.382212480659954,109,75921
5,1969,Elena,-1.5570042144213332,1001,0,4,1641,43634.29761514704,16.81660336830587,MWR,8.720085907606656,140,9746
86,1978,Debra,5.619396461167932,948,1,4,1797,40829.6327300015,43.81191285738062,MWR,10.305605410208026,182,18397
55,1988,Irene,7.255289278354221,976,1,4,373,46073.411919180086,70.57456658991134,MWR,4.660658501398875,77,26801
69,1990,Frances,8.798035985007843,965,0,2,35,35833.86086126353,7.674441958761459,MWR,1.4760565955949652,182,60170
21,1990,Wilma,0.7500761185124714,994,0,1,1348,47000.25876027667,38.54147906989219,MWR,7.064921449732619,122,14243
42,1977,Erin,0.6316139080296397,986,0,1,1570,39543.01092146481,58.643758412204164,MWR,7.197700986310349,112,67935
22,1995,Bob,2.2888679177595628,939,0,4,1620,17367.033849142397,46.815245068560436,MWR,4.563623788789839,87,35290
21,1970,Ophelia,5.772948631353633,947,1,2,46,41954.35115889828,3.0325583348227845,MWR,9.253189820587764,180,72156
39,1977,Ivan,6.669312313221531,913,0,5,537,20264.06404413755,19.294455062471158,MWR,5.775762689470352,98,27735
