rownames,affairs,gender,age,yearsmarried,children,religiousness,education,occupation,rating,ndam,eval,club,language,female,category,m_other,name,pop
4,0,male,25.0,10.0,no,3,18,7,4,1590.0,4.3,Deportivo La Coruña,Portuguese,0.0,3,4,Easy,Native Californian
5,0,female,19.0,4.0,no,4,14,6,4,5350.0,4.5,Bayern München,English,1.0,3,4,King,French Cameroons
11,0,female,28.0,15.0,yes,1,12,1,4,150.0,3.7,Toulouse FC,English,0.0,1,2,Able,Alaska
16,0,male,,15.0,yes,5,18,6,5,58.0,4.3,FC Schalke 04,,0.0,1,3,Barbara,Khoi-San
23,0,male,18.0,0.75,no,2,17,6,3,15.0,4.4,Getafe CF,English,1.0,1,2,Florence,East Africa
29,0,female,55.0,1.5,no,2,17,5,5,19321.0,4.2,Bayern München,Dutch,0.0,3,2,Carol,East Africa
44,0,female,24.0,0.75,no,2,12,1,3,3230.0,4.0,VfL Wolfsburg,English,1.0,3,2,Edna,Ona
45,0,male,29.0,15.0,yes,2,14,4,4,24260.0,3.4,SC Freiburg,Other,0.0,4,3,Hazel,French Cameroons
47,0,female,21.0,15.0,yes,4,16,1,2,2030.0,4.5,Wigan Athletic,English,0.0,3,2,Connie,Buriat
49,0,male,54.0,1.5,no,4,14,4,5,14730.0,3.9,Bor. Mönchengladbach,English,0.0,1,2,Diane,Native Californian
50,0,male,25.0,15.0,yes,2,20,7,2,6200.0,3.1,Bayer Leverkusen,Italian,0.0,3,2,Ione,Afalou
55,0,male,17.0,4.0,yes,4,18,6,4,1540.0,4.0,Bor. Mönchengladbach,Turkish,0.0,2,3,Flossy,Chucki
64,0,male,59.0,15.0,yes,5,17,6,4,,3.8,Deportivo La Coruña,English,1.0,4,4,Audrey,East Africa
80,0,female,53.0,1.5,no,2,17,5,4,540.0,3.4,Aston Villa,Czech,1.0,3,2,Helene,West Africa
86,0,female,44.0,4.0,no,4,14,5,4,430.0,2.9,Arsenal FC,,1.0,1,3,Debra,East Africa
93,0,female,26.0,15.0,yes,1,17,5,5,510.0,4.5,AS Nancy,English,0.0,3,2,Gracie,Native Californian
108,0,female,20.0,15.0,yes,2,18,4,3,53270.0,4.0,Sunderland AFC,English,0.0,4,2,Donna,Native Californian
114,0,female,58.0,0.75,no,3,16,5,4,35.0,3.8,Aston Villa,English,1.0,1,2,Ethel,Australian aboriginie
115,0,female,46.0,1.5,no,2,16,5,5,15850.0,4.3,Arsenal FC,English,0.0,4,2,Carla,East Africa
116,0,female,20.0,10.0,yes,2,14,1,5,300.0,3.4,Levante UD,English,0.0,1,3,Cindy,Australian aboriginie
123,0,female,35.0,1.5,no,2,16,5,5,6450.0,3.4,Everton FC,German,0.0,2,2,Cleo,Alaska
127,0,female,28.0,1.5,no,2,16,5,5,16260.0,3.3,Fortuna Düsseldorf,English,0.0,2,4,Dora,Alaska
129,0,female,,10.0,yes,4,16,5,4,2770.0,4.3,Real Valladolid,,0.0,3,2,Hilda,East Africa
134,0,female,,10.0,yes,3,14,1,5,800.0,4.4,Real Sociedad,,0.0,2,3,Isbell,Ebolwa
137,0,male,22.0,4.0,yes,2,20,6,4,20000.0,4.6,Sevilla FC,English,0.0,3,3,Betsy,West Africa
139,0,female,16.0,1.5,no,2,18,5,5,730.0,4.2,Chelsea FC,English,0.0,2,2,Alma,Borneo
147,0,female,35.0,7.0,no,4,16,1,5,99.0,4.0,Bayer Leverkusen,Spanish,0.0,1,4,Inez,South Africa
151,0,male,,15.0,yes,5,20,6,4,5060.0,3.3,Stoke City,,0.0,3,3,Beulah,Fuegian
153,0,male,16.0,4.0,yes,3,16,5,5,800.0,4.4,SC Freiburg,English,1.0,2,2,Gladys,French Cameroons
155,0,female,22.0,4.0,yes,3,17,5,4,23040.0,2.3,Newcastle United,English,0.0,5,3,Camille,Alaska
162,0,male,21.0,15.0,yes,4,20,6,3,6870.0,3.5,Everton FC,English,0.0,3,2,Celia,Chucki
163,0,female,35.0,1.5,no,3,16,5,5,300.0,4.7,Hamburger SV,English,0.0,2,2,Edith,Ebolwa
165,0,male,58.0,0.417,no,4,17,6,4,500.0,3.9,Bayer Leverkusen,English,0.0,1,2,Fern,East Africa
168,0,female,38.0,15.0,yes,5,14,5,4,200.0,4.0,Real Madrid,English,0.0,1,2,Ginger,Native Californian
170,0,male,21.0,4.0,yes,1,18,6,4,20430.0,4.3,West Bromwich Albion,Dutch,0.0,1,2,Agnes,French Cameroons
172,0,female,13.0,1.5,no,4,16,5,3,1180.0,3.8,Real Betis,English,1.0,3,2,Carmen,Borneo
184,0,female,43.0,15.0,yes,3,12,1,4,6190.0,3.8,ESTAC Troyes,English,0.0,3,2,Eloise,Australian aboriginie
187,0,female,26.0,4.0,no,4,17,5,5,570.0,4.0,Norwich City,English,0.0,1,2,Belle,Borneo
192,0,male,23.0,1.5,yes,1,14,3,5,66.0,4.6,Tottenham Hotspur,Chinese,0.0,1,2,Babe,Borneo
194,0,female,26.0,0.75,no,3,16,1,5,70.0,3.5,Lille OSC,Dutch,0.0,1,3,Bob,Alaska
210,0,male,27.0,10.0,yes,5,20,6,5,2700.0,4.7,FC Augsburg,Romanian,0.0,2,3,David,East Africa
217,0,male,25.0,15.0,yes,5,18,6,3,12770.0,4.2,West Bromwich Albion,Italian,1.0,3,3,Frederic,Native Californian
220,0,female,34.0,0.417,no,5,14,1,4,2130.0,3.4,1. FC Nürnberg,English,1.0,3,3,Allen,French Cameroons
224,0,female,22.0,4.0,yes,2,18,6,1,10400.0,3.9,Chelsea FC,Other,0.0,3,2,Alicia,East Africa
227,0,female,24.0,7.0,yes,5,17,5,3,410.0,4.5,Bayern München,English,0.0,2,2,Diana,Khoi-San
228,0,male,,4.0,no,3,16,5,5,130.0,4.7,SC Freiburg,,1.0,1,2,Bob,Afalou
239,0,female,18.0,7.0,yes,4,18,6,5,160.0,3.5,Sunderland AFC,English,0.0,1,3,Danny,Borneo
241,0,female,39.0,15.0,yes,2,18,5,4,4180.0,3.7,Bayer Leverkusen,English,0.0,3,3,Elena,Native Californian
245,0,male,19.0,1.5,yes,4,16,3,5,3020.0,4.0,Norwich City,Other,0.0,3,3,Gloria,Borneo
249,0,male,18.0,15.0,yes,2,20,6,4,4730.0,4.1,Málaga CF,English,1.0,1,2,Juan,Khoi-San or bushman half-caste
262,0,female,31.0,0.75,no,5,14,3,5,1310.0,4.4,Athletic Bilbao,English,0.0,2,2,Kate,Ebolwa
265,0,male,20.0,7.0,yes,2,20,6,4,6.0,4.2,FC Barcelona,,0.0,1,3,Bonnie,Native Californian
267,0,male,21.0,4.0,yes,5,20,6,5,58.0,4.5,Tottenham Hotspur,Chinese,0.0,1,2,Charley,Australian aboriginie
269,0,male,26.0,10.0,yes,4,20,6,4,1.0,3.8,Toulouse FC,English,0.0,1,3,Floyd,Borneo
271,0,male,13.0,4.0,no,1,18,5,5,4.0,3.1,Leyton Orient,English,1.0,1,3,Florence,West Africa
277,0,female,50.0,15.0,yes,4,14,3,1,290.0,3.7,Norwich City,English,0.0,1,3,Chantal,Alaska
290,0,male,18.0,1.5,yes,5,16,4,4,20020.0,3.9,Aston Villa,Swedish,0.0,4,3,Hugo,Ebolwa
292,0,female,31.0,15.0,yes,4,17,1,5,230.0,4.0,Olympique Marseille,English,0.0,1,3,Jerry,Afalou
293,0,female,21.0,0.75,no,4,17,5,4,3620.0,3.3,Lille OSC,English,0.0,2,4,Bob,Ebolwa
295,0,male,25.0,10.0,yes,4,20,6,4,66730.0,3.1,Everton FC,English,0.0,5,4,Andrew,Ebolwa
299,0,female,21.0,15.0,yes,5,14,7,2,96.0,4.0,Sunderland AFC,English,0.0,3,2,Emily,Borneo
320,0,male,22.0,10.0,yes,3,20,6,4,1650.0,4.3,Bayern München,English,0.0,2,3,Erin,Native Californian
321,0,female,22.0,0.75,no,2,16,5,5,7550.0,3.7,Norwich City,English,0.0,3,2,Opal,East Africa
324,0,male,64.0,4.0,no,2,18,4,5,700.0,3.4,Chelsea FC,English,0.0,2,2,Bertha,Alaska
334,0,male,19.0,7.0,no,4,20,6,4,8260.0,4.3,Manchester City,Other,1.0,3,2,Fran,Native Californian
351,0,male,64.0,15.0,yes,2,17,3,5,200.0,3.7,FC Sochaux,English,0.0,1,3,Danny,Native Californian
355,0,male,25.0,10.0,yes,4,20,6,4,1650.0,4.2,Newcastle United,English,0.0,2,2,Bonnie,Native Californian
361,0,female,23.0,15.0,yes,3,17,6,5,160.0,2.2,SpVgg Greuther Fürth,Romanian,0.0,1,2,Earl,East Africa
362,0,female,27.0,1.5,no,5,16,5,5,3870.0,3.0,Aston Villa,,0.0,2,2,Georges,East Africa
366,0,female,24.0,1.5,no,2,16,6,4,94.0,4.3,West Ham United,English,1.0,3,3,Bret,Borneo
370,0,female,16.0,4.0,no,3,17,5,5,8130.0,4.6,Bor. Mönchengladbach,German,0.0,2,4,Floyd,Native Californian
374,0,female,24.0,10.0,yes,5,14,4,5,1430.0,3.5,1. FSV Mainz 05,English,0.0,1,2,Irene,Chucki
378,0,female,24.0,0.125,no,2,12,5,5,1260.0,4.6,Fortuna Düsseldorf,,0.0,1,3,Lili,Native Californian
381,0,male,19.0,15.0,yes,4,14,4,3,250.0,3.7,1. FC Nürnberg,Chinese,0.0,1,2,Claudette,French Cameroons
382,0,male,25.0,15.0,yes,1,14,5,5,4980.0,3.8,Stoke City,English,0.0,2,2,Isabel,East Africa
383,0,male,41.0,7.0,yes,4,16,5,5,5.0,3.6,Aston Villa,English,0.0,1,2,Alex,East Africa
384,0,female,23.0,1.5,yes,3,16,5,5,20510.0,4.4,Stade Brest,English,0.0,4,2,Charley,Alaska
400,0,male,48.0,4.0,yes,3,17,6,5,12620.0,4.1,FC Augsburg,English,0.0,2,3,Frances,Alaska
403,0,female,22.0,1.5,no,3,16,5,5,170.0,4.3,Valencia CF,German,0.0,1,2,Gaston,Australian aboriginie
409,0,male,35.0,15.0,yes,2,14,7,2,18590.0,4.0,Borussia Dortmund,English,0.0,3,4,Ivan,East Africa
412,0,male,38.0,1.5,yes,3,18,6,5,10210.0,4.8,Bayern München,English,1.0,3,2,Jeanne,Sami
413,0,male,25.0,15.0,yes,4,20,6,5,350.0,3.5,Hannover 96,Indonesian,,1,3,Cindy,Australian aboriginie
416,0,female,33.0,0.75,no,2,16,3,4,2650.0,3.6,Fulham FC,English,1.0,3,3,Dennis,Buriat
418,0,male,49.0,4.0,no,4,17,3,3,,3.8,Athletic Bilbao,English,0.0,3,2,Katrina,East Africa
422,0,female,37.0,1.5,yes,4,12,1,5,91.0,4.7,1899 Hoffenheim,English,0.0,1,4,Ophelia,Australian aboriginie
435,0,female,34.0,0.417,no,1,17,6,4,10690.0,4.9,Stoke City,English,0.0,3,3,Rita,Afalou
439,0,female,28.0,15.0,yes,4,17,5,5,25960.0,4.3,Manchester City,English,1.0,3,2,Wilma,Sami
445,0,female,58.0,1.5,no,3,18,5,2,51.0,3.3,Lille OSC,English,0.0,1,3,Humberto,Khoi-San or bushman half-caste
447,0,female,25.0,1.5,yes,3,14,1,5,1110.0,3.4,Chelsea FC,Italian,0.0,1,2,Dolly,Borneo
448,0,female,30.0,15.0,yes,3,14,1,4,4360.0,3.6,Everton FC,English,0.0,2,2,Gustav,Australian aboriginie
449,0,female,28.0,15.0,yes,4,14,3,4,20370.0,4.0,SC Bastia,English,0.0,2,2,Ike,East Africa
478,0,male,35.0,10.0,yes,2,14,5,3,7110.0,3.9,Bayer Leverkusen,English,0.0,1,2,Irene,Ebolwa
482,0,male,21.0,10.0,yes,4,16,5,4,24000.0,4.3,FC Lorient,English,0.0,1,2,Isaac,Alaska
486,0,male,22.0,15.0,yes,5,20,5,3,75000.0,3.3,FC Schalke 04,English,0.0,2,2,Sandy,Afalou
489,0,male,20.0,0.417,no,1,16,3,4,1590.0,3.7,AS Nancy,English,0.0,3,2,Easy,East Africa
490,0,female,38.0,15.0,yes,5,14,1,5,5350.0,3.6,FC Barcelona,English,1.0,3,2,King,Native Californian
491,0,male,21.0,15.0,yes,3,16,6,1,150.0,4.4,CA Osasuna,Dutch,0.0,1,2,Able,Borneo
492,0,male,26.0,10.0,yes,1,16,6,4,58.0,4.0,West Bromwich Albion,English,0.0,1,3,Barbara,Central Africa
503,0,male,33.0,15.0,yes,3,17,5,5,15.0,2.1,1899 Hoffenheim,English,0.0,1,3,Florence,Native Californian
508,0,male,28.0,15.0,yes,4,20,6,5,19321.0,3.2,Fortuna Düsseldorf,English,0.0,3,3,Carol,Khoi-San
509,0,female,45.0,10.0,yes,5,14,1,5,3230.0,3.5,AS Saint-Étienne,English,0.0,3,3,Edna,Alaska
512,0,male,21.0,10.0,yes,2,18,6,4,24260.0,4.1,Bayern München,,0.0,4,2,Hazel,Alaska
515,0,female,21.0,0.125,no,4,12,4,5,2030.0,4.6,Arsenal FC,English,0.0,3,2,Connie,Buriat
517,0,male,23.0,15.0,yes,5,20,6,5,14730.0,3.8,Stade Reims,Finnish,0.0,1,2,Diane,Chucki
532,0,female,13.0,15.0,yes,4,18,6,4,6200.0,3.8,Málaga CF,English,0.0,3,3,Ione,Borneo
533,0,male,46.0,4.0,yes,4,14,6,4,1540.0,3.8,FC Sochaux,English,0.0,2,3,Flossy,Borneo
535,0,male,37.0,7.0,yes,4,18,5,4,,4.2,Stade Rennes,English,0.0,4,3,Audrey,Afalou
537,0,male,22.0,15.0,yes,4,20,5,4,540.0,3.9,Toulouse FC,English,0.0,3,2,Helene,Afalou
538,0,male,32.0,15.0,yes,3,14,6,3,430.0,4.5,SC Freiburg,English,1.0,1,2,Debra,Native Californian
543,0,female,39.0,1.5,no,2,14,5,4,510.0,4.5,Fulham FC,English,0.0,3,3,Gracie,Native Californian
547,0,female,35.0,7.0,yes,4,17,1,5,53270.0,4.4,Manchester City,English,0.0,4,2,Donna,Afalou
550,0,female,20.0,15.0,yes,4,17,6,5,35.0,4.4,Tottenham Hotspur (R),English,0.0,1,3,Ethel,French Cameroons
558,0,female,,1.5,no,5,18,5,5,15850.0,4.4,Valenciennes FC,,1.0,4,3,Carla,Sami
571,0,male,26.0,10.0,yes,5,20,7,4,300.0,4.5,West Bromwich Albion,English,,1,3,Cindy,Central Africa
578,0,female,23.0,7.0,no,3,16,5,4,6450.0,4.3,FC Lorient,English,0.0,2,3,Cleo,French Cameroons
583,0,male,23.0,15.0,no,4,20,6,5,16260.0,4.6,FC Barcelona,Romanian,0.0,2,3,Dora,West Africa
586,0,male,24.0,15.0,yes,4,14,3,2,2770.0,4.8,AS Saint-Étienne,English,0.0,3,4,Hilda,Ona
594,0,male,15.0,10.0,no,5,18,6,4,800.0,4.3,Borussia Dortmund,German,1.0,2,4,Isbell,Fuegian
597,0,female,29.0,0.75,no,4,16,1,5,20000.0,4.0,1899 Hoffenheim,Other,0.0,3,2,Betsy,East Africa
602,0,female,49.0,7.0,yes,4,12,2,4,730.0,4.0,1. FSV Mainz 05,English,0.0,2,3,Alma,Khoi-San or bushman half-caste
603,0,female,59.0,7.0,yes,2,16,2,5,99.0,3.9,Aston Villa,English,0.0,1,2,Inez,Khoi-San
604,0,female,35.0,15.0,yes,5,18,5,4,5060.0,3.3,Borussia Dortmund,English,0.0,3,2,Beulah,Native Californian
612,0,male,24.0,15.0,yes,4,17,5,3,800.0,4.5,VfB Stuttgart,English,1.0,2,2,Gladys,Native Californian
613,0,female,64.0,7.0,yes,2,16,1,2,23040.0,4.5,Manchester United,Other,0.0,5,3,Camille,Sami
621,0,female,13.0,1.5,no,3,16,5,5,6870.0,4.5,Paris Saint-Germain,English,0.0,3,2,Celia,Sami
627,0,male,44.0,15.0,yes,5,20,6,5,300.0,2.5,RCD Mallorca,English,1.0,2,2,Edith,Australian aboriginie
630,0,female,15.0,0.125,no,2,14,4,5,500.0,4.3,Newcastle United,English,0.0,1,2,Fern,Native Californian
631,0,male,39.0,1.5,no,4,16,5,5,200.0,4.5,Arsenal FC,English,1.0,1,3,Ginger,Australian aboriginie
632,0,male,20.0,1.5,no,2,18,6,5,20430.0,4.7,Manchester United,English,0.0,1,4,Agnes,Native Californian
639,0,male,58.0,1.5,no,2,17,6,5,1180.0,3.5,FC Augsburg,English,0.0,3,2,Carmen,Fuegian
645,0,female,18.0,10.0,yes,4,16,1,3,6190.0,4.5,VfL Wolfsburg,Turkish,0.0,3,3,Eloise,East Africa
647,0,male,22.0,15.0,yes,4,18,6,5,570.0,3.8,VfB Stuttgart,English,0.0,1,2,Belle,Afalou
648,0,female,19.0,1.5,no,2,16,6,5,66.0,4.5,AS Nancy,English,0.0,1,2,Babe,Sami
651,0,male,64.0,4.0,no,2,18,6,3,70.0,4.3,Liverpool FC,Other,1.0,1,2,Bob,Native Californian
655,0,female,43.0,10.0,yes,3,14,5,3,2700.0,3.9,Espanyol Barcelona,English,0.0,2,2,David,Alaska
667,0,female,,15.0,yes,3,18,5,4,12770.0,4.3,Werder Bremen,,0.0,3,3,Frederic,Buriat
670,0,female,21.0,0.75,no,2,18,6,5,2130.0,4.2,West Bromwich Albion,English,0.0,3,2,Allen,Sami
671,0,female,37.0,15.0,yes,2,16,1,4,10400.0,5.0,Liverpool FC (R),Standard_Hindi,0.0,3,4,Alicia,Tasmanien
673,0,male,18.0,4.0,yes,4,20,5,5,410.0,5.0,West Ham United,Dutch,0.0,2,2,Diana,Afalou
701,0,male,19.0,4.0,no,1,20,5,4,130.0,4.6,Olympique Lyon,English,0.0,1,3,Bob,Alaska
705,0,female,52.0,10.0,yes,2,12,1,4,160.0,5.0,Real Betis,English,1.0,1,3,Danny,East Africa
706,0,female,17.0,15.0,yes,5,18,6,4,4180.0,4.7,VfL Wolfsburg,English,0.0,3,2,Elena,Native Californian
709,0,male,41.0,7.0,yes,5,12,5,3,3020.0,5.0,Tottenham Hotspur,English,1.0,3,4,Gloria,Sami
717,0,male,21.0,15.0,yes,2,18,5,4,4730.0,2.7,Getafe CF,English,0.0,1,3,Juan,Khoi-San
719,0,male,,4.0,no,3,20,6,3,1310.0,4.0,FC Sochaux,,,2,2,Kate,Native Californian
723,0,male,26.0,4.0,yes,1,18,5,4,6.0,4.4,Chelsea FC,English,0.0,1,3,Bonnie,Native Californian
724,0,male,42.0,4.0,yes,4,14,5,4,58.0,4.4,1. FC Nürnberg,English,0.0,1,2,Charley,Native Californian
726,0,female,40.0,15.0,yes,5,12,1,3,1.0,4.3,AC Ajaccio,English,0.0,1,2,Floyd,Australian aboriginie
734,0,female,33.0,15.0,yes,4,16,6,4,4.0,3.5,VfL Wolfsburg,German,0.0,1,2,Florence,Borneo
735,0,male,16.0,7.0,yes,1,16,5,4,290.0,3.8,VfB Stuttgart,English,0.0,1,2,Chantal,East Africa
736,0,male,18.0,7.0,yes,4,20,6,3,20020.0,3.9,Real Madrid,English,0.0,4,2,Hugo,Afalou
737,0,male,23.0,0.75,no,2,14,4,3,230.0,3.7,RCD Mallorca,English,1.0,1,2,Jerry,Khoi-San
739,0,male,21.0,4.0,yes,2,18,5,3,3620.0,3.3,Getafe CF,,0.0,2,2,Bob,Australian aboriginie
743,0,male,39.0,15.0,yes,4,20,6,3,66730.0,4.0,Olympique Lyon,English,0.0,5,2,Andrew,Native Californian
745,0,male,21.0,0.75,yes,2,14,4,3,96.0,3.8,Fortuna Düsseldorf,English,,3,2,Emily,Native Californian
747,0,male,45.0,15.0,yes,4,20,6,3,1650.0,4.2,1. FSV Mainz 05,English,0.0,2,3,Erin,East Africa
751,0,female,58.0,15.0,yes,5,17,1,1,7550.0,3.1,Borussia Dortmund,English,1.0,3,3,Opal,Alaska
752,0,female,45.0,15.0,yes,4,14,1,2,700.0,3.6,Hannover 96,English,1.0,2,3,Bertha,East Africa
754,0,male,35.0,7.0,yes,4,14,5,3,8260.0,3.3,Tottenham Hotspur,German,1.0,3,3,Fran,Afalou
760,0,male,24.0,4.0,yes,2,16,5,5,200.0,2.9,Girondins Bordeaux,English,0.0,1,2,Danny,Sami
763,0,female,,4.0,yes,2,18,6,5,1650.0,3.1,Fulham FC,,0.0,2,2,Bonnie,Khoi-San or bushman half-caste
774,0,female,18.0,4.0,yes,2,18,5,5,160.0,4.0,Valencia CF,English,0.0,1,2,Earl,Ebolwa
776,0,male,60.0,15.0,yes,5,18,6,5,3870.0,4.0,Manchester United,Spanish,0.0,2,3,Georges,Native Californian
779,0,female,64.0,15.0,yes,5,12,5,4,94.0,4.2,Real Madrid,English,1.0,3,3,Bret,Afalou
784,0,female,,10.0,yes,3,17,1,4,8130.0,3.8,Sevilla FC,,0.0,2,3,Floyd,Borneo
788,0,female,,1.5,yes,4,17,1,2,1430.0,4.3,Fortuna Düsseldorf,,0.0,1,2,Irene,Australian aboriginie
794,0,female,38.0,15.0,yes,2,18,5,2,1260.0,4.6,West Ham United,Spanish,0.0,1,2,Lili,Borneo
795,0,female,37.0,1.5,no,4,14,5,4,250.0,4.3,Lille OSC,Standard_Hindi,0.0,1,3,Claudette,East Africa
798,0,male,24.0,15.0,yes,3,14,3,4,4980.0,3.6,Norwich City,English,1.0,2,2,Isabel,Khoi-San
800,0,male,32.0,15.0,yes,4,9,2,2,5.0,4.2,FC Lorient,English,1.0,1,3,Alex,Chucki
803,0,male,50.0,15.0,yes,4,20,6,5,20510.0,3.9,Stade Reims,English,0.0,4,3,Charley,Native Californian
807,0,female,16.0,0.125,no,4,14,4,5,12620.0,4.1,Deportivo La Coruña,English,0.0,2,3,Frances,Ebolwa
812,0,female,25.0,10.0,yes,4,14,1,5,170.0,4.0,Bayern München,Italian,0.0,1,3,Gaston,Central Africa
820,0,female,20.0,15.0,yes,3,18,5,4,18590.0,4.3,Eintracht Frankfurt,English,0.0,3,3,Ivan,Native Californian
823,0,female,,1.5,no,2,18,6,5,10210.0,3.9,FC Augsburg,,0.0,3,4,Jeanne,West Africa
830,0,male,21.0,0.125,yes,2,18,5,2,350.0,4.2,Stade Brest,English,0.0,1,4,Cindy,Borneo
843,0,female,19.0,4.0,no,3,16,5,4,2650.0,4.2,Bayern München,German,1.0,3,2,Dennis,Buriat
848,0,female,50.0,10.0,yes,2,16,1,4,,4.9,Southampton FC,English,1.0,3,3,Katrina,East Africa
851,0,female,45.0,7.0,yes,4,16,1,3,91.0,4.0,AS Saint-Étienne,English,0.0,1,2,Ophelia,Native Californian
854,0,female,25.0,15.0,yes,4,14,5,4,10690.0,4.3,Borussia Dortmund,English,0.0,3,2,Rita,East Africa
856,0,female,28.0,15.0,yes,5,17,6,2,25960.0,4.9,Newcastle United,English,0.0,3,2,Wilma,Alaska
857,0,male,32.0,1.5,yes,4,14,6,5,51.0,3.9,Werder Bremen,English,1.0,1,3,Humberto,Ebolwa
859,0,female,18.0,4.0,yes,3,17,5,3,1110.0,4.9,Olympique Marseille,English,0.0,1,2,Dolly,Ona
863,0,female,22.0,7.0,no,4,18,5,5,4360.0,3.9,Eintracht Frankfurt,Korean,0.0,2,2,Gustav,East Africa
865,0,female,30.0,0.417,yes,3,14,3,5,20370.0,4.0,Paris Saint-Germain,Indonesian,0.0,2,2,Ike,Central Africa
867,0,female,21.0,7.0,yes,4,14,1,5,7110.0,3.5,Espanyol Barcelona,Chinese,0.0,1,3,Irene,Native Californian
870,0,male,32.0,0.75,no,3,16,5,5,24000.0,3.9,Paris Saint-Germain,English,0.0,1,4,Isaac,Khoi-San or bushman half-caste
873,0,male,22.0,4.0,yes,2,20,5,5,75000.0,4.0,Atlético Madrid,Other,0.0,2,2,Sandy,Ebolwa
875,0,male,21.0,10.0,yes,4,16,4,5,1590.0,3.6,Queens Park Rangers,English,0.0,3,3,Easy,West Africa
876,0,male,52.0,15.0,yes,1,14,5,5,5350.0,3.0,Hamburger SV,Portuguese,0.0,3,2,King,French Cameroons
877,0,male,20.0,0.75,no,3,17,4,5,150.0,3.0,Chelsea FC,Chinese,0.0,1,2,Able,Native Californian
880,0,female,24.0,7.0,yes,4,17,1,4,58.0,3.6,Olympique Lyon,English,0.0,1,2,Barbara,West Africa
903,0,male,,0.417,yes,4,20,5,4,15.0,3.6,Newcastle United,,1.0,1,2,Florence,Alaska
904,0,male,37.0,15.0,yes,4,20,5,4,19321.0,3.2,FC Barcelona,Standard_Hindi,0.0,3,3,Carol,Alaska
905,0,female,22.0,15.0,yes,2,14,1,3,3230.0,3.9,Fortuna Düsseldorf,English,0.0,3,2,Edna,Buriat
908,0,male,45.0,4.0,yes,1,18,5,4,24260.0,3.5,Borussia Dortmund,English,1.0,4,4,Hazel,Khoi-San or bushman half-caste
909,0,male,27.0,15.0,yes,4,17,5,3,2030.0,3.5,Bor. Mönchengladbach,English,0.0,3,2,Connie,Afalou
910,0,female,33.0,1.5,no,2,14,4,5,14730.0,3.1,Real Madrid,English,0.0,1,3,Diane,East Africa
912,0,male,49.0,15.0,yes,4,14,6,2,6200.0,4.2,Arsenal FC,English,0.0,3,3,Ione,Buriat
914,0,female,18.0,1.5,no,4,17,5,5,1540.0,3.6,Queens Park Rangers,English,0.0,2,2,Flossy,Chucki
915,0,male,22.0,4.0,yes,5,14,3,5,,4.5,Hannover 96,English,0.0,4,4,Audrey,French Cameroons
916,0,male,23.0,4.0,yes,2,14,3,5,540.0,3.7,Bayern München,English,0.0,3,3,Helene,Native Californian
920,0,female,31.0,1.5,no,3,16,6,5,430.0,3.4,Olympique Marseille,English,0.0,1,2,Debra,Borneo
921,0,male,33.0,0.75,no,2,18,3,3,510.0,4.5,Aston Villa,English,0.0,3,3,Gracie,Afalou
925,0,female,33.0,7.0,yes,2,14,5,2,53270.0,4.6,Queens Park Rangers,German,0.0,4,2,Donna,Afalou
926,0,female,24.0,0.75,no,2,17,5,3,35.0,4.8,Fulham FC,English,0.0,1,2,Ethel,Native Californian
929,0,female,40.0,15.0,yes,4,12,1,2,15850.0,4.5,Stade Reims,German,0.0,4,2,Carla,French Cameroons
931,0,female,25.0,1.5,no,1,14,1,5,300.0,4.4,Wigan Athletic,English,1.0,1,2,Cindy,Alaska
945,0,female,21.0,10.0,no,2,12,4,4,6450.0,4.1,RCD Mallorca,English,1.0,2,2,Cleo,Chucki
947,0,female,20.0,15.0,yes,4,18,5,3,16260.0,3.9,Southampton FC,English,0.0,2,2,Dora,Tasmanien
949,0,female,39.0,15.0,yes,3,12,3,3,2770.0,4.3,Southampton FC,English,0.0,3,2,Hilda,Khoi-San
950,0,male,25.0,4.0,no,2,18,5,5,800.0,3.5,Borussia Dortmund,English,1.0,2,2,Isbell,Khoi-San
961,0,male,40.0,7.0,yes,2,20,6,2,20000.0,4.0,RCD Mallorca,English,0.0,3,2,Betsy,Afalou
965,0,male,25.0,0.75,no,2,17,5,5,730.0,4.0,Hamburger SV,English,0.0,2,3,Alma,Australian aboriginie
966,0,female,60.0,4.0,no,2,17,4,5,99.0,4.6,VfL Wolfsburg,English,0.0,1,3,Inez,West Africa
967,0,male,,1.5,no,5,20,6,5,5060.0,4.6,Valencia CF,,0.0,3,3,Beulah,Khoi-San
987,0,male,44.0,1.5,no,4,17,6,5,800.0,3.7,1. FSV Mainz 05,English,0.0,2,3,Gladys,Ebolwa
990,0,male,21.0,4.0,no,4,17,5,3,23040.0,3.5,Tottenham Hotspur,English,0.0,5,2,Camille,Ebolwa
992,0,female,33.0,4.0,yes,1,14,5,4,6870.0,3.6,Bayern München,English,0.0,3,2,Celia,Sami
995,0,male,26.0,15.0,yes,5,20,4,5,300.0,3.9,Tottenham Hotspur,English,1.0,2,2,Edith,Australian aboriginie
1009,0,female,26.0,10.0,yes,3,16,6,3,500.0,4.2,SC Bastia,English,0.0,1,3,Fern,Chucki
1021,0,male,,15.0,yes,4,17,6,5,200.0,3.2,FC Lorient,,1.0,1,3,Ginger,Native Californian
1026,0,female,,15.0,yes,4,17,5,5,20430.0,4.9,1. FC Nürnberg,,0.0,1,3,Agnes,Khoi-San or bushman half-caste
1027,0,male,19.0,1.5,no,4,16,5,4,1180.0,4.0,Newcastle United,English,0.0,3,2,Carmen,Native Californian
1030,0,female,22.0,10.0,yes,3,12,1,4,6190.0,3.5,Werder Bremen,English,,3,2,Eloise,Australian aboriginie
1031,0,female,27.0,7.0,yes,1,14,3,5,570.0,3.4,Real Betis,Romanian,1.0,1,3,Belle,Borneo
1034,0,female,,10.0,yes,4,17,5,4,66.0,4.2,Fortuna Düsseldorf,,1.0,1,2,Babe,Khoi-San
1037,0,male,47.0,1.5,yes,2,16,2,4,70.0,3.5,Manchester City,Romanian,0.0,1,3,Bob,Native Californian
1038,0,male,32.0,15.0,yes,4,14,5,5,2700.0,4.4,Arsenal FC,English,0.0,2,3,David,Afalou
1039,0,male,57.0,4.0,yes,3,14,4,5,12770.0,3.7,1. FSV Mainz 05,French,0.0,3,3,Frederic,Afalou
1045,0,female,20.0,15.0,yes,5,14,5,4,2130.0,3.4,Montpellier HSC,,0.0,3,3,Allen,East Africa
1046,0,female,19.0,7.0,yes,4,17,5,5,10400.0,3.0,Reading FC,English,0.0,3,3,Alicia,Afalou
1054,0,female,21.0,15.0,yes,4,18,6,5,410.0,3.9,CA Osasuna,English,0.0,2,4,Diana,Ebolwa
1059,0,male,16.0,4.0,no,4,18,6,4,130.0,2.8,Borussia Dortmund,English,0.0,1,4,Bob,East Africa
1063,0,male,33.0,0.75,no,4,18,6,5,160.0,3.7,Real Zaragoza,Standard_Hindi,1.0,1,2,Danny,Native Californian
1068,0,male,19.0,4.0,yes,4,14,5,3,4180.0,4.6,Lille OSC,Chinese,0.0,3,3,Elena,Native Californian
1070,0,female,21.0,0.75,no,5,18,1,5,3020.0,4.2,SC Bastia,English,0.0,3,2,Gloria,Native Californian
1072,0,female,44.0,15.0,yes,5,9,5,5,4730.0,4.4,AS Saint-Étienne,English,0.0,1,2,Juan,East Africa
1073,0,male,15.0,10.0,yes,3,14,5,5,1310.0,3.8,Real Sociedad,English,0.0,2,2,Kate,Alaska
1077,0,female,55.0,15.0,yes,4,16,4,4,6.0,4.1,Montpellier HSC,English,0.0,1,3,Bonnie,East Africa
1081,0,male,51.0,7.0,yes,2,20,5,4,58.0,3.7,Borussia Dortmund,English,0.0,1,2,Charley,East Africa
1083,0,female,14.0,15.0,yes,3,18,1,4,1.0,4.1,Southampton FC,English,0.0,1,2,Floyd,Borneo
1084,0,male,43.0,15.0,yes,1,16,5,5,4.0,3.0,Real Sociedad,English,0.0,1,2,Florence,French Cameroons
1086,0,male,,4.0,yes,3,18,5,5,290.0,3.2,Chelsea FC,,0.0,1,3,Chantal,Alaska
1087,0,female,13.0,15.0,yes,4,12,3,4,20020.0,2.8,West Bromwich Albion,English,0.0,4,4,Hugo,Alaska
1089,0,male,15.0,0.75,yes,3,14,2,4,230.0,4.7,FC Lorient,English,0.0,1,2,Jerry,Afalou
1096,0,female,43.0,1.5,no,3,16,5,3,3620.0,4.2,Manchester United,English,1.0,2,3,Bob,East Africa
1102,0,female,16.0,15.0,yes,4,14,3,5,66730.0,3.2,Hannover 96,English,0.0,5,2,Andrew,French Cameroons
1103,0,female,37.0,15.0,yes,3,16,5,4,96.0,3.1,Celta Vigo,English,0.0,3,2,Emily,Afalou
1107,0,male,18.0,15.0,yes,5,20,6,4,1650.0,4.0,Reading FC,Portuguese,0.0,2,2,Erin,Ebolwa
1109,0,female,,15.0,yes,4,12,2,3,7550.0,4.2,AC Ajaccio,,0.0,3,2,Opal,Buriat
1115,0,male,26.0,15.0,yes,2,20,6,4,700.0,4.3,Paris Saint-Germain,English,0.0,2,3,Bertha,Buriat
1119,0,male,19.0,7.0,yes,4,17,5,5,8260.0,3.3,Stoke City,English,0.0,3,2,Fran,East Africa
1124,0,female,23.0,7.0,yes,4,17,1,4,200.0,4.1,Olympique Marseille,German,0.0,1,4,Danny,Borneo
1126,0,male,41.0,1.5,no,1,18,6,5,1650.0,3.7,West Bromwich Albion,English,1.0,2,2,Bonnie,Australian aboriginie
1128,0,female,18.0,4.0,yes,3,9,1,4,160.0,3.3,Norwich City,Dutch,0.0,1,3,Earl,Native Californian
1129,0,female,24.0,1.5,no,2,14,1,5,3870.0,3.8,VfB Stuttgart,English,0.0,2,3,Georges,Khoi-San
1130,0,male,21.0,15.0,yes,2,20,6,4,94.0,3.4,Stoke City,English,0.0,3,2,Bret,Australian aboriginie
1133,0,male,39.0,15.0,yes,4,9,2,4,8130.0,4.2,Southampton FC,English,0.0,2,4,Floyd,Ebolwa
1140,0,female,28.0,7.0,yes,2,18,1,5,1430.0,3.8,VfB Stuttgart,English,0.0,1,3,Irene,West Africa
1143,0,female,22.0,4.0,yes,3,14,1,5,1260.0,3.5,Bor. Mönchengladbach,English,1.0,1,2,Lili,Buriat
1146,0,male,27.0,15.0,yes,4,14,5,3,250.0,3.3,Toulouse FC,,0.0,1,3,Claudette,East Africa
1153,0,male,23.0,7.0,yes,1,18,6,4,4980.0,4.3,1. FSV Mainz 05,English,0.0,2,2,Isabel,Australian aboriginie
1156,0,female,17.0,1.5,no,2,14,5,5,5.0,4.1,Celta Vigo,English,0.0,1,2,Alex,Alaska
1157,0,female,35.0,1.5,yes,3,12,1,3,20510.0,4.5,Toulouse FC,Spanish,1.0,4,2,Charley,Khoi-San
1158,0,male,35.0,15.0,yes,2,14,5,5,12620.0,4.5,Aston Villa,English,0.0,2,2,Frances,Sami
1160,0,female,18.0,15.0,yes,2,14,1,1,170.0,4.6,Queens Park Rangers,Chinese,0.0,1,2,Gaston,Alaska
1161,0,female,26.0,10.0,yes,2,14,5,5,18590.0,4.4,Bayer Leverkusen,English,0.0,3,2,Ivan,Australian aboriginie
1166,0,male,,15.0,yes,4,20,4,5,10210.0,4.1,Arsenal FC,,0.0,3,2,Jeanne,Ebolwa
1177,0,female,21.0,4.0,yes,3,18,4,5,350.0,4.5,Arsenal FC,Dutch,0.0,1,2,Cindy,Australian aboriginie
1178,0,male,17.0,15.0,yes,4,20,6,5,2650.0,4.3,Valenciennes FC,Chinese,1.0,3,2,Dennis,Borneo
1180,0,male,39.0,1.5,no,3,18,5,5,,4.4,FC Barcelona,English,1.0,3,3,Katrina,Australian aboriginie
1187,0,female,,0.125,no,2,16,6,3,91.0,4.9,Manchester City,,0.0,1,3,Ophelia,East Africa
1191,0,male,27.0,10.0,yes,2,20,6,3,10690.0,4.7,Montpellier HSC,English,0.0,3,3,Rita,Chucki
1195,0,female,21.0,4.0,no,4,18,5,4,25960.0,4.6,Arsenal FC,English,0.0,3,3,Wilma,Borneo
1207,0,female,18.0,7.0,yes,2,12,5,1,51.0,4.8,Manchester United,Turkish,0.0,1,2,Humberto,Ebolwa
1208,0,male,27.0,4.0,yes,5,18,6,3,1110.0,4.2,FC Barcelona,English,0.0,1,2,Dolly,Tasmanien
1209,0,female,24.0,15.0,yes,2,17,5,5,4360.0,4.6,Leicester City,English,0.0,2,2,Gustav,Borneo
1211,0,male,19.0,15.0,no,4,20,6,4,20370.0,4.7,FC Barcelona,English,0.0,2,3,Ike,Khoi-San or bushman half-caste
1215,0,male,22.0,1.5,no,1,18,5,5,7110.0,4.6,Girondins Bordeaux,Dutch,0.0,1,3,Irene,Sami
1221,0,male,40.0,15.0,yes,4,20,6,4,24000.0,3.6,Málaga CF,English,0.0,1,3,Isaac,Ebolwa
1226,0,female,,15.0,yes,4,18,1,4,75000.0,3.9,VfB Stuttgart,,0.0,2,2,Sandy,Chucki
1229,0,female,25.0,7.0,yes,4,17,5,4,1590.0,4.0,Hull City,English,0.0,3,2,Easy,Chucki
1231,0,female,38.0,15.0,yes,3,14,1,3,5350.0,4.4,1899 Hoffenheim,English,0.0,3,3,King,Native Californian
1234,0,female,31.0,7.0,yes,3,16,1,4,150.0,4.5,Arsenal FC,,0.0,1,2,Able,Australian aboriginie
1235,0,male,16.0,1.5,no,3,16,4,2,58.0,4.4,Norwich City,German,0.0,1,3,Barbara,Native Californian
1242,0,male,34.0,1.5,no,3,16,3,5,15.0,3.0,Granada CF,English,0.0,1,3,Florence,Australian aboriginie
1245,0,male,20.0,4.0,yes,3,16,4,2,19321.0,3.7,Liverpool FC,English,0.0,3,3,Carol,Australian aboriginie
1260,0,female,49.0,7.0,yes,3,12,1,2,3230.0,3.6,Olympique Lyon,English,0.0,3,3,Edna,Ebolwa
1266,0,female,44.0,15.0,yes,2,18,5,4,24260.0,3.1,Manchester United,English,0.0,4,3,Hazel,East Africa
1271,0,female,27.0,7.0,yes,3,14,4,4,2030.0,3.8,Hannover 96,English,0.0,3,4,Connie,Australian aboriginie
1273,0,male,47.0,1.5,no,2,16,5,5,14730.0,4.7,Fulham FC,English,0.0,1,4,Diane,Australian aboriginie
1276,0,male,28.0,15.0,yes,5,20,5,4,6200.0,3.8,VfB Stuttgart,English,0.0,3,2,Ione,Sami
1280,0,female,23.0,1.5,no,4,16,5,3,1540.0,3.8,Rayo Vallecano,English,0.0,2,3,Flossy,Native Californian
1282,0,female,25.0,10.0,yes,4,16,1,5,,2.8,FC Barcelona,Indonesian,0.0,4,2,Audrey,Buriat
1285,0,male,19.0,4.0,no,2,17,5,3,540.0,4.0,Manchester United,English,0.0,3,2,Helene,Alaska
1295,0,female,21.0,0.417,no,4,14,5,5,430.0,4.0,Liverpool FC,English,0.0,1,2,Debra,Khoi-San
1298,0,female,22.0,4.0,no,2,18,5,5,510.0,3.5,FC Lorient,English,0.0,3,3,Gracie,Borneo
1299,0,male,24.0,15.0,yes,4,18,5,3,53270.0,3.4,Paris Saint-Germain,,0.0,4,2,Donna,Native Californian
1304,0,male,27.0,10.0,yes,5,20,7,4,35.0,4.0,Queens Park Rangers,English,0.0,1,2,Ethel,Khoi-San or bushman half-caste
1305,0,female,19.0,7.0,yes,2,14,4,2,15850.0,3.5,Newcastle United,English,0.0,4,2,Carla,Borneo
1311,0,male,32.0,4.0,yes,2,16,5,5,300.0,3.8,Valencia CF,English,0.0,1,3,Cindy,Australian aboriginie
1314,0,male,25.0,4.0,yes,2,16,6,4,6450.0,4.7,1. FC Nürnberg,English,0.0,2,4,Cleo,East Africa
1319,0,male,24.0,1.5,no,3,18,4,5,16260.0,3.9,Fulham FC,English,0.0,2,2,Dora,Australian aboriginie
1322,0,female,18.0,4.0,yes,4,14,3,4,2770.0,4.5,VfL Wolfsburg,Portuguese,0.0,3,3,Hilda,East Africa
1324,0,female,,0.75,no,2,18,5,4,800.0,4.2,Getafe CF,Spanish,0.0,2,2,Isbell,Alaska
1327,0,male,27.0,10.0,yes,4,20,4,5,20000.0,4.7,West Ham United,English,0.0,3,2,Betsy,Native Californian
1328,0,female,20.0,0.75,no,5,14,3,3,730.0,4.0,Real Madrid,English,0.0,2,2,Alma,Native Californian
1330,0,male,49.0,15.0,yes,4,17,5,3,99.0,4.8,AC Ajaccio,English,0.0,1,2,Inez,East Africa
1332,0,male,49.0,4.0,no,3,14,4,5,5060.0,4.8,1. FC Nürnberg,English,0.0,3,3,Beulah,Khoi-San or bushman half-caste
1333,0,female,49.0,1.5,no,2,17,3,2,800.0,4.4,Bayer Leverkusen,English,0.0,2,2,Gladys,Borneo
1336,0,female,24.0,7.0,yes,4,14,1,5,23040.0,4.7,AC Ajaccio,English,0.0,5,4,Camille,Australian aboriginie
1341,0,male,22.0,15.0,yes,5,14,6,5,6870.0,4.5,Arsenal FC,Swedish,1.0,3,2,Celia,Khoi-San or bushman half-caste
1344,0,male,19.0,4.0,yes,1,16,4,4,300.0,4.2,Getafe CF,German,1.0,2,3,Edith,Chucki
1352,0,female,24.0,15.0,yes,5,14,1,3,500.0,4.4,Hannover 96,English,1.0,1,3,Fern,West Africa
1358,0,male,49.0,4.0,yes,4,18,5,5,200.0,4.1,Manchester City,English,0.0,1,2,Ginger,West Africa
1359,0,female,24.0,4.0,yes,2,14,1,5,20430.0,4.2,Everton FC,English,0.0,1,4,Agnes,Buriat
1361,0,male,28.0,15.0,yes,2,14,7,4,1180.0,4.8,Toulouse FC,English,0.0,3,3,Carmen,Buriat
1364,0,female,31.0,1.5,no,2,16,1,4,6190.0,4.4,Valenciennes FC,English,0.0,3,2,Eloise,Alaska
1368,0,male,58.0,15.0,yes,4,12,2,4,570.0,4.7,VfB Stuttgart,English,0.0,1,3,Belle,East Africa
1384,0,female,,0.417,no,3,17,1,5,66.0,4.2,Queens Park Rangers,,0.0,1,2,Babe,East Africa
1390,0,female,39.0,1.5,no,2,16,5,5,70.0,4.5,Aston Villa,English,0.0,1,2,Bob,Chucki
1393,0,male,22.0,4.0,yes,4,20,6,4,2700.0,3.4,Rayo Vallecano,English,0.0,2,2,David,Native Californian
1394,0,female,16.0,15.0,yes,4,14,1,5,12770.0,3.7,Arsenal FC,English,0.0,3,2,Frederic,French Cameroons
1402,0,female,39.0,1.5,no,2,16,3,5,2130.0,3.6,Olympique Lyon,English,1.0,3,2,Allen,Borneo
1407,0,male,28.0,4.0,no,1,20,6,5,10400.0,3.9,Atlético Madrid,English,0.0,3,2,Alicia,Borneo
1408,0,male,20.0,15.0,yes,3,20,6,4,410.0,3.9,Atlético Madrid,English,1.0,2,2,Diana,Borneo
1412,0,female,20.0,10.0,no,2,16,6,5,130.0,3.7,Lille OSC,English,0.0,1,2,Bob,Tasmanien
1413,0,female,22.0,10.0,yes,5,14,5,5,160.0,3.0,Manchester United,Korean,0.0,1,2,Danny,Khoi-San or bushman half-caste
1416,0,male,21.0,1.5,yes,4,18,5,3,4180.0,3.6,VfL Wolfsburg,Chinese,0.0,3,3,Elena,Native Californian
1417,0,male,22.0,1.5,no,2,18,4,4,3020.0,3.6,Real Madrid,English,0.0,3,3,Gloria,Khoi-San or bushman half-caste
1418,0,female,30.0,10.0,yes,4,14,1,4,4730.0,4.3,1. FC Nürnberg,English,1.0,1,3,Juan,Alaska
1419,0,female,25.0,15.0,yes,4,18,5,4,1310.0,4.5,Manchester United,Russian,0.0,2,3,Kate,Alaska
1420,0,female,28.0,10.0,yes,5,12,1,5,6.0,3.9,OGC Nice,English,1.0,1,2,Bonnie,West Africa
1423,0,male,31.0,4.0,yes,3,16,4,5,58.0,4.6,SC Freiburg,English,0.0,1,2,Charley,Borneo
1424,0,female,50.0,15.0,yes,4,12,4,2,1.0,4.1,Hamburger SV,English,1.0,1,2,Floyd,Australian aboriginie
1432,0,female,20.0,0.75,no,4,16,5,5,4.0,4.2,Fulham FC,Chinese,1.0,1,3,Florence,Khoi-San or bushman half-caste
1433,0,female,22.0,15.0,yes,4,16,1,5,290.0,4.1,Paris Saint-Germain,Swedish,0.0,1,3,Chantal,Yaghan
1437,0,female,29.0,15.0,yes,3,16,1,5,20020.0,3.1,Hamburger SV,Other,0.0,4,3,Hugo,Khoi-San
1438,0,female,33.0,10.0,yes,2,16,1,5,230.0,3.6,Queens Park Rangers,German,0.0,1,2,Jerry,Buriat
1439,0,male,39.0,7.0,no,2,20,6,5,3620.0,4.2,Bolton Wanderers,English,1.0,2,2,Bob,Khoi-San or bushman half-caste
1446,0,female,28.0,15.0,yes,2,14,1,3,66730.0,3.0,Valencia CF,English,0.0,5,3,Andrew,West Africa
1450,0,male,39.0,1.5,yes,2,17,4,4,96.0,4.2,Celta Vigo,English,0.0,3,2,Emily,Borneo
1451,0,female,22.0,0.75,yes,2,14,1,5,1650.0,3.4,Deportivo La Coruña,English,0.0,2,3,Erin,Buriat
1452,0,male,39.0,4.0,yes,4,14,2,4,7550.0,3.1,Liverpool FC,English,0.0,3,3,Opal,Tasmanien
1453,0,male,30.0,0.125,no,4,17,6,4,700.0,2.7,VfB Stuttgart,English,0.0,2,3,Bertha,West Africa
1456,0,male,22.0,1.5,yes,4,18,6,5,8260.0,3.9,Espanyol Barcelona,Dutch,0.0,3,3,Fran,Australian aboriginie
1464,0,male,21.0,7.0,yes,3,16,6,3,200.0,3.9,1. FSV Mainz 05,Dutch,0.0,1,3,Danny,Australian aboriginie
1469,0,female,19.0,15.0,yes,4,14,1,3,1650.0,3.6,FC Augsburg,English,0.0,2,4,Bonnie,Buriat
1473,0,male,18.0,1.5,no,5,20,5,2,160.0,3.7,Southampton FC,Other,1.0,1,4,Earl,Borneo
1481,0,female,,1.5,no,2,16,5,5,3870.0,3.6,FC Augsburg,,0.0,2,2,Georges,Sami
1482,0,female,,1.5,no,3,17,5,5,94.0,4.4,Queens Park Rangers,Spanish,0.0,3,3,Bret,Chucki
1496,0,male,16.0,0.125,no,5,16,4,4,8130.0,4.3,SpVgg Greuther Fürth,English,0.0,2,2,Floyd,Khoi-San
1497,0,female,27.0,4.0,yes,4,16,1,5,1430.0,4.1,Valencia CF,English,0.0,1,2,Irene,Australian aboriginie
1504,0,female,28.0,4.0,yes,4,12,1,5,1260.0,3.7,RCD Mallorca,English,0.0,1,2,Lili,East Africa
1513,0,female,22.0,15.0,yes,2,14,5,5,250.0,3.6,Valencia CF,Other,0.0,1,3,Claudette,East Africa
1515,0,female,44.0,15.0,yes,3,14,5,3,4980.0,2.8,Reading FC,English,0.0,2,2,Isabel,Australian aboriginie
1534,0,male,,7.0,yes,2,16,5,5,5.0,4.0,Tottenham Hotspur,,0.0,1,2,Alex,Native Californian
1535,0,male,28.0,0.75,no,4,16,6,4,20510.0,4.4,Borussia Dortmund,German,0.0,4,2,Charley,Ebolwa
1536,0,male,18.0,0.125,no,3,20,6,5,12620.0,3.6,Eintracht Frankfurt,Turkish,0.0,2,3,Frances,Khoi-San
1540,0,male,21.0,10.0,yes,3,20,6,5,170.0,3.7,OGC Nice,English,0.0,1,4,Gaston,Buriat
1551,0,female,27.0,0.417,no,5,14,4,5,18590.0,2.9,Liverpool FC,,0.0,3,2,Ivan,Khoi-San
1555,0,female,33.0,15.0,yes,5,14,1,4,10210.0,2.6,Werder Bremen,German,1.0,3,3,Jeanne,Khoi-San
1557,0,female,16.0,10.0,yes,3,14,1,5,350.0,4.8,FC Barcelona,English,0.0,1,2,Cindy,Native Californian
1566,0,male,39.0,15.0,yes,4,17,5,5,2650.0,4.9,Girondins Bordeaux,English,0.0,3,2,Dennis,Khoi-San
1567,0,male,17.0,4.0,yes,3,20,6,5,,4.3,Eintracht Frankfurt,English,0.0,3,2,Katrina,Alaska
1576,0,female,,7.0,yes,4,17,1,5,91.0,4.4,Bayer Leverkusen,,0.0,1,2,Ophelia,Native Californian
1584,0,female,41.0,10.0,yes,4,16,1,5,10690.0,4.3,VfB Stuttgart,English,1.0,3,3,Rita,Ebolwa
1585,0,female,27.0,10.0,yes,1,18,1,4,25960.0,4.7,VfL Wolfsburg,English,0.0,3,2,Wilma,Borneo
1590,0,female,21.0,4.0,no,3,14,1,4,51.0,4.3,Aston Villa,English,0.0,1,4,Humberto,Australian aboriginie
1594,0,female,25.0,7.0,yes,4,14,3,2,1110.0,4.6,Tottenham Hotspur,English,0.0,1,2,Dolly,Alaska
1595,0,male,52.0,15.0,yes,5,18,5,2,4360.0,4.9,Queens Park Rangers,Portuguese,0.0,2,3,Gustav,Buriat
1603,0,male,48.0,7.0,yes,2,18,5,5,20370.0,4.8,Southampton FC,English,1.0,2,3,Ike,Alaska
1608,0,female,39.0,1.5,no,4,17,1,3,7110.0,4.7,Fulham FC,English,0.0,1,2,Irene,French Cameroons
1609,0,male,45.0,1.5,no,4,14,5,5,24000.0,4.8,Atlético Madrid,English,0.0,1,4,Isaac,Khoi-San or bushman half-caste
1615,0,female,19.0,1.5,yes,4,14,5,4,75000.0,4.9,OGC Nice,English,0.0,2,3,Sandy,Borneo
1616,0,female,,7.0,yes,3,16,1,5,1590.0,4.8,Liverpool FC,,0.0,3,2,Easy,Native Californian
1617,0,female,21.0,15.0,yes,3,16,5,4,5350.0,4.8,Girondins Bordeaux,English,0.0,3,3,King,Borneo
1620,0,female,,0.75,no,3,16,1,5,150.0,5.0,Hannover 96,,0.0,1,2,Able,Australian aboriginie
1621,0,female,,1.5,yes,2,14,5,5,58.0,4.5,Levante UD,,0.0,1,2,Barbara,Afalou
1637,0,female,52.0,4.0,yes,1,16,5,5,15.0,3.8,Chelsea FC,English,1.0,1,2,Florence,French Cameroons
1638,0,male,17.0,15.0,yes,4,16,5,5,19321.0,3.8,AS Nancy,Chinese,0.0,3,2,Carol,East Africa
1650,0,male,72.0,10.0,yes,4,20,6,5,3230.0,3.8,Reading FC,English,1.0,3,2,Edna,West Africa
1654,0,male,17.0,15.0,yes,4,16,6,4,24260.0,4.0,Montpellier HSC,English,0.0,4,2,Hazel,Khoi-San
1665,0,female,19.0,7.0,yes,2,14,1,2,2030.0,4.2,West Bromwich Albion,English,0.0,3,2,Connie,Khoi-San
1670,0,female,40.0,1.5,no,4,14,4,5,14730.0,4.5,Chelsea FC,English,1.0,1,2,Diane,Borneo
1671,0,female,27.0,10.0,yes,2,16,5,4,6200.0,4.5,Newcastle United,English,1.0,3,2,Ione,Native Californian
1675,0,female,45.0,0.75,no,2,16,5,4,1540.0,4.6,Lille OSC,English,0.0,2,3,Flossy,Borneo
1688,0,female,21.0,1.5,no,2,16,5,5,,4.7,Fulham FC,English,0.0,4,3,Audrey,Native Californian
1691,0,female,34.0,15.0,yes,3,18,6,4,540.0,4.1,1899 Hoffenheim,Spanish,1.0,3,3,Helene,Buriat
1695,0,female,34.0,7.0,yes,5,14,4,5,430.0,3.6,Werder Bremen,English,0.0,1,3,Debra,Native Californian
1698,0,male,25.0,15.0,yes,4,16,4,4,510.0,4.0,Southampton FC,English,0.0,3,2,Gracie,Borneo
1704,0,female,47.0,15.0,yes,3,18,5,2,53270.0,3.4,Werder Bremen,English,0.0,4,2,Donna,East Africa
1705,0,male,30.0,15.0,yes,3,18,6,2,35.0,2.8,Deportivo La Coruña,English,1.0,1,2,Ethel,French Cameroons
1711,0,female,31.0,7.0,yes,2,14,1,2,15850.0,4.1,FC Augsburg,English,0.0,4,3,Carla,Sami
1719,0,male,19.0,4.0,no,5,12,4,5,300.0,3.5,FC Barcelona,English,1.0,1,3,Cindy,Afalou
1723,0,female,27.0,1.5,no,1,16,6,5,6450.0,3.4,Chelsea FC,English,0.0,2,3,Cleo,East Africa
1726,0,female,31.0,0.75,no,1,14,4,5,16260.0,4.1,FC Barcelona,English,0.0,2,2,Dora,Native Californian
1749,0,female,19.0,15.0,yes,4,12,1,5,2770.0,4.2,Olympique Lyon,English,1.0,3,2,Hilda,Arabia
1752,0,male,50.0,1.5,no,2,18,5,3,800.0,4.3,Stoke City,English,0.0,2,3,Isbell,Ona
1754,0,male,64.0,4.0,yes,5,17,2,5,20000.0,4.1,Bayer Leverkusen,English,0.0,3,2,Betsy,Chucki
1758,0,female,14.0,4.0,yes,4,12,1,5,730.0,3.4,Olympique Lyon,Finnish,0.0,2,3,Alma,Buriat
1761,0,male,24.0,15.0,yes,5,18,5,4,99.0,3.5,Reading FC,English,0.0,1,3,Inez,Australian aboriginie
1773,0,male,23.0,1.5,no,2,20,7,3,5060.0,3.6,FC Lorient,Chinese,1.0,3,3,Beulah,Ebolwa
1775,0,male,24.0,15.0,no,4,9,3,1,800.0,3.7,Chelsea FC,Russian,0.0,2,3,Gladys,Native Californian
1786,0,male,25.0,7.0,no,4,18,5,5,23040.0,3.0,Chelsea FC,English,1.0,5,3,Camille,Chucki
1793,0,male,20.0,15.0,yes,2,17,5,4,6870.0,4.6,Bor. Mönchengladbach,English,1.0,3,4,Celia,East Africa
1799,0,male,20.0,15.0,yes,4,17,6,5,300.0,4.0,Manchester United,English,0.0,2,4,Edith,Yaghan
1803,0,female,59.0,7.0,no,2,17,5,4,500.0,4.8,Deportivo La Coruña,English,0.0,1,2,Fern,Sami
1806,0,female,30.0,7.0,yes,4,14,5,5,200.0,4.6,Fulham FC,English,0.0,1,3,Ginger,Ebolwa
1807,0,female,26.0,4.0,no,2,14,3,3,20430.0,3.4,FC Lorient,English,0.0,1,2,Agnes,Native Californian
1808,0,male,25.0,7.0,yes,2,20,6,5,1180.0,4.4,Leyton Orient,English,0.0,3,2,Carmen,Australian aboriginie
1814,0,male,17.0,7.0,no,4,12,4,3,6190.0,3.6,Girondins Bordeaux,English,0.0,3,2,Eloise,Alaska
1815,0,male,34.0,10.0,yes,4,18,6,4,570.0,3.8,Reading FC,English,,1,3,Belle,East Africa
1818,0,female,24.0,1.5,no,3,14,1,5,66.0,3.7,Espanyol Barcelona,English,0.0,1,2,Babe,Australian aboriginie
1827,0,female,32.0,4.0,yes,2,14,1,3,70.0,4.7,West Bromwich Albion,English,1.0,1,2,Bob,East Africa
1834,0,female,23.0,15.0,no,4,20,6,5,2700.0,4.5,Eintracht Frankfurt,English,0.0,2,2,David,Borneo
1835,0,male,32.0,15.0,yes,4,14,4,3,12770.0,5.0,FC Barcelona,English,0.0,3,3,Frederic,East Africa
1843,0,female,21.0,7.0,yes,3,18,5,5,2130.0,3.8,Hannover 96,English,1.0,3,4,Allen,Borneo
1846,0,female,24.0,10.0,no,4,14,4,5,10400.0,4.1,Hannover 96,English,0.0,3,2,Alicia,French Cameroons
1850,0,male,25.0,4.0,yes,4,16,5,5,410.0,4.3,Évian Thonon Gaillard,Portuguese,0.0,2,3,Diana,Chucki
1851,0,female,40.0,4.0,yes,2,16,1,4,130.0,4.4,Paris Saint-Germain,English,0.0,1,2,Bob,Buriat
1854,0,female,26.0,15.0,yes,2,14,5,1,160.0,4.7,Fortuna Düsseldorf,English,0.0,1,2,Danny,Native Californian
1859,0,female,21.0,1.5,no,5,14,1,4,4180.0,3.9,Hamburger SV,English,1.0,3,2,Elena,East Africa
1861,0,male,24.0,7.0,yes,2,20,5,4,3020.0,4.8,Atlético Madrid,English,0.0,3,2,Gloria,Borneo
1866,0,male,42.0,4.0,yes,4,14,5,5,4730.0,4.3,SpVgg Greuther Fürth,English,0.0,1,3,Juan,Ebolwa
1873,0,male,19.0,0.125,no,1,16,3,5,1310.0,4.6,Borussia Dortmund,Chinese,0.0,2,2,Kate,Borneo
1875,0,female,57.0,7.0,yes,4,14,1,4,6.0,3.8,1. FSV Mainz 05,French,0.0,1,4,Bonnie,Borneo
1885,0,female,59.0,15.0,yes,5,16,5,3,58.0,5.0,Borussia Dortmund,English,1.0,1,2,Charley,Australian aboriginie
1892,0,male,42.0,10.0,yes,4,18,5,4,1.0,4.9,Getafe CF,English,0.0,1,3,Floyd,Native Californian
1895,0,female,38.0,15.0,yes,2,14,3,4,4.0,4.6,Atlético Madrid,English,0.0,1,3,Florence,Native Californian
1896,0,female,52.0,1.5,no,3,17,5,5,290.0,4.6,Chelsea FC,English,0.0,1,2,Chantal,Borneo
1897,0,male,19.0,4.0,yes,4,17,4,4,20020.0,5.0,Valencia CF,English,1.0,4,4,Hugo,Buriat
1899,0,female,23.0,15.0,yes,5,14,1,5,230.0,4.6,Olympique Lyon,Danish,0.0,1,3,Jerry,Khoi-San or bushman half-caste
1904,0,female,21.0,7.0,yes,2,12,1,2,3620.0,4.9,Chelsea FC,English,1.0,2,2,Bob,Australian aboriginie
1905,0,female,22.0,7.0,yes,3,12,1,4,66730.0,4.0,AC Ajaccio,Dutch,0.0,5,3,Andrew,Native Californian
1908,0,female,31.0,15.0,yes,2,14,1,4,96.0,3.9,SC Bastia,English,0.0,3,2,Emily,Ebolwa
1916,0,female,33.0,15.0,yes,4,14,5,4,1650.0,4.1,1. FC Nürnberg,English,0.0,2,2,Erin,East Africa
1918,0,male,27.0,7.0,yes,4,14,3,3,7550.0,2.9,AS Saint-Étienne,English,0.0,3,2,Opal,East Africa
1920,0,male,28.0,7.0,yes,2,20,6,2,700.0,2.8,SC Bastia,English,,2,2,Bertha,East Africa
1930,0,female,20.0,15.0,yes,3,12,3,3,8260.0,2.8,Queens Park Rangers,English,1.0,3,2,Fran,East Africa
1940,0,male,22.0,4.0,yes,3,16,3,5,200.0,4.0,SpVgg Greuther Fürth,English,0.0,1,2,Danny,Khoi-San
1947,0,female,33.0,7.0,yes,3,14,1,4,1650.0,3.3,Manchester United,German,0.0,2,2,Bonnie,Australian aboriginie
1949,0,female,19.0,1.5,no,2,14,4,5,160.0,3.0,Bor. Mönchengladbach,English,0.0,1,2,Earl,Ebolwa
1951,0,female,21.0,4.0,yes,4,14,1,4,3870.0,3.6,Espanyol Barcelona,Dutch,0.0,2,2,Georges,Native Californian
1952,0,female,22.0,4.0,no,4,14,5,5,94.0,3.8,Rayo Vallecano,English,1.0,3,3,Bret,Australian aboriginie
1960,0,female,30.0,1.5,no,2,16,4,5,8130.0,3.9,Girondins Bordeaux,English,0.0,2,3,Floyd,Australian aboriginie
9001,0,male,58.0,15.0,no,4,14,5,4,1430.0,4.7,FC Schalke 04,English,0.0,1,3,Irene,Australian aboriginie
9012,0,male,31.0,10.0,yes,2,18,6,2,1260.0,4.7,FC Barcelona,English,1.0,1,3,Lili,Native Californian
9023,0,male,,15.0,yes,3,17,5,4,250.0,3.9,Bayern München,,1.0,1,2,Claudette,Native Californian
9029,0,female,26.0,4.0,yes,2,16,1,4,4980.0,4.4,Bor. Mönchengladbach,English,0.0,2,2,Isabel,East Africa
6,3,male,22.0,1.5,no,3,18,4,4,5.0,3.6,Getafe CF,Dutch,0.0,1,2,Alex,Tasmanien
12,3,female,29.0,4.0,yes,3,17,1,5,20510.0,4.2,Bayern München,English,0.0,4,3,Charley,Buriat
43,7,male,18.0,15.0,yes,5,18,6,2,12620.0,3.4,FC Barcelona,Portuguese,0.0,2,3,Frances,Australian aboriginie
53,12,female,,10.0,yes,3,17,5,2,170.0,4.0,Évian Thonon Gaillard,,1.0,1,3,Gaston,Native Californian
67,1,male,19.0,0.125,no,4,16,5,5,18590.0,4.2,Manchester United,English,0.0,3,2,Ivan,Native Californian
79,1,female,52.0,1.5,yes,2,14,1,5,10210.0,4.4,Rayo Vallecano,English,1.0,3,2,Jeanne,Alaska
122,12,male,13.0,15.0,yes,4,14,5,2,350.0,4.5,SC Freiburg,English,0.0,1,3,Cindy,Tasmanien
126,7,female,34.0,1.5,no,2,14,3,4,2650.0,3.2,VfB Stuttgart,English,0.0,3,2,Dennis,Buriat
133,2,male,19.0,15.0,yes,2,18,6,4,,4.3,Stoke City,English,0.0,3,3,Katrina,Native Californian
138,3,female,48.0,15.0,yes,4,12,3,2,91.0,3.3,Atlético Madrid,English,0.0,1,3,Ophelia,Sami
154,1,female,35.0,15.0,yes,4,14,4,2,10690.0,3.2,Stoke City,English,0.0,3,3,Rita,Native Californian
159,7,female,27.0,15.0,yes,3,17,1,4,25960.0,4.1,Borussia Dortmund,English,1.0,3,3,Wilma,Khoi-San
174,12,female,28.0,15.0,yes,5,9,4,1,51.0,4.3,Atlético Madrid,English,0.0,1,3,Humberto,Ebolwa
176,12,male,14.0,10.0,yes,2,20,6,2,1110.0,4.5,Fulham FC,English,0.0,1,4,Dolly,East Africa
181,12,female,12.0,15.0,yes,3,14,1,2,4360.0,3.7,Hamburger SV,English,0.0,2,4,Gustav,East Africa
182,3,male,24.0,4.0,no,1,18,6,5,20370.0,4.3,Bor. Mönchengladbach,English,1.0,2,2,Ike,Australian aboriginie
186,7,male,20.0,10.0,yes,2,18,7,3,7110.0,4.4,Tottenham Hotspur,English,0.0,1,3,Irene,Native Californian
189,7,female,21.0,4.0,no,3,17,5,5,24000.0,4.2,1899 Hoffenheim,English,1.0,1,2,Isaac,Australian aboriginie
204,1,male,28.0,15.0,yes,4,16,5,5,75000.0,4.0,Sevilla FC,English,1.0,2,2,Sandy,Australian aboriginie
215,1,female,49.0,15.0,yes,5,14,4,5,1590.0,3.4,Borussia Dortmund,English,1.0,3,2,Easy,Native Californian
232,7,female,22.0,4.0,yes,3,18,5,4,5350.0,4.5,ESTAC Troyes,Korean,0.0,3,3,King,Native Californian
233,1,female,24.0,7.0,yes,5,14,1,4,150.0,3.9,ESTAC Troyes,English,0.0,1,2,Able,Khoi-San or bushman half-caste
252,12,male,51.0,1.5,yes,3,17,5,4,58.0,3.1,Wigan Athletic,Italian,0.0,1,2,Barbara,West Africa
253,12,female,26.0,7.0,yes,4,14,6,2,15.0,4.0,Évian Thonon Gaillard,English,0.0,1,2,Florence,Australian aboriginie
274,3,female,29.0,15.0,yes,4,16,5,4,19321.0,3.8,Sevilla FC,English,0.0,3,3,Carol,Native Californian
275,7,female,28.0,10.0,yes,4,12,7,3,3230.0,3.4,Paris Saint-Germain,English,0.0,3,4,Edna,Australian aboriginie
287,1,male,28.0,1.5,no,2,18,5,2,24260.0,2.9,Everton FC,English,0.0,4,2,Hazel,Native Californian
288,1,male,45.0,4.0,no,4,20,6,4,2030.0,4.5,Stade Rennes,English,0.0,3,3,Connie,Native Californian
325,1,female,52.0,7.0,yes,3,14,1,3,14730.0,4.0,Stade Rennes,English,0.0,1,2,Diane,Sami
328,3,female,23.0,10.0,yes,4,14,1,4,6200.0,3.8,Montpellier HSC,Finnish,1.0,3,2,Ione,Borneo
344,3,male,36.0,4.0,yes,2,18,7,2,1540.0,4.3,VfB Stuttgart,French,0.0,2,2,Flossy,Native Californian
353,1,female,,0.75,no,5,14,4,5,,3.4,VfL Wolfsburg,,0.0,4,2,Audrey,Ebolwa
354,1,female,54.0,10.0,yes,4,18,1,5,540.0,3.4,Levante UD,English,0.0,3,3,Helene,Australian aboriginie
367,7,female,32.0,7.0,yes,2,17,6,4,430.0,3.3,Bayern München,,0.0,1,2,Debra,Buriat
369,7,male,21.0,15.0,yes,2,20,6,4,510.0,4.3,Chelsea FC,Chinese,0.0,3,4,Gracie,Australian aboriginie
390,7,female,36.0,10.0,no,1,20,5,3,53270.0,4.4,Eintracht Frankfurt,French,0.0,4,2,Donna,Ebolwa
392,12,female,22.0,10.0,yes,2,16,5,5,35.0,4.6,Deportivo La Coruña,English,0.0,1,3,Ethel,Buriat
423,7,male,46.0,15.0,yes,2,20,6,4,15850.0,4.2,Queens Park Rangers,English,0.0,4,3,Carla,Chucki
432,7,female,18.0,15.0,yes,1,12,1,3,300.0,4.0,Manchester City,Chinese,0.0,1,2,Cindy,French Cameroons
436,1,male,,15.0,yes,2,20,6,3,6450.0,3.3,Valencia CF,,0.0,2,4,Cleo,Borneo
483,2,male,23.0,15.0,yes,3,18,6,5,16260.0,4.4,Norwich City,German,0.0,2,3,Dora,Khoi-San
513,12,female,24.0,4.0,no,3,12,3,4,2770.0,2.3,SC Freiburg,English,0.0,3,2,Hilda,Borneo
516,12,male,48.0,7.0,yes,1,18,6,2,800.0,3.5,Walsall FC,English,0.0,2,3,Isbell,West Africa
518,1,male,27.0,4.0,yes,3,18,5,5,20000.0,4.7,Rayo Vallecano,Romanian,0.0,3,2,Betsy,West Africa
520,12,male,16.0,15.0,yes,4,17,6,5,730.0,3.9,OGC Nice,English,0.0,2,2,Alma,Khoi-San
526,12,female,23.0,15.0,yes,4,12,1,1,99.0,4.0,VfL Wolfsburg,German,0.0,1,2,Inez,Buriat
528,7,male,32.0,4.0,no,3,14,3,4,5060.0,4.3,Eintracht Frankfurt,English,0.0,3,2,Beulah,Borneo
553,7,female,35.0,7.0,yes,4,18,4,5,800.0,3.8,Bayern München,English,0.0,2,2,Gladys,Borneo
576,1,male,11.0,0.417,yes,3,12,3,4,23040.0,3.8,Stade Rennes,English,0.0,5,2,Camille,Australian aboriginie
611,3,male,50.0,15.0,yes,5,16,5,4,6870.0,4.0,Stade Reims,English,0.0,3,2,Celia,West Africa
625,12,male,51.0,15.0,yes,2,20,5,4,300.0,4.6,FC Barcelona,,0.0,2,2,Edith,Afalou
635,7,male,16.0,4.0,yes,2,17,6,4,500.0,3.5,Sevilla FC,English,0.0,1,2,Fern,Yaghan
646,1,male,25.0,4.0,no,2,14,4,5,200.0,4.7,Bayern München,English,1.0,1,3,Ginger,East Africa
657,7,female,13.0,15.0,yes,5,16,1,3,20430.0,4.2,Espanyol Barcelona,English,1.0,1,3,Agnes,Alaska
659,1,male,21.0,4.0,no,3,14,3,3,1180.0,3.4,FC Augsburg,English,1.0,3,3,Carmen,(Buriat) Chinese?
666,1,female,27.0,10.0,yes,4,16,1,4,6190.0,3.9,Sevilla FC,English,1.0,3,3,Eloise,Tasmanien
679,1,male,16.0,7.0,yes,3,14,7,4,570.0,4.5,Deportivo La Coruña,English,0.0,1,2,Belle,Australian aboriginie
729,7,male,25.0,7.0,yes,2,18,4,1,66.0,4.7,Olympique Lyon,English,1.0,1,2,Babe,East Africa
755,3,male,,1.5,no,1,14,3,2,70.0,3.5,Stade Brest,,0.0,1,2,Bob,Native Californian
758,7,male,45.0,4.0,yes,3,18,6,4,2700.0,3.7,Birmingham City,English,0.0,2,3,David,Afalou
770,7,male,60.0,15.0,yes,4,20,6,4,12770.0,4.0,Stade Brest,Spanish,1.0,3,3,Frederic,Afalou
786,2,female,70.0,15.0,yes,1,18,5,4,2130.0,4.1,Stoke City,English,0.0,3,3,Allen,Australian aboriginie
797,7,female,11.0,4.0,yes,3,18,5,2,10400.0,4.4,Arsenal FC,English,0.0,3,2,Alicia,West Africa
811,1,male,48.0,4.0,yes,1,16,4,4,410.0,4.2,Liverpool FC,English,1.0,2,2,Diana,Khoi-San
834,7,male,25.0,7.0,yes,4,16,1,4,130.0,4.5,Stade Reims,English,0.0,1,3,Bob,West Africa
858,2,male,54.0,15.0,yes,1,17,4,4,160.0,3.8,Sunderland AFC,English,1.0,1,2,Danny,Borneo
885,7,female,41.0,15.0,yes,4,14,5,2,4180.0,3.1,FC Schalke 04,English,0.0,3,3,Elena,Native Californian
893,7,male,27.0,10.0,yes,1,18,5,3,3020.0,3.7,FC Lorient,English,0.0,3,3,Gloria,Khoi-San or bushman half-caste
927,3,male,28.0,15.0,yes,3,17,6,1,4730.0,3.9,Granada CF,English,0.0,1,3,Juan,East Africa
928,1,female,15.0,15.0,yes,3,14,4,4,1310.0,4.0,Wigan Athletic,English,0.0,2,3,Kate,Australian aboriginie
933,2,female,22.0,7.0,yes,3,17,5,3,6.0,3.3,Levante UD,English,0.0,1,3,Bonnie,Native Californian
951,12,male,50.0,7.0,yes,2,12,4,2,58.0,3.1,Atlético Madrid,English,0.0,1,4,Charley,Khoi-San
968,1,male,33.0,4.0,no,4,14,2,5,1.0,4.0,Toulouse FC,English,1.0,1,4,Floyd,Borneo
972,3,male,20.0,7.0,yes,3,18,6,4,4.0,4.3,Stoke City,English,1.0,1,2,Florence,Australian aboriginie
975,12,female,21.0,15.0,yes,1,18,5,5,290.0,3.7,Queens Park Rangers,English,0.0,1,3,Chantal,Australian aboriginie
977,7,female,40.0,15.0,yes,3,17,1,3,20020.0,3.4,Deportivo La Coruña,English,0.0,4,2,Hugo,Khoi-San or bushman half-caste
981,7,female,50.0,7.0,no,2,17,5,5,230.0,4.3,Deportivo La Coruña,English,0.0,1,2,Jerry,Khoi-San
986,1,female,21.0,7.0,yes,3,17,5,3,3620.0,3.7,Newcastle United,German,1.0,2,2,Bob,Borneo
1002,1,male,25.0,1.5,yes,2,14,2,4,66730.0,4.2,Werder Bremen,English,1.0,5,3,Andrew,Borneo
1007,12,female,12.0,15.0,yes,4,14,1,2,96.0,2.2,Bayer Leverkusen,English,0.0,3,2,Emily,Khoi-San
1011,7,male,24.0,10.0,yes,3,14,5,4,1650.0,3.0,Olympique Marseille,English,0.0,2,2,Erin,Afalou
1035,7,male,35.0,4.0,yes,1,20,6,3,7550.0,4.3,SpVgg Greuther Fürth,English,0.0,3,2,Opal,Alaska
1050,1,female,45.0,4.0,yes,2,16,5,3,700.0,4.6,Sunderland AFC,English,0.0,2,3,Bertha,Arabia
1056,12,female,24.0,15.0,yes,3,14,4,3,8260.0,3.5,Stoke City,English,0.0,3,4,Fran,East Africa
1057,1,male,19.0,10.0,yes,5,20,6,5,200.0,4.6,FC Barcelona,English,0.0,1,2,Danny,Ebolwa
1075,12,male,18.0,10.0,yes,2,20,6,2,1650.0,3.7,Atlético Madrid,English,0.0,2,3,Bonnie,West Africa
1080,12,female,24.0,7.0,yes,1,14,3,3,160.0,3.8,Real Zaragoza,English,0.0,1,2,Earl,Australian aboriginie
1125,3,female,46.0,7.0,yes,4,12,1,2,3870.0,3.6,SC Bastia,English,1.0,2,2,Georges,Arabia
1131,3,male,16.0,10.0,yes,2,14,4,4,94.0,4.4,1. FC Nürnberg,English,0.0,3,2,Bret,East Africa
1138,12,female,,0.75,yes,2,12,1,3,8130.0,4.1,West Bromwich Albion,,0.0,2,2,Floyd,Chucki
1150,12,female,12.0,15.0,yes,3,18,5,4,1430.0,4.3,AS Saint-Étienne,Vietnamese,0.0,1,3,Irene,Ebolwa
1163,2,female,,7.0,no,4,14,4,3,1260.0,4.0,Bor. Mönchengladbach,,0.0,1,2,Lili,Arabia
1169,1,male,,7.0,yes,4,20,6,5,250.0,4.8,Stoke City,Spanish,0.0,1,4,Claudette,Khoi-San
1198,7,male,18.0,4.0,yes,2,18,6,2,4980.0,3.5,Manchester City,Swedish,1.0,2,2,Isabel,Khoi-San or bushman half-caste
1204,1,female,25.0,1.5,yes,5,14,5,3,5.0,3.6,Girondins Bordeaux,English,0.0,1,3,Alex,East Africa
1218,12,female,27.0,15.0,no,3,17,5,1,20510.0,3.8,Southampton FC,English,0.0,4,3,Charley,Ebolwa
1230,12,female,24.0,15.0,yes,2,12,1,2,12620.0,4.7,Getafe CF,English,1.0,2,2,Frances,Native Californian
1236,7,male,,15.0,yes,3,20,5,4,170.0,4.9,Arsenal FC,,0.0,1,4,Gaston,Borneo
1247,12,male,30.0,10.0,no,2,18,4,2,18590.0,4.3,1899 Hoffenheim,English,0.0,3,3,Ivan,Borneo
1259,12,female,51.0,15.0,yes,3,9,1,1,10210.0,3.3,West Bromwich Albion,,0.0,3,2,Jeanne,West Africa
1294,7,male,24.0,15.0,yes,5,20,4,5,350.0,3.4,Tottenham Hotspur,English,0.0,1,3,Cindy,Yaghan
1353,12,male,32.0,15.0,yes,4,20,6,4,2650.0,3.6,Paris Saint-Germain,English,0.0,3,2,Dennis,East Africa
1370,2,female,,15.0,yes,2,17,6,3,,4.0,1. FSV Mainz 05,,0.0,3,2,Katrina,Khoi-San
1427,12,male,46.0,15.0,yes,3,17,6,3,91.0,3.9,Getafe CF,English,0.0,1,2,Ophelia,Afalou
1445,12,male,22.0,15.0,yes,5,17,5,2,10690.0,4.3,1. FSV Mainz 05,Dutch,0.0,3,2,Rita,Buriat
1460,7,male,21.0,10.0,yes,2,20,6,4,25960.0,3.3,Tottenham Hotspur,Other,0.0,3,2,Wilma,Native Californian
1480,2,male,20.0,15.0,yes,2,16,5,4,51.0,3.7,Bayer Leverkusen,Chinese,0.0,1,2,Humberto,Chucki
1505,12,female,52.0,15.0,yes,1,14,5,2,1110.0,3.6,Eintracht Frankfurt,English,0.0,1,2,Dolly,Alaska
1543,7,male,41.0,10.0,yes,3,17,6,3,4360.0,4.4,Stade Rennes,English,0.0,2,2,Gustav,Ebolwa
1548,2,male,37.0,15.0,yes,4,18,5,1,20370.0,4.0,FC Schalke 04,English,0.0,2,2,Ike,Native Californian
1550,7,female,16.0,1.5,no,2,17,5,5,7110.0,2.1,Deportivo La Coruña,German,0.0,1,3,Irene,Borneo
1561,3,female,26.0,15.0,yes,2,17,5,2,24000.0,3.2,Liverpool FC,English,0.0,1,3,Isaac,Alaska
1564,12,male,21.0,15.0,yes,2,17,5,4,75000.0,3.5,West Ham United,English,0.0,2,3,Sandy,Yaghan
1573,12,female,20.0,4.0,no,2,14,5,5,1590.0,4.1,Newcastle United,English,1.0,3,3,Easy,Australian aboriginie
1575,2,female,50.0,10.0,yes,4,14,1,5,5350.0,4.6,Bayern München,English,0.0,3,2,King,Ebolwa
1599,1,female,21.0,4.0,yes,3,16,1,3,150.0,3.8,Arsenal FC,Russian,0.0,1,2,Able,Alaska
1622,12,male,47.0,7.0,no,4,16,5,5,58.0,3.8,Fortuna Düsseldorf,Romanian,0.0,1,2,Barbara,Native Californian
1629,2,female,33.0,4.0,yes,1,16,3,5,15.0,3.8,Stoke City,Standard_Hindi,0.0,1,3,Florence,East Africa
1664,7,female,49.0,15.0,yes,2,17,6,4,19321.0,4.2,Liverpool FC,English,0.0,3,3,Carol,Borneo
1669,2,female,57.0,4.0,no,1,17,3,1,3230.0,3.9,Real Sociedad,French,0.0,3,3,Edna,East Africa
1674,12,female,30.0,0.75,yes,2,12,3,5,24260.0,4.5,Sevilla FC,English,0.0,4,2,Hazel,Australian aboriginie
1682,7,female,14.0,15.0,yes,5,18,5,4,2030.0,4.5,West Ham United,English,0.0,3,2,Connie,Buriat
1685,7,female,21.0,4.0,no,1,16,3,5,14730.0,4.4,Arsenal FC,English,0.0,1,3,Diane,Sami
1697,2,male,,4.0,yes,4,18,6,4,6200.0,4.4,Olympique Marseille,,0.0,3,2,Ione,Native Californian
1716,1,female,19.0,1.5,yes,3,18,5,2,1540.0,4.4,SpVgg Greuther Fürth,English,0.0,2,3,Flossy,Australian aboriginie
1730,3,female,19.0,15.0,yes,2,17,5,4,,4.5,1899 Hoffenheim,English,0.0,4,3,Audrey,French Cameroons
1731,1,male,33.0,7.0,yes,4,16,4,4,540.0,4.3,AC Ajaccio,English,1.0,3,3,Helene,Native Californian
1732,12,male,19.0,15.0,no,3,14,6,2,430.0,4.6,Lille OSC,English,0.0,1,3,Debra,East Africa
1743,1,male,13.0,15.0,yes,3,16,6,3,510.0,4.8,Levante UD,English,0.0,3,3,Gracie,Borneo
1751,1,male,,4.0,yes,1,18,5,4,53270.0,4.3,Fulham FC,,1.0,4,4,Donna,Native Californian
1757,2,male,26.0,15.0,yes,4,20,7,3,35.0,4.0,FC Barcelona,Dutch,,1,4,Ethel,Borneo
1763,7,male,55.0,15.0,yes,3,20,6,4,15850.0,4.0,Queens Park Rangers,English,0.0,4,2,Carla,French Cameroons
1766,3,male,42.0,1.5,no,2,12,3,3,300.0,3.9,Norwich City,English,1.0,1,3,Cindy,Australian aboriginie
1772,3,male,22.0,4.0,yes,3,20,6,2,6450.0,3.3,Paris Saint-Germain,English,0.0,2,2,Cleo,Native Californian
1776,2,male,57.0,15.0,yes,5,20,6,5,16260.0,4.5,Valenciennes FC,English,1.0,2,2,Dora,Native Californian
1782,12,female,33.0,15.0,yes,1,18,5,5,2770.0,4.5,AS Nancy,German,0.0,3,2,Hilda,Afalou
1784,12,male,20.0,15.0,no,1,18,6,5,800.0,4.5,Fortuna Düsseldorf,English,0.0,2,3,Isbell,Buriat
1791,3,female,33.0,15.0,yes,4,16,4,4,20000.0,2.5,Fulham FC,English,1.0,3,2,Betsy,Buriat
1831,7,female,22.0,15.0,yes,3,14,3,2,730.0,4.3,Liverpool FC,English,0.0,2,2,Alma,East Africa
1840,7,female,,7.0,yes,4,16,1,2,99.0,4.5,FC Augsburg,,0.0,1,2,Inez,West Africa
1844,12,male,19.0,15.0,yes,3,18,6,2,5060.0,4.7,Real Zaragoza,English,1.0,3,3,Beulah,Ebolwa
1856,7,female,21.0,15.0,yes,2,14,3,2,800.0,3.5,Hamburger SV,Swedish,0.0,2,4,Gladys,Sami
1876,12,male,17.0,7.0,yes,2,17,5,4,23040.0,4.5,1. FSV Mainz 05,,0.0,5,2,Camille,Chucki
1929,3,male,26.0,10.0,yes,4,14,4,3,6870.0,3.8,AC Ajaccio,Dutch,0.0,3,3,Celia,Australian aboriginie
1935,7,male,17.0,15.0,yes,3,16,4,2,300.0,4.5,Hamburger SV,English,0.0,2,2,Edith,Alaska
1938,1,male,27.0,1.5,yes,1,12,2,5,500.0,4.3,Valencia CF,English,1.0,1,2,Fern,Australian aboriginie
1941,7,female,20.0,10.0,yes,2,18,5,4,200.0,3.9,Peterborough United,English,0.0,1,2,Ginger,South Africa
1954,2,male,34.0,10.0,yes,2,17,6,5,20430.0,4.3,Paris Saint-Germain,Spanish,0.0,1,2,Agnes,Chucki
1959,2,male,24.0,7.0,yes,3,18,6,2,1180.0,4.2,Hamburger SV,English,0.0,3,3,Carmen,East Africa
9010,1,female,21.0,15.0,yes,3,14,1,5,6190.0,5.0,Paris Saint-Germain,Dutch,0.0,3,2,Eloise,Australian aboriginie
