,Coef.,Std.Err.,z,P>|z|,[0.025,0.975]
Intercept,1.3772581563543183,0.8877592751776852,1.5513869523679826,0.12080898014230117,-0.36271804993532775,3.1172343626439645
C(children)[T.yes],0.3976721330319879,0.29151004002205927,1.364179885543205,0.17251095719282372,-0.17367704654307803,0.9690213126070538
C(gender)[T.male],0.28028665218133175,0.23909576404067345,1.1722777829457955,0.24108554842420182,-0.18833243419447515,0.7489057385571387
age,-0.044255022869993034,0.018248192284108764,-2.4251729804782927,0.015301094118127627,-0.08002082252980791,-0.00848922321017815
years_married,0.09477302235212763,0.03221457131549909,2.9419302657779087,0.0032617336860695724,0.031633622796352304,0.15791242190790294
religiosity,-0.3247206346236002,0.0897543831820954,-3.617880521386914,0.0002970254478447438,-0.5006359931151148,-0.14880527613208566
education,0.021050863801720967,0.05051052862442431,0.41676189845975686,0.67685257408701,-0.07794795314223016,0.1200496807456721
occupation,0.03091970884047839,0.07177677239991039,0.43077597120425815,0.6666312728475396,-0.10976017998987454,0.17159959767083133
marriage_rating,-0.46845426118236666,0.09090680591911975,-5.153126396269525,2.561791692056565e-07,-0.646628326733414,-0.29028019563131935
