rownames,minority,age,gender,credits,beauty,eval,division,native,tenure,students,allstudents,prof
183,no,48,female,more,1.6790557744007535,0.62733025385513,upper,yes,yes,251,164,40
344,no,51,male,more,1.3363062200558267,1.5739317935014463,lower,yes,yes,75,434,56
441,no,49,female,more,2.7225279207122073,1.1867360842588286,upper,yes,yes,377,138,63
22,no,53,male,more,1.4859944663028006,1.3659237054093605,lower,yes,yes,137,553,13
426,no,64,female,more,2.439402983602548,0.5238304658729145,upper,yes,yes,317,338,62
76,no,52,male,more,1.5092621217752995,0.8552441234328283,upper,yes,yes,261,351,23
367,no,65,female,more,1.1744623987446987,0.9771070948422022,upper,yes,no,247,15,62
286,no,51,female,more,2.376845066466842,1.7947864774595437,upper,yes,no,333,510,24
108,no,44,female,more,1.2769994901541102,1.9101463971277886,upper,yes,yes,174,451,41
128,no,39,female,more,1.8545130227633275,1.7909143880259166,upper,yes,yes,40,401,41
245,yes,50,male,more,2.0121162951416025,1.1303279957553451,upper,no,yes,136,276,40
228,no,72,male,more,0.7399254204489794,1.1773008886203553,lower,yes,yes,367,59,52
205,no,34,male,more,1.7244671542163008,2.4168825298511902,lower,yes,yes,229,406,72
363,no,73,male,more,2.796018799774303,1.088351764416585,lower,yes,yes,35,358,62
304,yes,65,male,single,0.7175323511040919,1.0961443529496935,lower,yes,no,38,209,65
203,no,43,male,more,1.8499642459221672,0.7953428336296231,upper,yes,yes,251,468,10
118,no,50,male,more,1.0478641178650216,0.9079557139079695,upper,yes,yes,143,194,73
420,no,41,male,more,2.193783930268747,1.1989841052623702,upper,yes,yes,19,174,59
408,no,32,female,more,0.6128612724784785,1.939332360231178,upper,yes,yes,98,338,3
65,no,62,male,more,2.3581306573419014,0.9760126613282893,upper,yes,yes,63,440,66
383,no,33,female,more,2.532917481238034,2.375890037443103,upper,yes,yes,231,358,84
37,yes,37,male,more,0.6450271145326312,2.2697243204359507,upper,yes,yes,318,131,76
185,no,56,male,more,1.3759583300454716,0.9394327493690083,lower,no,yes,187,196,71
92,no,51,male,more,3.9910317683312146,1.633850266828751,lower,yes,yes,204,451,37
149,no,56,female,more,-0.23916916947318567,1.5348396134918583,upper,yes,no,60,186,6
455,no,72,male,more,1.7862029372287291,2.182845134220444,lower,yes,yes,309,102,10
30,no,61,female,more,1.350045297687663,1.3559825681588613,upper,yes,no,167,92,37
352,no,36,male,more,1.428234918730488,1.6204553143869582,lower,yes,yes,327,387,91
212,no,64,male,more,3.729526317165086,1.468243521107009,upper,yes,yes,260,87,82
271,no,47,female,more,2.1095857994114646,1.7152480459342037,upper,yes,yes,258,62,62
300,no,55,male,more,1.919690785342379,1.6454457488325358,upper,yes,yes,241,541,15
355,no,55,male,more,1.893278699435644,1.535458387883004,upper,yes,yes,15,30,27
447,yes,36,female,more,2.0156447960149078,1.742199022341321,upper,no,yes,336,239,17
21,yes,33,female,more,0.7481989574372837,0.8405662932721075,upper,yes,yes,43,428,90
407,no,35,male,more,4.64610251489237,0.6927858659275199,upper,yes,yes,165,380,33
170,no,43,female,more,2.790881349603049,1.4652518710255695,upper,yes,yes,286,386,36
384,no,41,female,more,2.0561672494976917,2.180150837157985,lower,yes,no,240,251,35
143,no,49,male,more,2.1689391810541965,2.0077926322663213,upper,no,yes,11,395,11
330,no,47,female,more,1.23073856141486,1.612732166010176,upper,yes,no,243,166,49
28,no,48,female,more,1.1937300520852792,0.8374095824603188,upper,yes,no,21,391,65
113,no,44,male,more,0.36584508787269665,1.278532633321486,lower,yes,yes,57,542,82
88,no,43,female,more,2.74209190515827,1.172099893064313,upper,yes,no,93,209,94
419,yes,52,female,more,1.3324077343197267,1.6256200986394946,lower,yes,yes,229,120,65
238,no,55,male,more,2.7204047837728833,0.5751496224868528,upper,yes,no,375,28,58
45,yes,60,female,more,2.2238346997430423,1.5490594659314219,lower,yes,yes,76,29,25
310,no,68,female,more,1.9164341232786997,1.1719542352245724,upper,yes,yes,35,70,41
285,no,55,male,single,1.979491606367347,0.30276319798335516,lower,yes,yes,35,219,21
180,no,30,male,more,2.064599902207371,2.3424508108786797,upper,yes,yes,345,190,44
229,yes,42,female,more,1.4239221854706368,1.8828871132407017,lower,yes,yes,289,20,34
413,no,61,female,more,3.0650134458359863,2.150206715446867,upper,yes,yes,29,317,53
97,no,46,female,more,1.414830163606847,1.2609246948096333,upper,yes,yes,241,35,60
276,no,36,male,more,0.9507973713835042,1.692019102709136,upper,yes,yes,290,473,42
388,no,55,male,more,1.3005943658272443,0.8643362018119715,upper,yes,no,143,253,19
227,no,33,female,more,1.5115476444704983,1.795635546886976,upper,yes,no,223,228,83
234,no,53,male,more,0.6258653332329245,1.1758571205116197,lower,yes,yes,30,433,86
21,no,57,female,more,0.9180262878549063,1.5234100511621573,upper,yes,no,258,461,40
268,no,33,male,more,3.0647612495995906,1.9678026946397962,upper,yes,yes,263,32,75
173,no,67,male,more,1.5251637618721818,1.5495773611996646,lower,yes,yes,340,101,83
135,yes,31,female,more,3.087737250705832,1.401850704219194,lower,yes,yes,220,451,24
253,no,56,male,more,0.44886930177700335,1.629491438847017,upper,yes,yes,59,79,87
150,no,57,male,more,1.5851211053130578,1.3108792616853557,upper,no,yes,318,513,2
412,yes,37,female,more,0.4444038419086538,0.41186667586822345,upper,yes,yes,72,502,90
193,no,52,male,more,1.3061503632771005,2.5493505416348037,upper,yes,yes,233,408,93
98,no,45,female,more,0.7427047938711695,1.5687846033135378,upper,yes,yes,61,514,74
129,no,38,female,more,1.51258689848362,1.698036679680399,upper,yes,yes,20,474,49
383,no,48,male,more,0.3486932206195663,1.864523349941252,lower,yes,yes,318,487,68
350,no,59,female,more,2.4370306031990174,2.053672664724668,lower,yes,yes,336,104,12
129,no,71,female,more,3.173428806333783,1.3436786735621422,upper,no,yes,168,390,52
7,no,67,male,more,1.4959005178634375,1.118372239819087,lower,yes,yes,20,257,24
382,no,34,male,more,0.9815080283980793,0.7094452709566889,lower,yes,yes,260,348,83
138,no,51,female,more,1.5189889243665564,1.8409916194511204,upper,no,yes,80,488,81
266,yes,57,female,more,-0.2208067142078598,2.024655717977886,lower,yes,yes,58,12,90
231,no,50,male,more,1.0554800802583477,1.3765601287261007,upper,yes,yes,293,172,84
217,no,67,male,more,1.2045476592279605,1.390882195762666,lower,yes,no,307,285,69
184,no,64,male,more,2.4892602637881898,1.9471364669128055,upper,yes,yes,290,287,75
266,no,42,male,more,2.2708748444680364,1.8454356135335557,upper,yes,yes,150,78,72
130,no,54,male,single,1.6965644476725217,1.78411182392915,lower,yes,no,59,9,87
226,no,46,male,more,1.850759966146209,1.5218825518937833,lower,yes,yes,258,406,80
414,no,68,male,more,1.5801809572446186,1.3252912044745273,upper,yes,yes,129,428,32
62,no,47,male,more,0.6777734531171014,1.0913261077660235,upper,yes,yes,203,390,13
162,no,62,male,more,1.6768436351770635,0.7471608497105796,lower,yes,yes,140,502,90
244,no,40,male,more,2.6880541816845094,2.337507334791917,upper,yes,yes,324,377,75
267,no,48,male,more,1.4078370962865616,1.1378592213212098,lower,yes,yes,371,139,31
75,no,45,female,more,1.7724885928598118,1.7055758717595009,lower,yes,yes,111,579,1
365,no,57,female,more,2.6527033341505835,0.9640153217499616,upper,yes,yes,299,143,44
73,yes,29,male,more,1.8243605775548573,1.1306419845468492,upper,yes,yes,37,149,68
190,no,67,female,more,2.0374092903676133,1.7958111227968232,upper,yes,yes,323,170,74
264,no,59,female,more,1.8691758402502563,1.3002809036548313,upper,yes,no,364,435,35
341,no,64,male,more,1.0078226794661842,1.9245316085226107,upper,yes,yes,182,556,5
146,yes,56,male,more,3.0085064942257853,0.619819867588419,upper,no,yes,268,65,10
179,no,38,male,more,2.5916349908082,2.0217082065498038,upper,yes,yes,182,551,68
254,no,46,male,more,1.8388707819260746,1.2778170763394683,lower,yes,yes,95,552,17
441,no,73,male,more,1.2146642833765307,1.1856947771043398,lower,yes,yes,135,148,60
79,yes,41,female,more,1.0854319759150437,0.5386730651885923,lower,yes,yes,279,396,78
338,no,36,male,more,1.80156913889014,0.3758256174619914,upper,yes,yes,98,528,19
379,no,38,female,more,2.952599717552677,1.5520579266991923,upper,yes,no,332,352,44
135,no,55,male,more,0.7619201927293258,1.3419291446897226,upper,yes,yes,289,178,37
417,no,41,male,more,2.370074743904804,1.7782777255697397,lower,yes,yes,83,119,67
313,no,46,male,more,1.3283846944502282,1.0381305067798343,lower,yes,yes,176,515,69
106,yes,68,female,more,0.8141531942263208,0.9736988700017069,upper,no,yes,63,22,47
79,yes,44,male,more,1.30390786394702,1.6964447127904465,upper,no,yes,350,115,79
312,no,35,male,more,0.7494376614951953,1.4559567210111144,upper,yes,yes,342,278,74
344,no,39,female,more,1.7857793480501685,1.4578775482024482,upper,yes,no,288,21,57
84,no,65,female,more,2.6919937661949773,2.083237299453075,upper,yes,no,61,460,21
97,no,53,male,more,1.9546573501396625,0.8624137710209222,upper,yes,yes,84,69,91
46,no,29,male,more,2.1168653594065825,2.668783482010115,upper,yes,yes,215,465,40
223,no,60,male,more,2.840681260882158,2.9326103237610264,upper,yes,yes,181,259,83
138,no,54,female,more,1.2528367182391347,1.62838335943417,lower,yes,yes,163,285,86
364,no,71,male,more,3.1231092893807126,1.5036359888386428,lower,yes,yes,336,155,19
208,no,72,female,more,2.075428140165999,2.3641383694123004,upper,yes,yes,350,548,3
18,no,45,female,more,-0.19926354687838432,1.683662676508341,upper,yes,no,222,402,16
372,no,38,male,single,1.8068893227656502,1.1033036460494825,lower,yes,no,245,72,78
388,yes,73,male,more,1.026616297366516,1.7246290149665584,upper,no,yes,334,437,51
214,no,45,male,more,1.9811129010224358,1.549355986175739,upper,yes,yes,234,388,88
269,no,71,female,more,2.967087347036431,2.1452375830482193,upper,yes,no,146,230,78
112,yes,45,male,single,3.3677066857441487,0.8884652479086206,lower,yes,no,113,223,86
106,no,64,male,more,2.993543310460045,1.2952791155134606,upper,yes,yes,260,280,65
372,no,31,male,more,2.403839843054877,1.2919136441022092,upper,no,yes,365,85,87
330,no,41,female,more,1.818980766693705,0.8143477639525496,upper,yes,yes,101,487,52
461,no,54,male,more,1.7378078956468495,0.6799908568424976,upper,yes,yes,361,342,29
107,no,29,female,more,4.225439411210847,1.3727427531175176,upper,yes,no,350,178,53
337,no,39,female,more,1.9491387709337316,1.9465591902871773,upper,yes,yes,141,74,77
171,no,52,female,more,2.683799311497844,1.4709569180526791,upper,yes,yes,275,502,21
60,no,47,female,more,1.766223511436363,0.7513265364269124,upper,yes,yes,328,476,61
450,no,65,male,more,0.7067990755069291,1.1452817111574403,lower,no,yes,38,544,86
257,no,59,female,more,1.9913195386307674,1.625843817115083,upper,yes,yes,190,121,69
22,no,69,male,more,2.7447216128113547,1.8276866000277745,upper,yes,no,252,138,75
115,no,68,female,more,1.8702366489863713,2.0467244685012913,upper,yes,yes,213,238,36
98,no,40,male,more,2.501577456820591,1.938077206417174,lower,yes,no,24,40,8
409,no,45,male,single,1.6460918941509994,1.685280026377904,lower,yes,no,308,245,3
54,no,49,male,more,1.4932139850787793,1.2333005151241312,lower,yes,yes,202,397,2
126,no,39,male,more,0.4686697626209053,1.6576409980398559,lower,yes,yes,380,423,9
242,no,67,male,more,3.1470515481875623,2.6824600846724955,lower,yes,yes,28,329,22
295,no,56,female,more,0.9683813511214195,0.7762621984638551,upper,yes,yes,167,514,74
255,yes,45,male,single,1.3720136426795604,1.0553687149475464,lower,yes,no,292,25,17
324,yes,50,male,more,2.6458156721958956,0.964288551930105,upper,yes,yes,8,511,81
251,no,37,male,more,1.751774210095345,1.4915850817149965,upper,yes,no,16,287,16
175,no,46,male,more,0.6611122524394115,1.0132456587348015,upper,yes,yes,264,47,23
105,no,70,male,more,0.9881853008058551,1.5798418456789576,upper,yes,yes,266,25,62
285,no,72,male,more,0.6945845064319192,0.7048604522619943,upper,yes,no,231,335,4
35,no,50,male,more,1.8984782341925845,0.6423672094672608,upper,yes,yes,187,415,7
225,no,48,male,more,2.065167895889676,1.2884262265182218,upper,yes,yes,265,173,26
2,no,44,male,more,1.5520210811585082,1.6382622665643207,upper,yes,yes,90,78,64
417,no,72,male,more,1.0631935007889228,2.2940989874810276,upper,yes,yes,292,330,55
261,no,47,male,more,1.2046497783339967,1.744079210703108,lower,yes,yes,90,418,34
425,no,41,female,more,2.635725324874808,0.907872759803941,upper,yes,yes,340,425,57
9,no,62,female,more,1.9935362719831622,1.2422410297207314,upper,yes,yes,166,23,83
237,no,33,male,more,2.3121282461344417,1.947338295885446,upper,yes,yes,145,72,34
403,yes,43,male,more,3.1105926578247365,1.612326318878021,upper,no,yes,78,374,94
160,no,30,female,more,2.5583435588634877,0.5658753429898283,upper,yes,no,162,231,80
6,no,73,male,more,3.0247888478564926,1.669725172349305,upper,yes,yes,10,55,29
10,no,58,male,more,0.9229788733148597,0.2849966447146284,upper,yes,no,95,476,20
381,no,31,male,more,2.579331473972511,-0.03370394192782067,upper,yes,yes,139,302,80
246,no,68,male,more,2.2043507910584,1.8714039681336758,lower,yes,yes,284,130,89
391,no,32,male,more,1.6404559832107661,1.7388553952665287,upper,yes,yes,107,527,68
109,no,55,female,more,1.8650183956119477,1.066939549842207,lower,yes,yes,286,530,88
137,no,41,male,more,2.1019768317301004,0.849150188283356,upper,yes,no,331,117,61
237,no,29,female,more,2.321015113542462,1.8177960697823687,upper,yes,yes,135,557,46
404,no,35,male,more,1.2515110038106063,2.1964809039098787,lower,yes,no,163,298,10
239,yes,60,female,more,1.5923067173629055,1.6548736691854826,upper,no,yes,222,392,55
102,no,63,female,more,1.8380713884252518,1.1522979492107714,upper,yes,yes,192,157,61
434,yes,42,male,more,1.670933732023752,0.5346103338005861,upper,yes,yes,100,538,24
215,no,62,female,more,2.223383088931029,1.6762866731561377,upper,yes,yes,320,438,29
348,yes,62,male,more,1.7591427542780673,1.6177478849534723,upper,no,yes,361,362,28
283,yes,73,female,more,0.737382719647451,0.8189470966775009,upper,yes,yes,368,522,70
272,no,32,female,more,1.5369824065900486,0.7444819385686516,lower,yes,no,323,522,25
27,no,37,male,more,0.6985580331043508,0.917480914000912,upper,yes,yes,149,66,13
251,no,66,male,more,2.131065268793954,1.3087241922141435,upper,yes,yes,80,448,82
225,no,62,female,more,1.5881074982790324,0.9375375769856668,lower,yes,yes,48,367,80
120,no,43,male,more,1.5927184856756273,1.5748217188056566,upper,yes,yes,290,19,49
455,no,62,female,more,0.9799004453243321,2.747205983182316,upper,yes,yes,218,136,28
36,no,64,female,more,0.2371601974055857,1.4686194218478332,upper,yes,yes,82,217,60
333,no,45,male,more,1.2638322239827078,1.0085642337961636,upper,yes,yes,23,541,78
407,yes,32,male,single,1.323747781716727,2.1695276951001694,lower,yes,no,363,15,46
64,yes,72,female,more,2.411535697433569,0.8029086376623676,upper,no,yes,364,66,26
53,no,56,female,more,1.4890994961051716,1.3537775704015331,upper,yes,yes,279,509,50
364,no,31,female,more,2.0134430459043724,1.9246509948820556,upper,yes,yes,191,38,59
147,no,70,female,more,1.341231908920666,2.2212951600459716,upper,yes,no,102,153,75
189,no,38,male,more,2.12107246017867,1.8893738111599356,upper,yes,no,60,515,76
294,yes,71,female,more,1.7218581047683161,1.7555244430353203,lower,yes,yes,182,538,13
263,no,73,male,more,0.9180523484160157,1.5438149265434615,upper,yes,yes,254,194,58
454,yes,47,female,more,0.07991122169635156,1.5069407447949483,upper,yes,yes,109,282,61
461,no,40,male,more,2.9012440315786727,1.3820189866674837,lower,yes,yes,56,511,73
455,no,46,male,more,1.0782414746313367,1.2884328110658565,upper,yes,yes,191,421,13
133,no,39,female,more,1.7566378945958336,1.9845303342938532,upper,yes,yes,378,314,91
439,no,60,male,more,2.3298351360603298,1.3915111556381683,upper,yes,no,299,177,80
102,no,44,male,more,2.087886177927505,0.8069760300630423,upper,yes,yes,290,321,81
124,no,39,male,more,2.65351629135576,1.1926857503321766,lower,yes,no,131,561,33
239,no,65,male,more,1.6282502567654187,1.0174900004339278,upper,yes,no,366,69,34
276,no,43,male,more,1.1459587467148797,2.0435546859884535,upper,yes,yes,142,188,9
63,yes,63,female,more,3.424521917524448,1.117572286564951,upper,yes,yes,235,360,15
58,no,52,male,more,1.8718828810560537,1.07680270510944,upper,yes,yes,92,464,63
23,no,50,female,more,0.8302893541853544,0.7321394649632151,upper,yes,yes,230,575,82
288,no,60,female,more,2.5929339047132896,1.267784149251274,upper,yes,yes,85,530,42
275,no,71,female,more,1.9963706151133267,1.3964709825563693,upper,yes,no,204,518,39
30,yes,66,female,more,1.3828210133749308,2.470588171111394,lower,yes,yes,324,228,69
187,no,32,male,more,1.779726966329684,1.4159898609320816,lower,yes,yes,116,112,56
230,no,39,male,more,1.7774193073373215,1.046967547008803,upper,yes,yes,165,433,63
234,no,64,male,more,2.1350382919077306,1.7552518464477056,upper,yes,yes,240,385,2
252,no,61,female,more,1.460305963514446,2.5146415301063305,upper,yes,no,185,155,48
13,no,50,male,more,-0.3745974727306076,1.2257678710311564,lower,yes,yes,30,337,78
279,no,56,male,more,1.4241182756881612,1.5133119958472407,upper,yes,yes,306,552,80
194,no,57,male,more,0.911958130381593,2.288868622713383,lower,yes,yes,116,355,52
455,no,37,female,more,1.4905800887037841,2.2368673284698657,upper,yes,yes,200,549,13
28,no,69,male,more,1.350773091898274,2.3442507038128246,upper,yes,yes,376,566,52
52,no,40,male,more,1.734533668706008,3.1249468808483414,upper,yes,yes,212,45,30
188,no,46,female,more,0.7599234739036169,1.1072253720205651,upper,yes,yes,34,455,92
122,no,38,male,more,2.848978021528124,1.0970750889841092,upper,yes,yes,99,38,47
102,no,33,female,more,0.17416994704383493,0.942354907643488,lower,yes,yes,195,473,6
112,no,56,male,more,2.0130156847589085,1.5616079032586807,upper,yes,yes,255,76,75
386,yes,71,female,more,2.521805116028592,1.7738308666214881,lower,yes,yes,355,479,52
220,no,55,male,more,1.2020060166306281,1.6952595852193022,lower,yes,yes,357,548,74
415,no,63,female,more,1.4577907362857694,1.5368228798819967,upper,yes,yes,361,412,26
435,no,36,female,more,2.5755374441289787,1.4663232843708702,upper,yes,yes,273,499,3
250,no,37,male,more,1.4545525503243133,1.2376415264562808,upper,yes,no,133,332,88
140,no,36,female,more,2.343636023294982,1.8789201360887708,upper,yes,no,258,398,43
408,no,33,male,more,1.961366882193636,1.0496358318285066,upper,yes,yes,150,255,54
268,no,70,male,more,1.55750863567609,1.1112427065203248,upper,yes,yes,146,184,72
414,yes,44,male,single,0.031421392494485945,2.4092003390420365,lower,yes,no,94,487,18
364,no,35,male,more,2.8105811447368474,1.7355455347664943,upper,yes,yes,244,180,66
21,yes,55,female,more,2.239389727121087,0.5902661752014382,lower,yes,yes,294,472,49
286,no,43,female,more,0.6586942238847953,1.518891098264283,upper,yes,yes,98,562,91
224,no,63,male,more,1.3297647716519205,1.2881629759457134,upper,yes,yes,87,41,93
264,yes,72,female,more,2.2192685674880206,1.0925553086850797,upper,no,yes,113,261,33
112,no,58,male,more,1.83914492299267,1.069297471732952,upper,yes,yes,129,519,64
121,yes,73,male,more,0.6343681883152203,1.3299573881445055,upper,yes,yes,71,420,47
391,no,55,male,more,2.979025841291544,2.2493125461146737,upper,yes,yes,200,371,75
339,no,54,female,single,0.9357286602332718,1.920587293929595,upper,yes,no,10,325,35
348,no,67,male,more,1.6809035923634037,1.8861135981366404,lower,yes,yes,197,90,18
271,no,52,male,more,1.9510571359043185,-0.041603947344570624,lower,yes,yes,360,469,28
144,no,66,male,more,2.404880722457454,1.4522555711038307,upper,yes,no,134,298,15
392,no,40,female,more,0.00119801510641393,1.5939031346282526,upper,yes,yes,309,391,68
441,no,68,male,more,0.6846021627551047,2.319094699559534,upper,yes,yes,191,487,13
130,no,50,male,more,1.3870483816145582,1.9369387530303341,upper,yes,yes,85,546,79
60,no,61,male,more,2.315821709842039,1.143880330397181,upper,yes,yes,313,191,78
64,no,59,male,more,1.7475545433962099,0.261499816120331,upper,yes,yes,12,299,60
451,no,58,male,more,0.5855672499192479,0.6912787190764581,upper,yes,no,221,375,67
4,no,59,male,more,0.992879086959478,1.2199999648830369,upper,yes,yes,82,85,1
133,yes,36,female,single,0.3905847585273481,1.6553877173038718,lower,no,yes,325,96,16
282,no,35,male,more,1.74936277568638,1.2853276222227255,upper,yes,yes,306,279,12
281,yes,42,male,single,3.293935631246393,1.2255086723466788,lower,yes,no,336,11,31
130,no,54,female,more,1.6100431796787031,0.8717361554898256,upper,yes,yes,378,393,68
324,yes,43,female,more,1.8796108693638327,1.5540271320022145,upper,yes,yes,124,392,59
17,no,30,male,more,1.2894015339224016,1.7423570477961636,upper,yes,yes,375,45,94
341,no,66,female,more,2.3730354661875888,1.9179577997520942,upper,yes,yes,263,130,29
12,no,40,male,more,1.7029301019350722,1.0128369237695,upper,yes,yes,40,183,33
61,no,36,female,more,0.8837993041703628,0.9868394245415726,upper,yes,yes,17,28,42
183,no,37,male,more,2.024584988533475,0.6010030827927041,upper,yes,yes,309,331,70
402,no,71,male,more,0.991461304171753,1.6133164084769789,upper,yes,yes,331,471,41
287,no,72,male,more,1.7582517421701729,0.30893149303994716,upper,yes,yes,67,156,49
266,no,35,female,more,2.7599896602957124,1.8161786702932676,upper,yes,no,38,560,91
133,no,39,male,more,1.3709354879403655,1.2358881801156398,lower,yes,yes,201,56,17
38,no,40,male,more,2.429693513550393,0.8081899306885931,lower,yes,yes,237,467,8
423,no,58,male,more,1.916230770731776,1.4003488139901639,upper,yes,yes,108,120,77
93,no,40,female,more,0.9460293268519412,1.0245982770185067,upper,yes,yes,296,495,74
239,no,54,male,more,1.176950045933471,1.313088811436953,upper,yes,yes,77,260,3
326,no,60,male,more,1.8134713878183835,1.0842171739010422,lower,yes,yes,377,455,4
174,no,30,male,single,2.0735436596497765,1.2578586334767088,lower,yes,no,247,33,55
281,no,62,female,more,1.9665000860147202,1.3557075178120692,upper,yes,no,198,488,12
83,no,39,male,more,-0.4194582513987277,0.6308008579093443,upper,yes,yes,72,521,35
190,no,31,male,more,1.234046770961744,0.5557956282404227,upper,yes,yes,135,488,55
310,no,29,female,more,2.126540151291907,2.6702137093060387,upper,yes,yes,349,63,41
341,yes,68,male,more,1.7265159181500747,1.5674767236262024,upper,no,yes,85,389,87
367,no,66,female,more,1.9248623813362113,1.549357484594503,lower,yes,yes,48,44,93
110,no,52,female,more,3.2927053848046026,0.8550513579487385,upper,yes,yes,293,345,76
137,no,58,male,more,1.1761557794816353,1.8036211010786167,upper,yes,yes,139,481,87
182,no,68,male,more,2.5059338118443195,1.021507732295175,upper,yes,yes,193,31,37
147,no,32,male,more,1.6421509657264384,0.7203063059265499,upper,yes,yes,140,489,69
79,no,57,male,more,2.2440605087863075,1.418782750277325,upper,yes,yes,67,441,83
152,no,41,female,more,1.5221153540841978,1.3082813947962397,lower,yes,yes,85,411,71
303,no,48,female,more,2.182915530256668,1.0840963542330637,upper,yes,yes,260,368,2
139,no,64,female,more,1.1009114053699027,1.6595780318346103,upper,yes,yes,194,458,65
288,no,48,male,more,2.151107241748105,1.5868828593366842,upper,yes,no,322,568,77
381,yes,44,male,more,1.8745064448812971,1.055003090736802,upper,no,yes,57,468,70
298,no,47,female,more,2.6037991617593716,2.48168242538341,upper,yes,yes,140,336,68
230,no,61,female,single,1.3011920145823486,2.2678468290793914,upper,yes,no,357,84,74
463,no,59,male,more,1.9687920235753942,1.7611377964040482,lower,yes,yes,357,510,79
314,yes,71,female,more,2.6317709495223296,0.4559547029894969,lower,yes,yes,197,79,17
385,no,67,female,more,1.3581828819650963,1.9959163776363,lower,yes,yes,247,125,43
89,no,52,male,more,0.7529798542849134,1.4182443825976867,lower,yes,yes,73,407,43
10,no,39,male,more,1.8481675723760114,1.0577987818751242,lower,yes,yes,352,473,80
23,no,45,female,more,2.0651981002324087,0.7638978663116273,upper,yes,yes,62,40,48
74,no,53,female,more,1.8850117548370817,1.91187216929396,upper,yes,yes,91,188,72
55,no,57,male,more,0.49358663455158913,1.5995937032090084,upper,yes,yes,174,99,94
10,yes,34,female,more,0.8889632189890614,0.6845490788090148,upper,yes,yes,257,241,69
376,no,56,female,more,0.6538165717637536,0.8337243808806621,upper,yes,no,121,551,4
416,no,62,female,more,2.0363200253534988,0.08232993705491509,upper,yes,no,215,102,69
159,no,35,female,more,0.5541137708620154,1.3990414536112192,upper,yes,yes,221,142,65
238,yes,65,male,single,1.8080311933108293,1.147091565656365,lower,yes,no,365,117,29
280,no,67,male,more,2.8828901315523385,1.3865092929048168,upper,yes,yes,373,417,35
48,no,48,female,single,1.2968261753577743,0.9539575662217588,upper,yes,no,80,220,6
268,no,70,female,more,2.2323672094079523,0.9717041910442958,lower,yes,no,312,31,70
269,yes,55,female,single,2.679888242222714,1.4717804703533572,lower,yes,yes,182,72,73
186,yes,58,male,more,0.7004190747393952,1.4041976509627334,upper,no,yes,56,457,45
201,yes,60,female,more,1.8129361131192048,1.9134349084309945,upper,yes,yes,299,21,5
401,no,49,male,more,1.836484937906286,0.36755188702155883,upper,yes,yes,243,302,37
250,no,50,female,more,3.4990993038707217,0.9585567802534283,upper,yes,yes,226,266,2
383,no,70,female,more,1.8714659166826426,0.8079110542399689,upper,yes,no,214,120,38
139,no,62,female,more,1.3249763712564684,1.4922254151193735,upper,yes,yes,259,446,80
74,no,71,female,more,1.3664810271550163,0.7731367023898824,upper,yes,yes,16,463,89
63,yes,39,male,more,1.1061843430656761,1.9946875737921315,upper,yes,yes,225,455,9
278,no,49,male,more,1.553604793679619,1.4391352527350776,upper,yes,no,156,467,80
328,no,32,male,more,1.8758552352912419,0.555093698153787,upper,yes,yes,297,369,82
77,no,37,male,more,1.488317391682552,1.5378699249518242,lower,yes,yes,47,390,70
207,no,45,male,more,1.1827294409949651,1.2802730170408754,lower,yes,yes,333,340,55
105,no,58,male,more,2.428832701840963,1.6206736023553692,upper,yes,yes,312,142,1
60,no,52,female,more,2.775053848811039,1.70149926195919,upper,yes,yes,227,330,62
79,no,43,female,more,2.7652801194822594,0.6207450024325156,upper,no,yes,376,328,24
65,no,69,male,more,2.7248138496225733,1.4273504977457816,upper,yes,no,82,336,76
330,no,65,male,more,1.1998080640463054,1.792198940254675,upper,yes,no,308,492,3
26,no,70,female,more,1.6878508846480338,0.8900196221956704,upper,yes,no,277,38,81
114,no,51,female,more,1.4986914196698813,1.459633235959641,upper,yes,no,339,257,81
121,no,70,male,more,1.2394173337907313,1.526793249384545,upper,yes,yes,159,9,87
226,no,58,male,more,1.4674596508189213,2.03059040848101,lower,yes,yes,49,515,25
44,no,38,female,more,2.325446728895111,0.927873067725272,lower,yes,no,12,262,82
174,no,29,female,more,2.8844356039615198,1.5324247939984414,upper,yes,yes,268,537,46
415,no,45,male,more,2.925436248986851,1.6991483127552933,upper,yes,yes,102,296,19
143,no,56,female,more,0.4333682453535952,0.31435550598725515,lower,yes,yes,267,256,61
129,no,72,male,more,1.695070842534025,2.326130243735917,upper,yes,yes,137,422,57
303,no,70,female,more,2.0862071177578776,0.9811593504781091,upper,yes,yes,73,119,81
408,no,47,male,more,1.3181516431903613,1.6088005324344719,upper,yes,yes,362,329,13
307,no,64,male,more,3.094231114333505,1.6644983546131276,lower,yes,yes,209,246,70
231,no,41,male,more,0.18749388716115556,1.1938373097706054,lower,yes,no,206,524,87
366,no,66,male,more,0.6599431530622495,1.6392078484239774,upper,yes,yes,296,430,1
264,no,40,male,more,1.50268762824205,1.5212544574955804,lower,yes,yes,340,82,38
21,no,48,male,more,1.9338499953908717,1.8405376020202637,upper,yes,yes,48,48,86
187,no,71,male,more,2.3367127800429226,2.0692987700220287,upper,yes,yes,20,79,87
241,no,40,male,more,1.5984104879816288,0.36903032557183324,upper,yes,yes,31,387,41
54,no,71,male,more,2.466212378300251,1.0324996384416985,upper,yes,yes,272,108,92
246,yes,62,male,more,2.2891814088452294,0.7932319152942607,upper,no,yes,193,254,93
115,no,67,female,more,-0.1885952721396238,1.4929703959657032,upper,yes,yes,312,186,85
357,no,41,female,more,2.3578822945846034,2.2546520460641375,upper,yes,yes,203,90,5
333,no,73,female,more,1.376498547671649,1.6890354235754363,upper,yes,yes,22,166,10
68,no,46,male,single,1.559897629877653,0.9451487959666878,lower,yes,yes,185,303,92
200,no,68,male,more,1.4157989627260654,0.7077893537936482,upper,yes,yes,268,541,4
335,no,52,male,more,1.3776924818668355,2.1057380433808444,upper,yes,yes,167,66,11
225,no,33,male,more,1.2969254079517278,1.8461284785593477,upper,yes,yes,111,126,26
399,yes,58,female,more,2.5850296979793255,2.2084897692015284,upper,yes,yes,203,560,62
369,no,36,male,more,1.990270695605002,1.7352137200217437,upper,yes,no,261,490,73
413,no,59,female,more,1.6916227535534647,0.7930729220253979,upper,no,yes,317,152,26
462,yes,35,male,more,1.319253293517126,0.7741814859421757,upper,yes,yes,78,404,67
314,no,71,female,more,1.1680525235383454,0.7877307557344945,upper,yes,yes,99,47,31
231,no,58,female,more,1.7733123429233602,0.9159061781911124,upper,yes,yes,281,489,23
423,no,50,male,more,2.5164615070480383,0.3699093452422899,upper,yes,yes,101,204,46
83,no,55,male,more,2.1813181479333448,2.2289191549629344,upper,yes,yes,172,256,62
445,no,34,male,more,1.96883119186543,2.1598512944543833,upper,yes,no,46,129,67
241,no,51,male,more,2.0198167665477658,0.5931066550679389,upper,yes,yes,168,516,46
402,no,36,male,more,2.0125261963315797,2.7036051958677385,upper,yes,yes,80,58,7
211,no,69,female,more,0.07180965662665884,1.0962187086782613,upper,yes,yes,10,240,80
287,no,58,male,more,0.7616142242908984,2.3373148874548875,upper,yes,yes,324,9,55
237,no,61,male,more,2.699810516625237,1.320921152579097,upper,yes,yes,338,245,1
235,no,70,female,more,1.2070119019948513,1.553438867238212,lower,yes,yes,28,474,71
195,no,45,female,more,2.784643183988968,0.8606232448707621,upper,yes,yes,171,22,37
58,no,58,female,more,2.0497726431943963,1.726248910402898,upper,yes,yes,322,478,59
254,no,39,male,single,1.7906229590367795,2.0347699559594665,lower,yes,no,151,481,93
461,no,31,male,more,2.6334411234906314,1.1412880395330718,upper,yes,yes,241,223,33
396,no,52,female,more,1.9657068146546404,2.256739431727428,lower,yes,yes,324,42,43
225,no,38,male,more,0.3700613651945963,1.7909381935193052,upper,yes,yes,14,527,6
375,no,31,male,more,0.6764623652640995,2.0652996696589367,lower,yes,yes,230,409,37
261,no,64,male,more,1.3752835523764033,2.748932901455366,lower,yes,yes,270,388,93
94,no,59,female,single,1.6660323749770851,1.8311411797398425,lower,yes,no,301,145,78
321,no,62,female,more,1.661841655939763,0.7135998066999975,upper,yes,yes,78,581,63
434,no,43,female,more,1.409260500948124,1.9342492758629275,lower,yes,yes,142,574,80
462,yes,43,female,more,1.702476814674539,2.8381658680651314,upper,yes,yes,369,531,15
162,no,54,male,more,2.5192062828593835,1.669466918721301,upper,yes,no,88,138,1
408,no,58,female,more,1.9270724794950012,1.93552732148348,upper,yes,yes,349,545,86
174,no,31,male,more,2.9530274122465707,1.3738855589231211,upper,yes,yes,180,398,18
210,no,37,male,more,2.7424351262737674,1.2645793275595827,upper,yes,yes,371,8,86
435,no,71,female,more,2.36223610618523,1.8524952366822593,upper,yes,yes,211,409,25
171,no,37,male,more,1.2377122653518824,1.1560595527912958,upper,yes,yes,90,443,18
115,no,39,male,more,2.048692383127711,0.5485822529060449,upper,yes,yes,14,224,58
224,no,29,male,more,1.7052895886025201,0.229484533678451,lower,yes,yes,139,157,15
128,no,54,female,more,0.49782769744193467,1.750985726815546,lower,yes,yes,227,357,27
49,no,43,female,more,0.1916665109863771,0.34477579916009127,upper,yes,no,54,461,53
339,no,47,female,more,1.2112809822205663,1.6153833803982593,upper,yes,yes,358,145,86
391,no,30,male,more,2.6923904627160686,1.4497131357399802,lower,yes,yes,197,234,81
410,no,69,male,more,1.7551734337200997,1.9147808099548382,upper,yes,yes,376,510,71
340,yes,64,female,more,1.3966475719768217,1.67117263603991,lower,yes,yes,240,83,34
40,no,49,female,more,0.7897572267621876,0.2246804749777871,upper,yes,no,85,333,88
38,no,46,female,more,1.5245872976069037,1.730982445745274,upper,yes,yes,159,406,52
59,no,34,male,more,1.7543405094369697,1.5084536920155514,upper,yes,yes,19,138,13
51,no,62,female,more,0.9909203170570743,1.6695140819422318,upper,yes,yes,295,53,24
288,no,32,female,more,0.8049742904679618,2.186104205815634,lower,yes,no,222,342,66
70,no,43,male,more,1.0166739346639622,2.202053054093214,upper,yes,yes,373,384,8
243,no,62,male,more,2.0326466417796256,2.2678907541800153,upper,yes,yes,362,358,27
209,no,46,male,more,0.28443122817045663,1.4084297266439285,upper,yes,yes,205,172,40
331,no,44,male,more,2.112817128252001,0.9933438267224011,upper,yes,yes,370,261,57
287,no,62,male,more,1.4186341954353363,1.4729046040017137,lower,yes,yes,165,326,23
226,no,65,male,more,1.000554546880266,1.0360292058073632,upper,yes,no,164,51,32
300,no,45,female,more,1.0527849225003605,1.2837735642823733,upper,yes,no,178,37,43
275,no,63,male,more,2.070229490331619,0.9425482053309214,upper,yes,yes,347,463,61
443,no,54,female,more,2.5749425108195942,0.7564005831228433,upper,yes,yes,99,202,72
444,no,32,male,more,2.387894114160506,1.279822243377243,lower,yes,yes,297,393,31
269,no,46,male,more,1.1824180903739694,0.8386907007160399,lower,yes,no,228,81,94
153,no,33,male,more,2.6404243052333554,0.6044896920149988,upper,yes,yes,225,292,50
413,no,68,male,more,1.691461251666799,2.198340033946453,lower,yes,yes,114,206,5
132,no,61,male,more,1.370306651896094,1.1820914975560655,lower,yes,yes,320,215,59
345,yes,44,male,single,2.1917673935132087,1.409686764055117,lower,yes,no,267,90,38
336,yes,55,female,more,-0.5509836499568634,2.041420864354317,upper,no,yes,283,195,10
308,no,52,male,more,1.5936477884672005,2.089715963800368,upper,yes,yes,354,68,20
10,no,66,male,more,1.508166653511499,0.817623494940751,upper,no,yes,317,62,38
341,no,66,male,more,1.9156897542412992,1.73775025607061,upper,yes,yes,278,119,2
196,no,29,male,more,0.7238196333620386,0.496030921984874,upper,yes,no,271,279,93
283,no,68,male,single,1.4051945842075766,1.4100440456761247,lower,yes,yes,347,92,45
94,no,66,female,more,0.2581554943827664,2.194426456607148,upper,yes,yes,139,550,84
114,no,69,male,more,2.184514540097649,2.114746173513945,lower,yes,yes,45,252,92
8,no,68,male,more,1.6989498647854624,1.0754579448305697,upper,yes,yes,35,27,15
329,no,60,male,more,0.5560583426848995,1.6911256457588155,upper,yes,yes,247,277,68
456,yes,54,male,more,2.862502720711755,1.2641952123533788,upper,no,yes,298,272,12
452,no,39,male,more,1.1306636832949217,1.0195616055452383,upper,yes,yes,45,293,4
102,no,32,male,more,2.833154920991241,1.6643646317572265,upper,yes,yes,114,264,4
366,no,42,male,more,0.17535348530504757,1.1421611010518957,upper,yes,yes,214,509,4
304,yes,37,female,more,1.7919323275679715,2.1670158200555907,upper,yes,yes,72,98,62
338,no,62,male,more,1.7273884247268285,2.1711034678086016,upper,yes,yes,278,514,29
91,no,47,male,more,0.8918441086341361,0.3345954066162351,lower,yes,yes,65,369,46
423,no,59,female,more,1.0682056631939418,2.2850666455663715,lower,yes,yes,320,357,10
225,no,46,female,more,1.0371003865019501,1.452792013238717,upper,no,yes,218,78,41
112,no,53,female,more,1.283088828857943,1.428230370248026,lower,yes,yes,152,528,15
98,no,40,male,more,1.5144463654947034,0.893814207014788,upper,yes,yes,141,192,61
433,no,64,male,more,0.09969380743457301,1.223639023421004,upper,yes,no,258,463,6
127,no,37,female,more,2.218171008151175,2.063341950095893,upper,yes,yes,172,500,21
208,no,44,male,more,1.754500408563749,1.5376298192898232,upper,yes,yes,133,130,22
255,no,50,female,more,1.2286153617862738,2.040788221776999,upper,yes,no,68,135,85
393,no,41,female,more,1.315341386320155,0.684481911841029,lower,yes,no,76,429,44
208,no,53,female,more,0.853102160110152,0.4810010635735039,upper,yes,no,52,514,1
8,no,44,male,more,1.9558145367463668,0.9145962456991417,upper,yes,no,296,520,83
296,yes,55,male,more,2.3719241323757148,1.0373746461539528,upper,no,yes,343,569,8
43,no,65,male,more,1.8229514066963415,1.288713367767259,upper,no,yes,281,51,82
77,no,54,male,more,1.7968307516545112,2.3224757670376377,upper,yes,yes,191,387,71
257,yes,40,male,single,2.723264789125241,0.5967698054770704,lower,yes,no,361,458,76
378,no,70,male,more,1.9022085157167157,1.4508882582930396,upper,yes,yes,34,488,51
115,no,44,male,more,2.3986540470522657,1.1864950378941228,upper,yes,yes,120,11,40
186,yes,30,male,single,1.5083966756115783,1.3142454301062865,lower,yes,no,95,460,32
1,no,41,male,more,2.093870006374657,1.6352593437308751,upper,yes,yes,293,396,4
444,yes,59,male,more,1.8022823377271833,0.49130224125144195,upper,yes,yes,13,182,17
59,no,73,female,more,1.1889186465951975,1.8867491573126005,upper,yes,no,351,501,63
278,no,34,female,more,1.0833577114266415,1.6969713382562308,upper,yes,yes,10,200,77
255,no,36,male,more,1.600907455678959,1.7200120345257277,upper,yes,yes,366,225,47
112,no,71,female,more,0.6550523234560393,1.0413456406306318,upper,yes,yes,335,233,43
115,yes,48,female,more,1.0314994323731759,1.2991650862785526,upper,yes,yes,102,523,1
375,no,64,male,more,2.215202684772553,0.9497847772110125,upper,yes,yes,334,405,94
318,no,70,female,more,3.103066699092243,1.2749996255512013,upper,yes,no,203,262,33
102,no,73,male,more,0.8613399087727377,2.4448642266825176,upper,yes,yes,290,144,39
194,no,49,female,more,1.7334131648690323,2.4377235111913675,upper,yes,no,12,461,13
248,yes,68,female,more,1.62819980014154,2.226357336199869,upper,yes,yes,88,442,34
73,no,36,male,more,1.4320355274010383,1.3868066728369388,lower,yes,yes,122,451,23
153,no,72,female,more,1.5859493188509222,1.0754641032870964,upper,yes,yes,93,310,65
462,yes,33,male,more,1.1529241536700638,1.364251144046155,upper,yes,yes,81,241,80
24,no,53,female,more,2.670345510122351,2.168051194776466,lower,yes,yes,174,524,22
314,no,71,female,more,1.9030688845308523,1.3696930926451558,upper,yes,yes,348,334,68
463,no,72,male,more,1.4638219457250836,1.6599582287058532,lower,yes,no,174,388,13
80,no,73,female,more,2.9602219878347538,1.5191350253187208,lower,yes,no,97,134,14
111,no,64,male,more,1.8770921766990742,1.2186826859003026,upper,yes,yes,353,581,68
91,no,55,female,more,2.654570197681764,1.4365358356854063,lower,yes,yes,143,520,83
433,no,30,female,more,2.3520694799471205,1.4028236397357479,lower,yes,yes,67,74,85
401,no,39,female,more,1.9040354732633544,1.0929601013253833,lower,yes,yes,319,127,32
181,no,47,male,more,1.4320744406648551,1.701922310361367,upper,yes,yes,88,528,37
11,no,36,male,more,1.7176855557362087,1.5559249143691127,lower,yes,no,348,333,81
194,no,43,female,more,1.3315801858294338,1.0144441816485634,upper,yes,no,36,207,8
260,no,66,male,more,2.242801787938972,1.3144417155095567,upper,yes,yes,278,574,69
22,no,66,male,more,1.9280736157834526,0.8247416170161901,upper,yes,yes,68,93,92
312,no,33,male,more,1.6329244567261816,1.5653644301586493,lower,yes,no,368,42,82
136,no,31,female,more,1.4702272257841313,1.4419423190416096,lower,yes,yes,240,253,93
