rownames,district,school,county,grades,students,teachers,calworks,lunch,computer,expenditure,income,english,read,math
368,62440,Brittan Elementary,Sutter,KK-08,23313,601.7847021255761,15.612619426415169,31.31877529810289,1961,2080.3416396373723,20.256792358030587,26.58784685707958,16.424667235615303,25.922031255924527
216,62443,Placer Hills Union Elementary,Placer,KK-08,1287,647.201260258712,38.90319242647263,71.58237350413731,2356,2667.3309963168936,24.222752912130385,16.03679086106481,73.28027927727685,72.26619497081893
395,68432,Susanville Elementary,Lassen,KK-08,14849,600.3121504503354,33.628980680329256,22.25855806406486,1426,2441.971968076152,26.7213457627391,58.50855458042772,54.9186242400802,46.79471204654229
167,68522,Palmdale Elementary,Los Angeles,KK-08,8353,778.4811067573423,41.39120116359951,65.29473336115352,694,2232.4895306985263,26.018569055107395,34.77881282383898,29.542635310253132,49.837422983615205
382,70463,Keppel Union Elementary,Los Angeles,KK-08,25289,548.6383214560288,39.82377813539148,12.336584784287005,2025,1977.8740895787098,25.351550032885623,24.522146941308108,47.86047585549577,49.6987902097065
221,63439,Magnolia Union Elementary,Imperial,KK-08,13257,1140.7420105312644,53.321729103023316,79.37124092226942,1195,1659.2144081605086,20.881349166297383,57.69022562667493,37.71516962569549,27.287788392631608
258,74868,Westmorland Union Elementary,Imperial,KK-08,4560,648.5917278085793,34.59051389450103,38.70716416723768,1832,2263.6719366428547,14.78732014771496,16.157512318151266,6.777026628154658,49.13770271951449
62,62314,Brittan Elementary,Sutter,KK-08,21449,483.5851797670721,53.988090501707255,1.1935016066142055,468,1583.5737941223454,23.826134993503747,24.672112624672366,65.80433351711439,58.93000430068406
89,73378,Exeter Union Elementary,Tulare,KK-08,23000,641.2836440604365,45.04134749102685,32.775120875792375,2097,1914.9062755280281,31.247158586205984,55.44694903682374,31.623816255778426,51.623080010234375
201,63858,Nuestro Elementary,Sutter,KK-08,12232,547.3905876005379,38.58447059394327,54.149578151069235,3271,2338.3369610854397,28.821647005008572,13.775330382791807,63.53183378948,50.69021785445933
408,72715,Lowell Joint Elementary,Los Angeles,KK-08,10276,408.0383024450956,40.028478576922176,-4.655146975437262,3160,2775.370978736136,32.83926231359564,29.902481166840044,55.46070593290996,43.58033195037518
292,69564,El Monte City Elementary,Los Angeles,KK-08,25330,642.5891353567304,30.130995548898454,56.00807464790919,3243,2056.7298268759173,29.606200440125875,58.46061240469608,76.99498213669442,94.28711109688858
80,61718,Nevada City Elementary,Nevada,KK-08,6427,835.6221996056996,49.89171037903391,54.42215208076415,2984,1512.7661967639501,25.399466759618562,64.31639077887691,66.65158574792241,54.458883946158515
293,70662,Little Lake City Elementary,Los Angeles,KK-08,15668,491.21848186038005,42.83334295998348,83.18407369117632,339,2141.208537738822,25.553677582863905,56.241235685562216,25.333336941736526,33.080968635348526
189,75088,Rescue Union Elementary,El Dorado,KK-08,10020,892.7095868902468,42.17690096791311,23.713101477345894,526,1599.2555706507492,30.957569760734454,33.78855295925234,15.37624576404184,0.8192308617177915
188,64253,New Jerusalem Elementary,San Joaquin,KK-08,10004,864.0637174052456,32.57924534987369,86.91393664993745,840,1898.3573409975857,22.810733595082603,47.1125191282185,45.82575378373707,52.89791491965588
137,74146,Big Springs Union Elementary,Siskiyou,KK-08,24828,775.5378915274152,27.136388029298413,75.49131635244429,2347,2043.8497014681948,36.244169884748004,19.4873485636768,23.31463339212205,47.43848598930147
154,65679,Reeds Creek Elementary,Tehama,KK-08,26956,791.048218009572,48.49924855869484,67.54489252918658,972,1443.240658068996,30.21839983211611,53.42304174566678,91.59949390493772,46.977342333545096
64,64398,Gravenstein Union Elementary,Sonoma,KK-08,5516,417.4632039645839,36.61353588195482,65.39136911498197,3288,1848.6897702843553,14.219790729207208,52.13603826616852,45.97685214625216,51.38594941217474
349,73686,Sundale Union Elementary,Tulare,KK-08,16450,671.3257647741282,33.12968564115021,1.9001313458934916,960,2824.2783148697476,17.81895619158325,44.77154749060162,55.81105505844893,49.617390905682456
75,64622,Rocklin Unified,Placer,KK-08,10096,536.6873820609243,42.10179201222442,30.93565564927158,2827,1644.6267507959778,38.07941459935647,80.41197102398581,52.30263482125079,44.993211122549106
17,67617,Portola Valley Elementary,San Mateo,KK-08,22267,719.1812822028297,39.14843796110113,23.082970064051327,1987,3248.670383287924,23.1844465928051,48.4155837204395,26.834697834322547,58.89459137265231
82,65406,Foresthill Union Elementary,Placer,KK-08,24540,880.0611126386716,51.31285246088069,144.72969770705376,992,1710.076003424856,27.85036169137877,58.781791940482826,49.617306714253054,64.04504957047686
408,71012,Knights Ferry Elementary,Stanislaus,KK-08,3039,678.1796361593031,51.49265302617822,34.520993878203086,207,2615.205785512549,31.6174845711488,50.409572117837364,25.568381308628915,86.11152463601113
107,69408,Cinnabar Elementary,Sonoma,KK-06,131,818.9282781066705,28.729417194975646,51.52134713360478,2153,341.2609410273219,16.653930560378413,38.18287792265729,64.11723598835694,69.09378609017703
125,65667,Forestville Union Elementary,Sonoma,KK-08,16317,703.309237181453,24.028090786068855,56.32588240811858,2680,2180.947992158654,28.164460025140777,71.67550715921183,31.53525146183533,39.63185978818198
263,70031,Black Butte Union Elementary,Shasta,KK-08,4975,659.3538180394332,51.151150736745535,76.4099490686313,446,1844.7557317018293,26.267049400929807,52.410274909832225,56.58150255348859,40.34732921464972
359,70062,Pleasant Valley Elementary,Ventura,KK-08,26983,1192.3258279294541,16.299087375593277,73.52428059946507,1918,3273.326679891732,27.4262919437203,71.30651236466424,38.19684662232734,83.81786200075533
151,63050,Pleasant View Elementary,Tulare,KK-08,27048,937.3214596870341,38.54837249049028,-20.557211061159208,2358,1871.8828710223718,16.96869958222883,37.129592753772855,63.1575304999577,27.77507262905593
31,72716,Buellton Union Elementary,Santa Barbara,KK-08,25472,471.5852013175462,35.789081459527125,66.76152308406121,2895,3482.3386110519505,25.790268527055545,41.11586700404228,73.21671852920805,57.52883010988304
300,64758,Campbell Union Elementary,Santa Clara,KK-08,901,739.7913057788313,45.367022988835146,42.59292032154572,981,1774.636288795148,15.852625613584033,48.502760071064664,61.847689370587375,51.874832391796325
358,73729,Gold Trail Union Elementary,El Dorado,KK-08,4679,899.363578477228,25.185876775013703,57.1675648202419,545,2254.4494130577873,33.22802670883328,49.28281460946615,57.86229767879707,79.58033822500757
202,65334,Bakersfield City Elementary,Kern,KK-08,9132,627.8929749748734,41.022808061901834,72.42779687742933,531,1117.6550924069606,30.462689312940398,57.83633766318001,72.47977800214765,82.37455881854501
356,67930,Santa Rita Union Elementary,Monterey,KK-08,24033,417.3486513881323,40.33798660793482,91.31069298156804,72,1492.2582527732015,21.653580602721927,27.249756615762593,48.152362670460825,64.03039846208031
200,63215,Savanna Elementary,Orange,KK-06,10787,530.5668904250863,28.047168149148867,46.47177791126127,28,1555.0129430477377,25.39265375976236,43.21376393673649,39.125159369162596,38.25958409892023
93,68381,Janesville Union Elementary,Lassen,KK-08,14034,708.748166661803,26.11155159978393,67.85377780592262,50,2537.284245215139,27.52864163240511,28.65440027936378,55.49839266682296,57.874138727232236
195,68985,Susanville Elementary,Lassen,KK-08,10389,274.7594830756479,40.55680145209136,26.27408866505537,99,1953.0212272724243,23.841130957541687,13.52875167354589,67.6027051534158,55.76080437981906
315,67697,Shaffer Union Elementary,Lassen,KK-08,23344,1167.4059823621742,57.065756763263316,42.50046740621521,1470,1270.9537075005796,28.28386318773225,28.003384969856597,46.14968657854981,40.63223170494
365,66171,Weed Union Elementary,Siskiyou,KK-08,17543,408.4503713873267,31.71260877215808,55.49528973071712,2678,1393.5049831747492,36.538638040168735,55.603398248606304,61.62208022213068,47.062167959547686
4,64643,Hawthorne Elementary,Los Angeles,KK-08,18610,635.3780461257536,31.663863716530283,30.287228994536406,2316,2607.1732546150592,21.847761042028697,49.033332139136846,48.591922391798384,63.02505372324598
136,65902,Union Hill Elementary,Nevada,KK-08,14836,921.1707370781512,29.853561567159243,102.8643974243426,1897,1668.1465606667207,43.88833009061517,21.111931645066797,35.87068795325515,76.6662550505524
189,61422,Whittier City Elementary,Los Angeles,KK-08,6221,587.2306137026117,53.745377070403435,68.07537248621568,2414,1496.1121627362106,26.844304366215972,8.217278294009311,21.99419831020583,37.76359221264229
162,73083,Etiwanda Elementary,San Bernardino,KK-08,17702,782.5173556566913,32.42711899577154,99.72686249141003,1587,2330.1092476476906,24.98790912423359,74.76055480319108,38.400045213727864,66.48981250194997
205,66468,Freshwater Elementary,Humboldt,KK-06,23558,788.055683316094,27.38417518339012,60.65665806993499,636,2828.396309868782,39.4187864888531,17.597652635797758,14.677635005727254,44.751610730770636
2,64083,Big Springs Union Elementary,Siskiyou,KK-08,19016,981.0407371755794,48.66942905756648,67.34916507599013,436,2102.165701296593,33.477720878029174,32.85546782911436,60.267241079009956,36.42665146654816
220,75323,Soquel Elementary,Santa Cruz,KK-08,6763,727.9611489062727,31.944456195266262,51.01741709560229,1922,1346.138475494115,19.2421611170473,60.09488787683115,38.8146259257514,56.26928318042543
367,68326,Redwood City Elementary,San Mateo,KK-08,22895,581.4957677552575,41.16271758629342,28.338883800907574,2667,2211.2306394293173,18.360819297758084,37.180559822699074,65.61786885364336,62.627239530693174
31,61546,Westmorland Union Elementary,Imperial,KK-08,15631,904.3585892873191,38.18527352514023,58.62533188261653,2491,2827.3832912476323,33.36812455615904,14.874874444964277,45.372361816256216,71.91215821748364
64,67656,Bonsall Union Elementary,San Diego,KK-08,7268,810.2840008546732,44.60119715942557,18.990974577843048,1101,2672.9356426821137,24.42800023423891,44.779100536546366,44.89600824774818,71.20236248624477
279,63749,Marcum-Illinois Union Elementary,Sutter,KK-08,19024,826.9990824765351,54.060333340494765,79.61955667074773,2631,3358.6975924891867,23.344879323426003,40.288739133471296,57.500714639741076,45.04191040096621
35,64698,Hughes-Elizabeth Lakes Union Elementary,Los Angeles,KK-08,184,748.8478440250178,44.410999730434405,2.0546933898665714,23,941.9023927455484,10.619191323548495,41.30861354938598,31.12909968041409,52.673623803825805
281,67529,Ballard Elementary,Santa Barbara,KK-06,853,461.8550551074154,31.707414888595864,48.334594165188655,3096,1061.2577171244036,22.674560236599525,47.305712255789615,78.70600206694752,82.58977984483965
377,73903,Greenfield Union Elementary,Kern,KK-08,215,974.4006871663469,35.957441338535894,57.39089451871597,2094,1976.685789576474,30.601817313663332,25.584666064342546,27.99306259979755,73.73702766047145
92,62717,Fort Jones Union Elementary,Siskiyou,KK-06,13461,990.3847675163707,42.1767105942928,45.69175203502364,1698,2206.649656281575,26.602129882924288,48.19793881591326,60.13474017510626,76.93281566321235
411,74072,Sunnyside Union Elementary,Tulare,KK-08,6969,778.1945308168057,35.37824754849563,39.50138973576978,3174,1221.4349223857926,21.962211848637676,50.904514594316865,60.13465314760498,58.58277554230562
135,69931,Antelope Elementary,Tehama,KK-08,25388,416.9560382910765,37.817199369452574,34.692018987558335,665,2134.9333972807353,29.539216379611062,36.14150719782486,36.92285582618571,72.66527033413068
248,70857,Harmony Union Elementary,Sonoma,KK-08,16777,642.8254751388934,37.59123938123906,56.738530046679344,484,975.9057114265731,22.501960098328833,16.755577572047745,49.752551950743886,64.14541874986907
28,70024,Hydesville Elementary,Humboldt,KK-08,7671,793.0768384598293,39.621658787027854,45.2067808409285,2322,2242.182388717632,30.671945321457727,70.92653023197374,41.588696099596476,67.56227589997711
13,72104,Salinas City Elementary,Monterey,KK-06,13650,525.0351314956567,36.68439512788462,61.016938219301885,2307,1071.907324010408,14.026053909225347,24.490115552612583,69.8153044080164,68.29842910813588
406,68636,Knights Ferry Elementary,Stanislaus,KK-08,4867,748.6108885197862,49.599090289060314,75.33817823111715,498,763.1472321868662,23.792540974760968,48.71455362561978,61.5865078201536,58.950600218758446
331,71611,Union Elementary,Santa Clara,KK-08,2669,799.9499765345905,38.319826782939856,28.61039017982379,159,819.9281945630935,25.237001475652228,38.57241336057027,53.37482767935195,27.86089349085818
93,62004,Lucerne Elementary,Lake,KK-08,24303,777.7007699681676,40.7784980720042,74.97440709027866,1669,280.6476489123563,18.065550206865574,85.28446048155396,47.57094299874505,50.6526744084254
371,68371,Douglas City Elementary,Trinity,KK-08,19713,929.6490752329232,40.20814473081031,138.7744043861403,1186,1061.9242324379188,37.78440609845401,52.379193825471134,44.72970726821927,85.70013404357955
85,72765,Evergreen Elementary,Santa Clara,KK-08,3105,760.7060166717114,55.89807487151942,63.03284264776075,679,1866.410217041207,22.849711485035755,33.560316426783686,85.69071198416009,89.8014105798544
311,69204,Ontario-Montclair Elementary,San Bernardino,KK-08,21085,626.1099992260872,52.21059419180639,35.829981239724304,2179,2328.69088258109,6.327853315722621,32.046577011940414,45.30799293253008,55.678038700944356
26,70270,Loleta Union Elementary,Humboldt,KK-08,1491,473.6403082930984,53.07058612095047,43.17491593530155,2364,1911.8702100995315,27.770437377189584,40.52462580101728,65.75344843801916,60.25730319005379
329,68554,Santa Paula Elementary,Ventura,KK-08,25135,774.016734812977,43.244879603500316,89.82483924598858,390,3109.5705632747577,24.085750134041394,41.10729595536897,51.04006184212316,70.65547015111869
305,68632,Wheatland Elementary,Yuba,KK-08,20230,654.9865711389594,57.020522882375246,67.3175347803749,2403,1386.8031009901695,25.728577228512414,45.699608845336726,60.119561970043485,32.84270643550565
394,72618,Franklin-McKinley Elementary,Santa Clara,KK-08,10890,1025.0260069140425,32.94018475212053,49.515641216473504,491,1789.161762144126,19.09730306245322,61.7752713565635,58.151099092296974,45.41166817921625
376,69278,Rescue Union Elementary,El Dorado,KK-08,11478,774.5328654212385,27.205932894452125,66.30673413757589,696,1772.6817215867356,26.914567902781567,42.607622005649546,79.71579941748203,52.09683602799618
338,74219,Ballard Elementary,Santa Barbara,KK-06,18947,678.3688163299114,29.22519808975054,52.83052772604867,692,1713.3539726060785,17.209958622091,48.322856337822735,59.80442993916916,35.03064241406632
204,64799,Manzanita Elementary,Butte,KK-08,11062,865.4033624759415,33.8634635924265,44.55237342803908,1553,1557.8527344179715,27.897922200386592,13.582699158643049,33.61543955966883,80.48977116163842
246,62889,Ross Valley Elementary,Marin,KK-08,9420,458.1526617276622,49.51904892805395,38.042000474352974,47,1613.7606382720346,20.026695173111143,47.438166173737024,42.82166257618701,69.2461046691441
60,62630,Santa Maria-Bonita Elementary,Santa Barbara,KK-08,16195,391.22196328532084,64.54155534521499,60.122762995681995,2335,1042.773037327724,22.05633099323421,63.41785755948199,86.84703831379304,32.50915448566727
98,65792,Hollister School District,San Benito,KK-08,282,933.8273885722294,31.984698764091497,40.591307719458285,2573,2619.49003633731,29.57388932651518,63.73478565456563,26.552008408404387,43.82035596705187
342,71183,Columbia Union Elementary,Tuolumne,KK-08,24215,692.2637947856845,40.813522687949195,52.57291752871844,2335,1959.8985426424463,31.765642084740524,52.16287177881192,28.700044605449204,67.93888897034955
406,67266,Pleasant Valley Elementary,Nevada,KK-08,13397,658.1542085265913,46.86121781442799,53.43616176102928,1281,2128.0783751458775,23.202183867057734,49.957864884388904,54.470746264238485,83.37274217280515
189,65033,Fullerton Elementary,Orange,KK-08,3740,848.8152022089012,42.83767448558722,40.57766329530043,2440,1741.0592171370804,34.97043109543177,70.44162038420383,35.291798440542685,32.17042753335658
68,71769,Montecito Union Elementary,Santa Barbara,KK-06,10276,183.98007423391164,27.040443600480405,93.4799904228905,873,1942.2117502363199,26.693016405914605,22.104598873165614,42.56924224245899,85.84309739850161
337,75017,Etna Union Elementary,Siskiyou,KK-06,27166,748.5906394425778,29.438923584683323,72.18826720459975,1934,2427.336025901035,21.77939038635357,94.88251388769828,84.69013508977605,37.2222872039278
205,62635,Delano Union Elementary,Kern,KK-08,9412,651.0675590496944,36.902279270604915,36.73758816881252,734,2644.5572629330118,28.08169392551905,75.03441506880232,49.9750567558543,43.60393032212231
204,63843,McSwain Union Elementary,Merced,KK-08,16739,619.3019131850696,48.23076057177941,47.8443893277883,2539,2416.304833578224,26.379324456565453,7.952189234707383,29.10194057283558,64.60699303515604
418,68564,Whisman Elementary,Santa Clara,KK-08,519,795.3323869261962,38.142434729459595,29.645594284142696,2788,1912.311681605186,24.69223050922638,7.211770384287043,60.10138099838953,38.6982127588828
65,72760,Gratton Elementary,Stanislaus,KK-08,14289,460.4801442316875,40.36435829078666,-6.315956461182914,999,1568.9315268891705,27.53967156568355,57.934099938091066,22.717029270887227,86.11613333796873
139,68691,San Carlos Elementary,San Mateo,KK-08,26561,753.3239789668121,17.668650753117678,62.591835366497236,2638,554.1456706934634,11.642049077505469,41.87216369663614,33.347264155798534,65.53548411832331
212,67906,La Mesa-Spring Valley,San Diego,KK-08,207,692.881443710452,39.988771926526695,59.13149661743307,1635,1530.377820594412,13.355559963048696,41.48327387706429,37.69825844807811,30.478691011736768
340,73150,Susanville Elementary,Lassen,KK-08,2347,805.9133077115433,27.31016734676721,42.00422560586218,2758,2608.3957042205616,30.99098229191487,68.35809850832668,36.31964435578402,47.72638427346064
337,71335,Nuestro Elementary,Sutter,KK-08,1537,635.1630021452044,53.11858482830479,116.87997576605413,1841,2188.681564326236,24.718428745344806,60.09459073959914,37.833786806335176,49.37650531607255
352,70965,Bishop Union Elementary,Inyo,KK-08,8451,816.2114107667647,28.77364897192963,12.685565708410152,1811,1156.104489075178,26.099443615792993,39.0180852373704,54.08894964548614,35.42214256477286
196,61767,Shaffer Union Elementary,Lassen,KK-08,16846,729.5922136100122,47.63401173281048,59.11459891651947,2102,2938.56436603913,14.196726446534619,13.463095437651301,44.34564211574733,55.97073072540543
44,65111,Ocean View Elementary,Orange,KK-08,26304,584.9795476253715,33.33560477882468,14.228935086797101,1675,1614.3882712482232,39.031364722300985,50.745788304657346,62.61079219028796,88.75116522910743
11,72207,Southside Elementary,San Benito,KK-08,22056,762.4768633893849,43.163826529039675,51.99855797315065,1773,1112.2407940809608,22.90465337974447,28.133387405954284,36.38649294105642,68.23439454339874
199,67746,Rosemead Elementary,Los Angeles,KK-08,20116,736.5351408258125,27.372109325379785,80.21757598813936,1336,1433.2923976639768,36.6590493955532,31.34455632160308,65.67734492315178,38.85003783572433
152,73719,Browns Elementary,Sutter,KK-08,25124,832.9936465665494,52.78412615053913,30.029359271656148,54,2631.2815917115013,22.390872153857764,34.41368060876269,6.075967974328144,48.2788752306905
363,61436,Cottonwood Union Elementary,Shasta,KK-08,5039,1147.6142638882684,37.78372953570887,-14.216509228419355,1336,-341.16330758528443,26.790932419178787,15.58851428857324,75.81163843427103,50.96002052422833
25,74761,Douglas City Elementary,Trinity,KK-08,26881,687.8214625521596,29.31723326632815,77.19029643485482,1222,1108.8439217682394,25.95282792706597,54.85193957813725,34.48700541833541,37.10682637200888
27,72590,Salinas City Elementary,Monterey,KK-06,6284,504.41920251419674,16.768235306579385,17.799560885060757,1770,966.8354742336265,34.06976650520282,36.44544655790657,64.61138945587741,73.26854102058311
325,64628,Colfax Elementary,Placer,KK-08,3510,328.0256324306873,41.587635125645036,88.72308140713407,2628,1199.8978226102402,17.957464722455384,6.214173552003494,29.8608162495651,17.994060894013302
191,62657,Moraga Elementary,Contra Costa,KK-08,26104,827.105100390428,24.015690348335553,71.37670227903581,2449,1100.031725936908,24.720789600727603,62.69338658300177,33.33374804388129,53.86027947340909
218,64080,Oakley Union Elementary,Contra Costa,KK-08,14592,632.0546147998427,45.04603624345314,23.879595541108152,1039,1049.164671119273,30.069629940541226,42.22638533101399,73.71623188194867,88.83946927544653
192,73865,Bishop Union Elementary,Inyo,KK-08,26987,1052.2089929846852,46.65706186303814,28.16018829305187,1751,2406.7589391928773,27.8356539507232,40.85623868992432,70.9066786186153,30.996029092742788
29,67591,Janesville Union Elementary,Lassen,KK-08,16754,999.9360509531755,41.88858312346928,36.80485605604452,3292,-82.63471336071007,21.37243081791459,65.59399487040005,72.53917345083804,49.93545991006759
365,73983,Rincon Valley Union Elementary,Sonoma,KK-06,13990,515.7924387580113,38.568400502005254,31.855030799749052,2058,2458.2681317644624,20.317676332535953,38.31540617161701,68.03873855318163,70.04289242546729
401,65283,Oxnard Elementary,Ventura,KK-08,10106,912.3967008876167,28.112757308317526,44.93284282207881,1988,2235.148577383938,21.538624715960232,51.855858222306935,77.13633372158799,63.9087842681722
4,67097,Westminster Elementary,Orange,KK-08,16412,979.6603048917034,36.05037200220764,53.33158014068874,2240,1588.2205128513465,27.597891569199454,41.435753486474574,67.03285486690899,36.96588408819634
207,71212,Woodville Elementary,Tulare,KK-08,22876,682.7249143700263,50.691983358162815,56.90857568032901,780,2382.637624495984,25.013774037565536,43.659976584152034,58.60659634433792,68.11694783815824
228,67688,Petaluma City Elementary,Sonoma,KK-06,2630,738.395462979437,40.01891756958417,57.24615955518989,1700,2505.924553974532,22.064633692616027,55.37538631309693,37.919882768565216,68.85356967922888
47,66078,Armona Union Elementary,Kings,KK-08,7101,853.1821234878236,44.73419181620349,17.771452263049156,191,2128.609041278233,28.099650140800073,30.8626493438457,24.286293582722916,85.32823566660593
86,65278,Gold Trail Union Elementary,El Dorado,KK-08,1625,740.1988930790936,35.935219725886355,45.2877903363784,1094,2716.8040792013235,32.15517879574897,62.628864745256124,34.36030754694844,49.93236553862178
218,68539,Cardiff Elementary,San Diego,KK-06,19856,1154.173378001365,42.81574848434524,27.430643773234245,1980,2104.836543560144,32.42456204632771,46.98358206391033,24.945336261114818,10.104210683798811
58,73580,Orange Center Elementary,Fresno,KK-08,24599,588.2693792231909,45.19920299156931,73.88025472768368,1966,1414.9521484214174,21.186690820582857,57.6125201798353,27.039351903348386,46.32326154128325
340,70053,Rocklin Unified,Placer,KK-08,17592,565.671668340926,47.26238129392667,60.07626707195647,965,2027.5812941440888,26.733123117205633,34.761715567945686,34.77313779622518,71.55964483796494
335,74290,Corning Union Elementary,Tehama,KK-08,19509,915.179933956927,42.16865961350896,48.12582007140726,260,1687.3987667598121,21.40202128097858,16.895698702360406,27.514127583471527,58.745442307006854
274,66518,Camino Union Elementary,El Dorado,KK-08,2013,964.2622668071897,49.155999640941864,60.32794649953159,272,2756.170274537989,31.09422741895255,29.608762685852227,70.6497680101964,56.17787531772373
382,75127,Anaheim Elementary,Orange,KK-06,10538,376.99994219542026,41.85554492888563,-18.55499920831187,2922,1289.4548677105909,10.813284672596179,42.10732195294097,88.45679218030514,32.33396383505817
384,74682,Washington Colony Elementary,Fresno,KK-08,1317,620.762896451266,16.011512418605125,67.48588957654114,2419,3160.5267791262313,27.983231861468724,35.200319570334045,73.67832455795107,49.41973802157102
378,66564,Santa Paula Elementary,Ventura,KK-08,2126,1047.8178227801734,25.53321751799987,58.80159914301278,797,1666.0528499929076,19.394702964638242,42.47945676461109,19.53530765149266,84.859612353165
349,74113,Burlingame Elementary,San Mateo,KK-08,2795,902.7889300963664,43.35452767283404,97.67703269405193,2066,1201.6930564904699,27.864075824909758,15.9539940396979,10.620919699976085,42.44081710165408
380,65305,Franklin Elementary,Sutter,KK-08,15635,860.1305313468181,23.181778773906117,41.858774790910545,2101,1464.028125760624,29.034054927723147,76.54908234690708,40.18064723794972,82.02949139063324
393,70610,Plumas Elementary,Yuba,KK-08,21330,590.1897409064957,23.71644485090434,103.76308991778245,2047,2357.4252925491287,24.88823998170182,44.4912449009515,63.489723116853725,57.65894245963477
75,74319,Wilmar Union Elementary,Sonoma,KK-06,10484,1027.4446661654176,34.4104614507689,66.03992577057645,1201,2198.324926654262,19.384775287417124,57.728827247791806,19.536700248097603,78.08276517185018
249,66004,Hermosa Beach City Elementary,Los Angeles,KK-08,11470,431.760221290516,35.91865395789802,41.963540221515856,2441,3472.828387916697,26.62001527082709,74.29205075540548,67.42676872459694,61.05757986446035
159,64674,Westside Union Elementary,Los Angeles,KK-08,26936,617.5886505219698,53.59623110426233,73.88681408522179,522,1984.2057359237417,16.275010720051,45.15607903208607,82.40351920286986,75.37769568463801
168,67246,Central Union Elementary,Kings,KK-08,19204,623.1482249852561,23.253138899285506,38.19965411310241,1468,1973.785464991959,25.28699147546207,19.863868338713083,40.172349686100176,57.075362239878885
173,72924,Oxnard Elementary,Ventura,KK-08,21231,772.9250854745948,23.8768024316243,51.37037725525621,1585,1333.9088448000693,25.70220992320557,28.518374359618843,59.36579300556325,35.76140589162503
379,67482,Arvin Union Elementary,Kern,KK-08,12376,1134.047140296207,24.292421923255354,49.4453820010162,852,2789.430791215041,37.596225305732084,40.544515853603244,113.6586522579536,75.75607368124318
347,74007,Redwood City Elementary,San Mateo,KK-08,21338,781.6824097293824,61.17728474419675,29.388597012509674,2367,1496.765161033877,24.59949415353255,47.813471364150324,51.77958543993844,24.05205527170969
97,69186,Lakeside Union Elementary,Kern,KK-08,9820,807.0776949966029,41.13903415569072,54.86774826370025,2563,1509.1919772148738,25.664664901368276,25.973396645785936,58.19283721704338,21.262771908764904
279,71608,Saucelito Elementary,Tulare,KK-08,19574,371.21611481730343,42.34286071501126,43.23728232248061,2189,2441.260425186495,28.00926711399859,69.07862924852553,81.97784207479702,40.665217943366414
70,63809,Sonora Elementary,Tuolumne,KK-08,24614,651.6943652611857,62.93574364395972,30.19642128664766,2945,2346.4983407167847,18.633383909512844,57.646646730729984,38.511670367363266,48.215763061063626
252,68362,Somis Union Elementary,Ventura,KK-08,1319,559.1061778625287,45.77375012697112,50.283239771143826,570,2300.728242873412,14.905176161047121,33.10322125544475,38.017349967054194,24.290988442376946
11,67476,Mountain View Elementary,Los Angeles,KK-08,11667,758.3858459995708,20.86924871474972,6.866026269357349,2922,1679.1836063483365,25.147319919918196,37.218832174875836,67.2932333221824,56.51724152300587
275,61877,Edison Elementary,Kern,KK-08,2276,923.7987276872238,8.727080979610527,100.51587650799848,3234,1552.070081929375,25.74970147087283,40.891686961279014,29.92610551692717,59.77094176537263
134,74394,Lafayette Elementary,Contra Costa,KK-08,12444,597.6869117165518,38.95388624586342,18.253981085658022,1820,738.7944604209642,15.488374459526627,51.46985802734156,28.913075483955435,58.890205825102875
307,66304,North Sacramento Elementary,Sacramento,KK-06,21011,1144.1801998206533,47.46462475440585,68.67236867255683,208,2356.7384385825185,23.93410681013575,36.27591984066977,53.58088404359334,23.111696746977486
169,71625,Alvina Elementary,Fresno,KK-08,23883,568.5702500489182,33.30152740664921,11.172709142146182,791,1940.050724681497,30.5182704804971,51.27031520657552,52.05721730775361,77.67424526582198
180,74101,Alta Loma Elementary,San Bernardino,KK-08,357,733.957649857073,39.71672315050074,65.29603765644966,1723,3262.27110063467,23.815055569084002,23.787388706022938,60.14402785575355,75.85459863666368
239,62229,Meadows Union Elementary,Imperial,KK-08,23101,665.82644393496,51.822091407797885,67.42426421570119,481,625.188901220105,12.827334908867687,37.03136810008471,44.391941875349104,76.23411185701829
155,68397,Enterprise Elementary,Shasta,KK-08,21539,931.8355339262301,17.960117053323632,33.49761095225104,2229,2277.6111473102583,28.444892873847593,61.37560346217667,39.953085913534316,52.54717339012614
285,71983,Rescue Union Elementary,El Dorado,KK-08,15446,391.3177701565027,56.86691600801947,76.6797465462359,2528,2480.020732381831,22.480370804200692,32.337509765888385,87.78467684892334,38.6696540695668
372,70825,Lakeside Union Elementary,San Diego,KK-08,10174,806.6048917871072,39.14643092137614,41.725771296508945,686,1027.427747092323,30.415530386573842,46.92346911307186,29.68101126195125,33.367477679671985
320,65746,Ontario-Montclair Elementary,San Bernardino,KK-08,7890,887.8561569817703,56.926335635336855,13.057168428242058,2788,2148.350630745921,31.832100923806525,34.25921090883486,65.52612390576695,72.93808015795234
167,69447,Central Elementary,San Bernardino,KK-08,14339,542.4197686887564,57.848252065646484,82.50837043655278,2614,1558.3583593033954,36.90486742756357,68.2967373297498,58.65335840136073,78.10325155257893
238,67749,Pond Union Elementary,Kern,KK-08,13386,664.4090085981243,23.834713726763667,48.09503528988156,2116,1982.1934945899668,26.39749649067469,54.7093513389648,66.86889305776793,69.88757179614059
354,66851,Big Springs Union Elementary,Siskiyou,KK-08,21640,828.3676459930355,29.53628939726374,75.54073882785308,1219,1573.2416073121033,27.881214131628134,26.561310716846492,61.02595485205448,52.18495482634887
27,69112,Twin Ridges Elementary,Nevada,KK-08,9427,930.6991670928285,46.869557665243505,54.83446132418842,2826,2328.7233860530937,29.045031825139155,32.674004488162886,18.21074046045427,47.560242471584885
269,68795,Palermo Union Elementary,Butte,KK-08,12955,781.8870618122409,33.891007153279155,43.18757810721655,205,1202.7864388460266,30.877433143636164,20.414546988906082,45.04613873179741,74.16818248965356
133,66521,Etna Union Elementary,Siskiyou,KK-06,24909,586.6046286032714,36.84274401203787,43.4350373314432,950,1741.7195063250842,19.662645165764584,36.22339577842459,66.77171185017261,39.822244540955595
278,70620,Yreka Union Elementary,Siskiyou,KK-08,26556,479.6049378668166,35.70500362904129,47.33843768569964,3271,2869.1165349065695,15.995566176606676,-2.2617129143729358,39.29770655900106,55.48734646017781
298,66856,Larkspur Elementary,Marin,KK-08,9334,403.0682914797843,40.38642008969552,34.50044689279213,1743,3162.096097878277,19.31881172311583,54.53042601628521,35.4123040467088,50.02506581448763
257,69926,Belmont-Redwood Shores Elementary,San Mateo,KK-08,18046,940.2184322992551,46.02607176057019,7.984475807234965,2507,1726.6559681585477,26.270757811909956,17.671637443239337,66.5557266358707,39.44778852919102
83,71363,Bass Lake Joint Elementary,Madera,KK-08,11228,546.7424334087971,23.937370195255276,38.27811084218759,1797,3851.1889054804487,18.90220397750258,55.38841377144356,13.465512120872376,59.55575680636615
201,65601,Grant Elementary,Shasta,KK-08,684,1004.0114915108084,61.762944812722914,39.32956581757274,291,1789.1790013737068,17.535723914420934,43.50435801332844,55.75646256727574,50.99476273790835
82,73465,Junction Elementary,Shasta,KK-08,21467,744.3174382038496,52.03442478057426,24.526728639177964,2055,1926.2521956985854,16.068774803464034,41.84227277528858,22.638234780972976,22.993955815520415
8,69044,Woodville Elementary,Tulare,KK-08,26122,953.2989430102562,35.97932756047814,83.21875712513506,2511,2008.9588277390783,19.479318674592275,32.735110769568145,56.223913146131345,42.63863014299112
350,62822,Hydesville Elementary,Humboldt,KK-08,14367,804.9326689412346,15.976043276096274,78.04296512492552,1248,1387.416807412519,35.22334621595112,51.49493026547906,78.37730134077532,65.10565731289763
270,71674,El Nido Elementary,Merced,KK-08,17411,596.2447810324334,38.27266547253152,54.20595371990475,3263,2155.9305467190666,15.913310133720305,22.165992268026482,37.392666926945,16.384430672690286
84,66481,Rincon Valley Union Elementary,Sonoma,KK-06,4923,995.4613858106684,62.718483793153155,78.20831690481891,2571,1852.85463138616,35.845145327381076,47.777798404303226,31.64871664852428,57.471709880055414
368,74034,Ophir Elementary,Placer,KK-08,9610,819.9212740428793,28.617826256708316,17.834811805108522,1219,1425.8353301413556,7.835847651495442,32.63174390293582,40.72723507256915,27.282214399291718
273,70114,Anaheim Elementary,Orange,KK-06,18185,805.362137326518,43.099094847231356,58.002965003597694,1262,783.6344731648117,29.293339906259106,44.97607414568505,66.46034372483655,89.9091078155674
69,72077,Ready Springs Union Elementary,Nevada,KK-08,25397,716.8089329167132,57.21478384816146,101.09150190311631,469,2275.696098443741,33.477095685263436,33.70209844481157,19.13185379225274,5.136473443547779
1,73891,Central Union Elementary,Kings,KK-08,22487,728.4421211130807,25.274811294232983,5.879395786690296,572,1259.689844015905,25.107983351353187,91.67240208033297,36.384695693297324,49.03788494618468
1,66189,San Bruno Park Elementary,San Mateo,KK-08,7726,516.7700691502272,51.19495711048795,32.028147499577024,3057,1251.674924871727,16.722927279299565,44.21105170927419,46.74731294128137,67.07338091824647
366,71604,Chowchilla Elementary,Madera,KK-08,19699,703.6655317026652,29.955683602250005,84.73671042293668,632,2097.874076243354,27.5515245306699,38.18819081759242,35.07224206239002,50.49335607141529
343,71453,Oak Valley Union Elementary,Tulare,KK-08,8672,786.5216558987133,41.082305508606936,29.75105208708593,125,2511.193922536192,32.10987755622021,42.83829932307464,46.428048582652025,31.18864354095479
203,74443,Ballard Elementary,Santa Barbara,KK-06,12683,669.9840156674118,41.77920204200051,33.263362062927015,2363,1278.0712593389685,24.03060363158042,6.623396914372577,62.98353532572363,61.095326318992434
135,61532,Sylvan Union Elementary,Stanislaus,KK-08,4568,1042.7193242524472,28.593312699133598,24.46235833141707,1495,2239.7127929688677,31.75254139790777,38.897313869057726,53.74209681573165,35.4693688109146
138,63685,Lafayette Elementary,Contra Costa,KK-08,20223,599.043519567791,23.516557778809936,72.52279094728263,796,2059.734355103446,19.376463542101167,24.30888105573183,52.530667294492176,42.475862263581455
96,70192,Central Union Elementary,Kings,KK-08,24354,893.8644836561407,61.22685796634403,57.48117086092887,947,1721.4923739296746,15.869184622456306,30.965492879642248,44.23387626354167,63.54897939362715
120,75388,Browns Elementary,Sutter,KK-08,15882,599.8723822036497,31.34683237760144,28.029385711226457,2715,884.5500050658933,43.23727818361675,38.45218990285389,84.1208052306392,45.45163993300845
55,71333,Hueneme Elementary,Ventura,KK-08,2034,410.3315199998343,31.511933589554438,46.88778056338416,1750,2344.729302747528,31.898115057104718,52.867499579500176,4.267759459623925,41.95225514034084
154,69645,West Side Union Elementary,Sonoma,KK-06,21970,690.0915986607976,51.737992195886164,8.997805017284904,87,1671.8010583198068,20.844394662903646,50.38975836930619,53.98364695309307,52.66075477890796
347,67581,Terra Bella Union Elementary,Tulare,KK-08,8195,773.9444020868888,24.960063126169707,69.36598117247567,788,1747.0517628567488,19.040000392162675,44.335222895199,58.67623920981643,61.33710823192665
159,67198,Los Nietos Elementary,Los Angeles,KK-08,15363,621.9189182050806,29.557967557687036,50.12315110483024,645,1452.898198056091,18.13226221842433,21.58495081203084,36.80484462890817,55.3066257491281
21,66556,Allensworth Elementary,Tulare,KK-08,10480,886.5516568055995,42.53098686649274,57.27047769309878,2399,1919.313005196294,23.06634690944421,57.7632636555001,62.489888239843026,76.33716369780609
80,72762,Chula Vista Elementary,San Diego,KK-06,3952,680.8548074559822,42.904493580492584,94.23227655000225,459,2153.2737031929873,33.9117638993219,56.21709422369295,52.47032046812424,22.34814599643408
418,67473,Cardiff Elementary,San Diego,KK-06,14716,826.9799263669312,19.875309060372437,86.57204397030017,1427,1158.8538248149987,33.15071640911454,54.73517748763891,75.81966348995866,75.99666213716965
309,72450,Monte Rio Union Elementary,Sonoma,KK-08,26811,519.9111869049061,41.77140753452481,47.93000061107011,1125,933.5914149533743,24.189304966041217,67.81064159507989,21.975408537650733,85.7568022034011
398,66427,Centralia Elementary,Orange,KK-06,4523,706.4059684074234,44.37289478495856,81.01769271413255,748,1855.9774052347818,30.822735880217298,34.68912712658444,33.00483795529534,32.67973941825332
79,74541,Lucerne Valley Unified,San Bernardino,KK-08,23218,575.2977308795782,30.278375072190745,89.4637878349946,54,2047.7625478765403,27.52409569325207,43.41428729179171,58.608437358604256,38.44505402287537
218,62725,Cutten Elementary,Humboldt,KK-06,11031,669.1272032368008,41.414571404181096,53.33368341250097,20,1398.96156913056,18.28226779615388,10.348985760048464,6.9832873703578,33.516979010780986
45,66964,Beardsley Elementary,Kern,KK-08,11490,408.5178442789056,42.7224604392286,71.22974363351798,1451,2174.6688264461523,24.44492801325617,61.778139653646264,40.86661139301306,54.34873571276133
419,66709,Savanna Elementary,Orange,KK-06,11103,744.9852950419015,30.18095217277149,44.627429834372585,2260,2220.576867798665,14.273914061221463,40.77790441905184,42.25110442916749,52.77265744700582
150,66651,Perris Elementary,Riverside,KK-06,5728,960.1909187422945,38.85766437309475,57.089926632019015,1428,1523.601542952332,25.852067957899646,39.37646130032159,47.84425201865877,38.31586160587772
244,64880,North Sacramento Elementary,Sacramento,KK-06,18087,745.570290287414,36.28014159445052,12.498064552944669,2446,2311.9588731669483,27.5789068499069,48.14678770821723,18.4105587288407,98.76127012273491
32,64002,Twain Harte-Long Barn Union Elementary,Tuolumne,KK-08,12971,815.2918324931173,54.63620904471762,35.701881956842634,378,2338.7001985930297,20.38092181856028,24.44605819024095,80.39984173914705,33.659723754164965
306,63403,Cutten Elementary,Humboldt,KK-06,16810,693.8387652691741,49.18705475448203,43.465057561935154,3112,1682.2689774824482,24.97108649500152,68.13440434776871,45.26439946916382,33.80995713648167
283,64001,Arvin Union Elementary,Kern,KK-08,1086,976.1849785956836,39.19077550249685,35.1638560029948,2397,2323.8369355038085,26.47626002016254,63.17400602165563,23.939028871448283,26.220424539351033
64,70010,Oroville City Elementary,Butte,KK-08,27129,510.6470701956855,34.19886156529934,21.20531380674618,2615,2253.324319638328,30.574938534537115,37.55602094960494,60.897460563492885,47.21533655023341
237,72591,Delano Union Elementary,Kern,KK-08,9869,382.71068606381283,39.272575569537565,71.1359603312466,727,1987.394454369506,15.350069437701984,85.97449137585463,67.16026309005355,72.87250103917552
72,73092,Union Elementary,Santa Clara,KK-08,20004,642.204587030611,47.60390170422106,27.641454491192622,1962,3114.0423957984076,8.024619758143977,31.2968498895436,35.57298027197743,71.41518525384348
296,71146,Wright Elementary,Sonoma,KK-06,25259,806.552336497107,54.452747074886084,86.23670191280021,170,1975.0043423962222,26.38165585008122,31.802215989290037,23.5761154444603,59.241642607794574
357,73666,Lowell Joint Elementary,Los Angeles,KK-08,7899,137.15002113370542,41.420133332508414,33.98463711880615,1353,1543.4612975239925,24.24609094727677,30.633957657095877,60.32888457240192,50.1389087502053
211,65351,Garvey Elementary,Los Angeles,KK-08,13231,991.6081158678244,65.1811967341074,39.62848149803419,1793,1605.3674798426036,29.658363908931964,61.384237794187044,36.23971004458779,82.36222083916422
224,65007,Loomis Union Elementary,Placer,KK-08,11888,856.2687347314737,47.380076069341186,52.031005468288036,1164,1665.871522472825,21.45310396596462,41.31140027237694,81.45841165732112,91.98096991024943
192,72489,Central Union Elementary,Kings,KK-08,17852,626.8746756576163,51.350316993293006,54.68832181290858,2887,1812.9464283991065,12.796511889624119,61.96655339216622,26.68654946556733,64.10722162581399
404,69367,Shaffer Union Elementary,Lassen,KK-08,9594,911.3960851529184,39.381861456055816,20.894739475218582,2096,2088.1465067730805,35.48683287481476,49.26551616015995,41.587732231447916,47.040088604304835
161,67552,North County Joint Union Elementary,San Benito,KK-08,4080,506.64257800115905,61.971293900846476,45.25485421286782,245,1881.3998717835625,30.30316015132679,50.44501130670946,43.87970352486917,36.27898826784251
387,70029,Liberty Elementary,Sonoma,KK-06,20057,708.3985577610642,21.49613757862502,19.05670191890091,830,688.7767037465728,35.49307173572908,26.97634558221585,40.13568062025392,43.245525086178105
8,69835,Dixie Elementary,Marin,KK-08,22638,642.3369481719827,27.287809573641173,33.73995780724444,842,1505.3373355436554,15.08838193372828,45.30720315853646,61.84965634039031,52.38846171971751
411,68143,Bass Lake Joint Elementary,Madera,KK-08,16973,998.4738715092468,14.625395337455547,36.632844025454105,2142,1971.820532215066,12.14171761802474,18.404431722571196,56.953590932748064,42.907814406355094
292,70815,Gerber Union Elementary,Tehama,KK-08,9830,556.5770170405087,32.98003471402287,69.4769396992177,2643,1828.252079119092,24.9662679897682,5.804058953060569,42.90854139470261,23.17245472490376
127,68650,Mt. Pleasant Elementary,Santa Clara,KK-08,25942,547.2178101298936,43.38078235457098,50.81010240439198,1936,2368.7238975973287,27.557308717184274,-5.6081289326794845,34.55523505273985,42.900549975757144
180,71299,Mark Twain Union Elementary,Calaveras,KK-08,16423,762.1575868753603,29.005910416745195,45.403372752907046,1541,2085.3554756878084,23.245953928821983,47.780637442042064,31.56809011066584,33.177138903644796
131,67527,Three Rivers Union Elementary,Tulare,KK-08,5134,575.3559808880868,65.6005597674525,68.86337735010792,821,1511.748806371408,19.153085367995843,26.015832587334163,56.0440359838533,57.246214854204375
304,70063,Belmont-Redwood Shores Elementary,San Mateo,KK-08,13256,339.1287689717418,43.91290188772042,50.13012583187947,202,2121.5968227389635,19.542950570781514,45.8468884439604,54.84784569442864,54.04248249447771
138,67791,Jamul-Dulzura Union Elementary,San Diego,KK-08,25895,573.653880728643,35.61280827450134,85.40257120507334,247,2098.4951723274003,11.9233412022039,55.06098921256016,31.477949770976807,26.820900799795233
164,70809,Orinda Union Elementary,Contra Costa,KK-08,16015,665.5945291717203,46.94385403657611,74.17916778223885,2766,2178.211252359509,27.470521515712228,29.99626796177612,33.55902959444524,53.92779709352895
359,72904,Plainsburg Union Elementary,Merced,KK-08,4966,650.5821778840285,21.66415603335237,44.00191346252591,580,2167.8545471478587,30.600247793118857,27.77954608521678,20.791845397715495,63.73292794711514
149,70437,Alpine Union Elementary,San Diego,KK-08,1164,832.7088067264469,43.29971927589158,13.945741820068434,3167,1342.8456334588873,31.886032648252165,38.307187341600475,55.076867932796674,70.50059851820356
414,74476,East Whittier City Elementary,Los Angeles,KK-08,22675,879.032352446055,45.05723074611273,13.512182928721238,2476,1257.6943790126834,26.59720242328278,60.18794293224799,34.981437757967484,47.46803930872775
288,67282,North County Joint Union Elementary,San Benito,KK-08,20059,483.54887322783,48.55705162687688,36.415072417094756,2270,1094.0240734834256,29.98420591744111,25.33596679425835,56.37119555566621,47.31231932009988
283,72952,Soquel Elementary,Santa Cruz,KK-08,6079,728.143964342018,37.47234510220832,16.404084453233793,2510,2571.2846634720318,20.066080677547355,15.472296462060772,48.17091760280243,51.60465579279775
95,72586,San Rafael City Elementary,Marin,KK-08,16099,630.7473810288552,41.02935036388184,73.61881621031483,333,1820.960732822699,25.082258809779297,64.32205860897982,22.63285651129596,80.15903904389688
380,63987,Enterprise Elementary,Shasta,KK-08,2043,842.9715309235628,29.93904330714921,3.6472989120720953,1599,1935.5614955036579,33.12680282471873,41.30254185870888,56.14625191952358,49.18834132923189
297,73885,New Jerusalem Elementary,San Joaquin,KK-08,4482,748.1748297942192,59.66899692045578,61.02682064203118,3314,1977.8710536785375,11.08518098158301,38.84880353555534,41.10392187588056,69.29128587879758
309,66548,Curtis Creek Elementary,Tuolumne,KK-08,22466,697.707921595079,37.61003042851431,-15.0235735253639,1309,1195.3578524813372,21.606755074214767,69.84741071007122,64.16636779042683,49.000457555316046
225,64184,Jacoby Creek Elementary,Humboldt,KK-08,10524,724.0684171999135,64.26454311391966,62.166775429827254,2074,1954.497935996822,13.246910809706478,68.95558961633658,36.41899131413647,55.96055442142277
307,70575,Chula Vista Elementary,San Diego,KK-06,14501,825.629329028508,48.70016548285125,65.00153616967093,1137,1743.0898154872634,29.11602223080889,46.04632307400138,53.01709163439694,48.597515254408286
98,68366,Oak Valley Union Elementary,Tulare,KK-08,2001,667.6084737394602,41.129311237372804,62.319301594701045,2298,1044.317148863809,24.731688643954637,48.629686647416605,31.00948134008492,40.54935441419542
13,70068,Mark Twain Union Elementary,Calaveras,KK-08,8225,690.2284231970335,42.788271767341506,46.16394724678111,1470,2956.9998892811536,12.369711896340705,38.93224428137375,86.10137060788155,71.59663360740393
372,68469,Montgomery Elementary,Sonoma,KK-08,7286,1011.274730965607,49.93032659434584,68.86069685664182,2655,1226.6013652621286,21.577247767733763,16.805544350630615,31.399910742317378,33.344114696797426
139,69037,Alview-Dairyland Union Elementary,Madera,KK-08,2649,761.7074100251698,27.56350974310817,81.23016209953491,3105,1769.8680261090358,24.995000477869407,42.16582161663029,48.532762827035214,44.93456970087973
91,66264,Alpine Union Elementary,San Diego,KK-08,18740,667.5340898765592,24.07766820428882,-10.785520322045237,2330,2700.452710669854,26.75967922455613,41.91949692043257,47.88159061263732,9.188752958231866
374,74906,Chowchilla Elementary,Madera,KK-08,24822,605.7266304320686,22.492308521030818,58.97437120333666,2923,1608.688791292194,25.74687292999457,54.66171142627039,52.78512350416518,61.44702837934205
228,61660,Sonora Elementary,Tuolumne,KK-08,26882,581.0640745128767,45.976005752458974,51.2078327413478,1948,2213.846855918184,21.909728946756132,35.32329675428023,76.13901357174652,13.167686948785729
297,71489,Mother Lode Union Elementary,El Dorado,KK-08,9539,734.6663764023425,72.24099592346126,79.6084867941845,3055,2657.178871413479,30.703778345566526,35.06292061656294,44.671779867922,64.19061571746641
259,68834,Knights Ferry Elementary,Stanislaus,KK-08,4331,507.20979873743124,36.358191839667555,83.58611898063197,744,704.232717916484,31.515860860787022,30.714741169269097,49.36995741106945,68.98600927410381
119,70087,Kentfield Elementary,Marin,KK-08,25848,876.0536005293212,35.68406221294015,50.457074809247096,1685,2389.991121887742,28.307574249768116,36.29798492113238,35.11331876820613,58.447703993662444
401,65496,Alview-Dairyland Union Elementary,Madera,KK-08,5271,565.7387888549689,27.915361165072675,79.0966040446218,427,3284.739576489148,29.971242441790046,58.91339534332664,30.710330376395902,69.71761830382123
368,67776,Pond Union Elementary,Kern,KK-08,8409,880.2442373676545,33.948307823250865,19.956361600284563,1589,2810.422450216587,30.556523130968007,6.119425568668866,68.2167619513665,79.85675558866288
237,71458,Alview-Dairyland Union Elementary,Madera,KK-08,23825,922.6848540871888,29.179299124450417,57.042653816920804,1953,1850.4389980321441,24.042150217458698,25.276214436818897,64.71984101193246,76.570056139028
313,73455,Santa Paula Elementary,Ventura,KK-08,22996,793.9719566424894,30.18388430147623,22.26104464163911,2896,2545.7460445275565,23.19374672568668,37.280663821996725,64.9966887557439,62.93320551794173
100,64781,Monte Rio Union Elementary,Sonoma,KK-08,18787,884.0467043378055,57.074947216243764,39.060744924849466,346,2697.2521981510085,31.577531129447323,50.24039971716175,44.19449956078981,61.4548888263229
70,71289,Alview-Dairyland Union Elementary,Madera,KK-08,5261,386.5167324782943,62.3693255714481,36.32915781747407,1120,2058.7849433185283,31.064578582407314,12.374170003986155,52.30887924825581,20.398514148843756
224,74734,Manzanita Elementary,Butte,KK-08,24282,776.0282394348133,40.34396841658327,47.897521297758985,1365,2395.50368323658,35.934113985115275,33.46147234450089,35.77561509766375,69.72280396681327
311,74408,Jefferson Elementary,San Mateo,KK-08,14096,1011.9703908190911,34.26714159977544,56.35835991530747,1906,3251.6438158857723,18.184901821005962,51.16490856791471,52.44391333859574,38.506462380488685
173,71197,Berryessa Union Elementary,Santa Clara,KK-08,20003,859.2160806160591,29.05794855627963,45.42474857422208,283,1413.0796318277316,19.67867452330492,43.676598450126676,63.84965799623473,74.57702554758188
171,67316,Santa Maria-Bonita Elementary,Santa Barbara,KK-08,5136,627.1708590144951,63.509374158198995,61.357596724011955,1949,2161.171478863962,25.06287805972685,-0.994672500459842,38.05190919729892,48.25329126714928
382,68859,Buckeye Union Elementary,El Dorado,KK-08,20726,577.3818910345016,56.39256411423216,36.95032878336548,1841,2789.3244048830525,25.8986883858085,60.64092832600549,39.2673898991052,24.07742465530929
121,64218,Auburn Union Elementary,Placer,KK-08,1419,957.7574050317793,46.742917458094226,49.19065021819952,1087,1841.7946524976494,21.31171344950589,43.64186904976307,13.468266180823704,38.28433085296726
357,72208,North County Joint Union Elementary,San Benito,KK-08,4339,523.9587262050077,36.99192566774757,74.80952465950912,2094,1866.4383557336464,27.513031568854494,54.719500785360886,27.97553321219882,33.11552029581391
217,74274,Liberty Elementary,Sonoma,KK-06,24051,781.8168807249083,34.2245049966475,27.96124321060649,2158,2267.1266361253256,25.240895411681898,46.96675082401693,57.122989086794895,45.315131627696466
124,63279,Solana Beach Elementary,San Diego,KK-06,11481,667.2646052376316,41.411324381647766,56.69757012186573,1502,2478.2196294602536,31.21875784201098,30.342968234992416,66.80492036189746,45.830921203089815
359,63068,Nuview Union Elementary,Riverside,KK-08,10911,669.7039860095033,57.85322652995799,32.98665780550664,2205,1447.9337001534323,18.220247586839456,61.707262326869326,67.44464469648355,92.53357438933168
345,72138,Jefferson Elementary,San Mateo,KK-08,17580,717.2679862502839,42.631612287343586,44.77819017272041,2986,1965.0009555311437,27.669847372594823,38.291147660193076,67.77501599036444,45.06794286107099
346,72356,Salinas City Elementary,Monterey,KK-06,12304,586.4303545404147,19.586443606185373,66.79852993504903,1877,1747.4508485719189,17.54923346046743,53.747360891962714,93.80080082651844,68.1274758412739
19,63187,Enterprise Elementary,Shasta,KK-08,977,849.214067939823,30.836494212658156,103.31134142958858,2502,2227.323868440181,27.04288165714037,27.045807255521197,55.900692556301124,40.5184549520051
10,72941,Etna Union Elementary,Siskiyou,KK-06,17227,853.1065946275553,36.673925424986535,36.4735158583398,3048,1922.9914547837382,25.314397125698363,45.53403520062435,71.41830132193522,54.47752988114962
403,64536,Chula Vista Elementary,San Diego,KK-06,3195,668.9638521688248,35.269990650814066,51.32196184559441,1560,1862.5393599472618,20.687020860451828,36.07146994335992,86.5677782890821,38.094661232752074
337,62036,Jamul-Dulzura Union Elementary,San Diego,KK-08,25768,644.4196503066745,62.88899941075827,-9.667764624227821,2138,1397.701241681908,39.331513159402164,57.51360519434951,52.42702224368525,40.854786008831915
50,73224,Las Lomitas Elementary,San Mateo,KK-08,10259,560.4254483142835,35.25519278419428,52.99543356676903,1439,2837.2591226490263,23.76376658846032,52.07309230608098,74.15144343698614,28.645118336916823
179,72572,Mountain View Elementary,San Bernardino,KK-08,25174,856.2958440565953,21.822800831666722,78.17178683059494,2531,1892.8370276828248,26.10502755346203,78.59542143270261,27.545736283973607,81.22855778858629
420,64560,Maple Elementary,Kern,KK-08,17758,931.3720386040956,44.06352982828528,25.200998497838878,713,2505.7868898104966,29.660726152751778,66.31332698068425,41.81894212185717,57.958652226929
15,68429,McCabe Union Elementary,Imperial,KK-08,12116,909.9974555557326,48.14927217149087,75.61304993130355,2347,841.295158786359,16.968350824523824,29.123585209544714,19.78663932199687,44.19463644611513
377,64114,Fortuna Union Elementary,Humboldt,KK-08,11749,547.9930231764107,40.070346041067765,56.43697541142138,1488,1906.6281284448517,26.73404021784441,51.06173984763118,50.09085374358844,17.009388950316996
189,74263,American Union Elementary,Fresno,KK-08,9099,998.3289021358798,36.83712131699518,52.55569651732921,2599,1692.6941186051802,34.96729553836444,35.67033991125771,43.16417045061672,46.31642428162719
65,65983,Los Gatos Union Elementary,Santa Clara,KK-08,4219,203.73051053148737,33.12792119522126,75.12335946512952,3307,1827.1432553599766,10.484942307690154,56.99577034115552,72.98505783005359,41.62999025019752
219,62224,Yreka Union Elementary,Siskiyou,KK-08,25069,1011.5553832564118,55.90680507581298,70.63849889371389,116,3199.9460993752773,31.97382303914927,58.60069504087308,50.74846484520229,44.18756496110453
305,72139,Foresthill Union Elementary,Placer,KK-08,14067,821.6640251697451,40.13961107017475,75.8764401534089,3087,2373.038917954435,14.227066573244413,29.404666120078613,55.09414633393663,62.27751648282243
44,64957,Colfax Elementary,Placer,KK-08,25798,844.6343855652372,26.189078928452773,19.59881597692681,3108,2041.4328468782765,29.864418165514643,36.582815319303734,60.24043985043415,49.87958504510362
6,64220,Kings River-Hardwick Union Elementary,Kings,KK-08,18483,859.6144515539039,41.039703113053136,67.20516938847086,670,1595.030589007657,21.779753678871376,61.92452328411473,27.747013425317483,77.16530256982358
193,73870,North Cow Creek Elementary,Shasta,KK-08,14988,572.2047788126105,36.7439173226365,57.58883542894752,119,2176.277582877531,20.94825621489028,23.235531934626763,58.7487711755502,64.36241751945761
213,66081,Brawley Elementary,Imperial,KK-08,7423,805.7973109544147,46.78510634447004,73.33858253765703,3018,3288.7912208422563,24.24070108814733,63.65577223766705,26.92898304389317,76.42897138005915
5,66774,Jamul-Dulzura Union Elementary,San Diego,KK-08,4700,901.396339242475,31.54813092604299,37.70029613141119,200,2709.9891611381836,24.357404262969418,52.74578990171966,64.2285033057774,52.19276844058456
170,75336,Bonny Doon Union Elementary,Santa Cruz,KK-06,6571,657.2615941591425,34.539035559927896,69.62187638013447,678,1500.663330986787,39.24137708213918,47.68044764287609,54.71927123600372,79.68092346715882
335,74030,Guerneville Elementary,Sonoma,KK-08,555,364.176883638651,26.300868972704585,71.07421965861164,750,1661.252965359522,36.86360754505549,65.6068587654807,51.92459932511659,52.83188249630327
243,73183,Cuddeback Union Elementary,Humboldt,KK-08,24526,729.2213081595521,43.64000510722105,108.16717947383378,609,2370.4300489373136,27.579801560446057,45.950706196582665,80.4415155943058,19.98289184946215
316,73892,Wilsona Elementary,Los Angeles,KK-08,17613,647.3457604166535,67.4820402707106,11.639687442060414,490,1350.63669774945,19.355152238354194,24.121621028857536,45.48851691333275,68.8177350480195
45,68853,Lakeside Union Elementary,Kern,KK-08,19669,560.7883691224324,44.33126290698432,66.55216732015107,448,657.7071800349272,12.844127625864676,68.97624114388918,92.31096967875897,24.366658486130476
166,75366,San Antonio Union Elementary,Monterey,KK-08,4466,880.0169163747806,43.74716921558888,39.57963051111775,1242,141.9625807393345,34.07528727970671,56.83484471088541,47.40045548976498,34.71271186652376
380,65303,Monte Rio Union Elementary,Sonoma,KK-08,12636,923.8573457019534,65.36983630210918,40.535929682195345,2305,1596.591154827605,10.84735162932028,33.43925037218783,45.29648058085225,40.446314708248586
289,63127,Julian Union Elementary,San Diego,KK-08,8767,877.1484371459726,56.425865130445096,97.25470159541383,1356,1442.8274952839556,25.214854871537156,59.1100276169591,24.49885869533102,58.858075160175034
24,65294,Placer Hills Union Elementary,Placer,KK-08,7350,805.4475345172233,45.4833477165523,59.139969376118984,2647,1160.0725687283239,27.99991086455544,24.55581395955983,37.63444367582578,42.42578928015243
386,67084,Three Rivers Union Elementary,Tulare,KK-08,19828,522.413803440495,39.57697606269626,57.04674430980313,301,2334.6461139751027,21.567686627553584,16.126913408325077,54.51555567336715,35.831818752793126
170,74343,Peninsula Union Elementary,Humboldt,KK-08,14121,663.491530627923,50.65602154152189,41.28666382123311,2649,235.89837840902692,23.022331999540754,60.545075006774105,66.68325827319897,22.09243910211455
361,66019,Bishop Union Elementary,Inyo,KK-08,9111,1045.4553509368027,45.819489319533474,10.424772725216094,1914,2380.6409691129475,23.124715099627007,21.317977836545285,51.33677757238294,39.904469226850956
6,71580,Wheatland Elementary,Yuba,KK-08,17792,670.2411276757384,33.82197742193674,56.096978560224755,1860,954.9393755713423,19.825100082491407,53.97106794054628,91.60252183264527,59.35831579047544
77,72413,Solana Beach Elementary,San Diego,KK-06,848,461.4472302756632,35.258271770032025,54.73811244692702,2303,2418.1065198679953,15.228306699319226,52.41698117979,40.609365829625425,47.77537436897207
50,74310,Hydesville Elementary,Humboldt,KK-08,14499,689.224488643652,44.62451734535948,45.960217356582966,327,2396.3282539655083,28.37590298225526,48.194055452170616,66.91532416402532,52.062582681998435
314,73720,Upper Lake Union Elementary,Lake,KK-08,15262,611.0529303895083,24.912640280617552,76.75179824640293,51,2566.010652644806,15.169856841256316,34.574354785661,61.8897675165458,87.47614860242538
79,73248,Peninsula Union Elementary,Humboldt,KK-08,11997,594.6292464756411,25.81686704537293,19.199757184184723,2200,821.5625447340396,24.82938918952856,61.19808893114268,68.05759700035236,38.54715432604825
323,68764,Ready Springs Union Elementary,Nevada,KK-08,20988,828.4821138688342,16.283047079907927,49.60797573883441,3178,1169.3913282585568,25.69105130858521,62.3429583012097,32.74204812900953,38.88943911876366
236,63628,Live Oak Elementary,Santa Cruz,KK-08,10896,901.4036496885082,56.89747454522646,36.389025162675665,3268,744.3035046224572,20.326681098412507,47.76126692912975,70.49184787949056,67.58146471385876
300,73585,Capay Joint Union Elementary,Glenn,KK-08,26710,764.3516362156313,55.585932020483725,36.520388069449034,3065,2027.0650606317843,24.073628254570192,64.39493845653261,72.29096087376169,91.93220444955278
249,66269,Los Altos Elementary,Santa Clara,KK-08,5727,660.3253409941126,33.71473049683006,46.83587214302338,2922,2054.9229724284987,21.624301528797837,69.57431810927382,38.17435625850384,26.09408172516869
4,64450,Garvey Elementary,Los Angeles,KK-08,127,495.1408179495777,60.909488342749285,86.44876282775678,2205,1547.747214513794,7.104020000387582,40.93156377962595,30.613587711238242,43.392564692584315
420,73036,Ravenswood City Elementary,San Mateo,KK-08,26946,826.868660178859,58.009660351132354,45.744130952914304,2451,2130.849757918229,17.764441628417607,12.214394373946988,51.141045896511045,71.81956527268711
293,65293,Cottonwood Union Elementary,Shasta,KK-08,19416,681.9654394058922,53.49570402674227,31.67010747180988,2063,696.7066941483331,26.995281700143618,35.79618445994347,54.547787713474364,46.26058363610109
281,74688,Rescue Union Elementary,El Dorado,KK-08,2281,650.6387202822748,26.5210411372564,40.03115375213568,1751,1743.6995160175575,20.987746006842418,55.30652362377546,56.60312508550004,57.19736855311671
415,65789,Corning Union Elementary,Tehama,KK-08,6424,932.8389698235053,57.21562315726572,46.185237874308854,1243,2040.809167376224,24.223645579095525,21.174822634801856,33.030121693593074,43.36029480098648
313,70422,Laguna Salada Union Elementary,San Mateo,KK-08,15568,760.56499852473,33.497663483634966,44.87139523189391,2269,1049.211104099246,24.269274740151754,30.966271401352184,64.46129454588491,26.91691869251287
154,68886,Arcohe Union Elementary,Sacramento,KK-08,6660,616.0300022668464,66.79032433052589,62.61761534397995,1615,549.9088276664081,28.77959500545673,38.05842919569384,30.531374536973203,73.63145683533216
316,75302,Saratoga Union Elementary,Santa Clara,KK-08,6484,1090.642660251096,33.962001805755975,38.6334318567031,1435,1644.4842671363153,16.62208602778835,24.643192443384663,54.55657450882694,48.59579415034344
19,67511,San Mateo-Foster City Elementary,San Mateo,KK-08,23095,602.1810752866327,34.5663682597582,29.24221758326989,2855,1850.567125157218,20.84784399768404,62.47644698271139,52.012056443288344,57.318701310945976
11,74178,Meadows Union Elementary,Imperial,KK-08,25252,347.3557249109876,47.01123402175283,26.779670305185935,783,2838.167134126797,21.595718166342795,56.49003897632786,56.203418940547245,42.71574393079079
92,64673,Millbrae Elementary,San Mateo,KK-08,19951,605.8170360126894,33.18200009650133,60.5660799781268,555,2468.7677948507594,36.672967085272454,58.304792452109055,58.1643664923443,57.526874201654415
212,74078,Bishop Union Elementary,Inyo,KK-08,6977,652.0403548486295,49.378131369618636,48.40762513424956,3029,2042.0424190510719,21.87965053008281,0.24601666105409237,60.315457563709444,59.39680550801
413,65337,Cuddeback Union Elementary,Humboldt,KK-08,18397,1047.1257941600963,39.339452074605056,37.046756723185055,1629,1853.1164634881416,15.942593019092639,56.797052165066646,53.319708504097534,23.66779670234214
135,64453,Hydesville Elementary,Humboldt,KK-08,1336,731.8721864187067,33.451622521689345,85.07702564641747,1373,1235.5897986719365,24.812378974438445,19.42684068217921,73.56479718106043,35.603761186901814
24,63058,Lancaster Elementary,Los Angeles,KK-08,4498,889.6657749447725,36.71162470797699,67.17134671233498,2975,1645.3488463053461,44.561556009268074,-5.92166428642858,36.02458901203151,87.48090285200108
51,73369,Rio Elementary,Ventura,KK-08,23276,628.1303446403718,42.15146035899049,-16.46940336785481,2470,1713.4251477893183,37.540626022483785,48.51910633111865,41.053127513716504,32.912611745459145
121,67211,Newcastle Elementary,Placer,KK-08,1350,449.0155068854781,35.72420677213117,28.798210051918737,1632,652.4115075944512,24.933919177896563,64.77963886967717,28.123068714178196,54.53053527754418
54,66735,Manzanita Elementary,Butte,KK-08,20191,777.6779189658266,34.81111292264821,44.70215768568111,1245,1273.963629446699,28.805151334522087,46.15119464190662,26.37123409240447,45.30234643534766
332,63113,Liberty Elementary,Sonoma,KK-06,1977,565.4346084435095,35.169804402523724,27.37874151672631,1822,1673.4031217232427,26.35010317768999,55.62353665304498,40.74531544118041,48.40397966494681
47,71878,La Mesa-Spring Valley,San Diego,KK-08,2300,483.0483222065968,33.24065344170387,65.85079548332126,1128,2205.1560416763696,23.420481207585294,34.3563389651081,51.24402580141807,78.52721212876496
153,68206,Chawanakee Jt. Elementary,Madera,KK-08,21867,754.8712260829567,59.74488152485928,58.46228617239069,1425,1816.8666291865766,27.6233098577436,48.12305815648396,57.2856615634271,67.35061021931944
46,65162,Rio Linda Union Elementary,Sacramento,KK-06,23405,753.4464334244924,25.961230826230825,11.870434336703923,2107,2178.922107056802,33.91974227883516,16.150484456104643,29.53585758814747,38.55835426560112
227,64443,Winton Elementary,Merced,KK-08,20369,679.4376218224091,35.436560185580866,-10.261347897536957,267,1658.7353011970054,21.47502528119518,40.01793585699399,36.29240970793272,61.434135655255886
419,69762,Chula Vista Elementary,San Diego,KK-06,14704,839.515211901371,39.98702870949578,-10.123951918581817,2461,2477.703727133545,15.536775290110263,21.619350158622655,58.43457867250761,72.36430842175878
178,73978,Orange Center Elementary,Fresno,KK-08,26337,910.2932672470225,29.926739985964698,96.47460379334834,2220,2731.3193077524975,9.497431011636253,38.991586892870174,-0.0253580658580006,42.31901573318454
23,62198,Mark Twain Union Elementary,Calaveras,KK-08,23135,536.6023017285861,25.373265453272154,64.1873538002612,1198,799.3985955260764,16.6039456847909,26.331835378968638,39.87068403577468,34.43131334889871
380,71521,Meadows Union Elementary,Imperial,KK-08,26393,1027.19943185309,50.21211825852221,41.630028005766086,1850,1540.3175773093228,14.669110634234526,71.38437080604106,32.37337535465732,38.56799626915172
339,73027,Upper Lake Union Elementary,Lake,KK-08,13583,907.7113528574037,45.21258987768475,63.192936756940156,2929,2777.6425731162603,20.79009331603836,33.513179774197866,14.773775380740979,47.105771020531506
376,68847,La Mesa-Spring Valley,San Diego,KK-08,8744,607.9921241152128,69.6191129444518,86.70193848500327,2594,832.1032529979752,37.512887303246146,21.52940830094499,50.31510556169175,63.81296820624034
115,64367,Rosemead Elementary,Los Angeles,KK-08,14484,570.3197472652314,29.94836961488845,13.891745499806056,1282,1826.6574862908765,20.47927583794713,44.86204510771273,42.70623976265219,76.24113045863196
256,63343,Big Springs Union Elementary,Siskiyou,KK-08,17476,502.6736143758147,34.31904940295426,71.29856898681159,32,1397.1037342587133,25.70578951842006,38.656130777300525,43.18900148406156,10.597718094753098
119,64291,Menlo Park City Elementary,San Mateo,KK-08,4365,363.8368022024876,39.052955039531454,9.850638444569945,2946,3156.3539650803614,24.376875752812282,40.37712544887623,48.802460903120604,38.91228220619803
21,63869,New Jerusalem Elementary,San Joaquin,KK-08,22102,778.5638619207137,45.330406622028875,53.92680250955294,1112,1631.5158045948942,42.15789527956095,74.12938980612022,46.31917442086187,101.89307461441186
276,63694,Santa Maria-Bonita Elementary,Santa Barbara,KK-08,11442,256.0284142622769,50.23635564388122,-5.200875016553212,2269,1205.3020005011726,27.73839875216951,42.078971678777535,51.58793876412629,49.08362309144896
113,72289,Kings River Union Elementary,Tulare,KK-08,1205,675.3163604485926,39.3495006661681,21.048914585264384,1273,2681.1159425970945,18.06307325288656,25.540276717868753,55.38751512443432,30.83460463744924
328,62224,Black Butte Union Elementary,Shasta,KK-08,12645,868.8819246638408,44.976818882969866,38.418878913056126,2746,1621.2357799160034,21.192758139243463,31.08460812703928,62.273413508853416,74.74039894162351
290,64984,Del Mar Union Elementary,San Diego,KK-06,18860,997.0959235859955,43.994287077212725,62.12737067362229,632,873.3641776677104,27.111071150462568,43.966909432761945,46.40048257426733,66.24315093657529
313,64240,Mt. Pleasant Elementary,Santa Clara,KK-08,1561,607.1150202979779,36.50669631747152,15.97689403730432,115,966.3231012811598,33.02424462712975,45.564867081249176,61.61664895013233,71.54342811130903
355,62265,Guadalupe Union Elementary,Santa Barbara,KK-08,23168,566.7133048386146,20.604306137583947,62.193069149277875,2557,1732.7578755529953,26.58584850124515,63.27842655708804,43.8654217116475,47.60743159114251
250,72257,Alview-Dairyland Union Elementary,Madera,KK-08,20210,858.7994372612222,41.569203309233195,28.262869480860594,82,2150.8840817968958,24.302353959529608,41.86862368898746,52.702269073240885,47.382384962298715
285,66135,Wheatland Elementary,Yuba,KK-08,8832,639.0443913292163,31.143050966259302,88.81086531593802,1154,2036.286071115171,22.522194068361877,54.176348456248405,48.946707167607485,75.96911976004122
229,63085,Arena Union Elementary,Mendocino,KK-08,21225,1181.8152646513508,31.26207513654716,30.783908426920885,2158,1790.4955902418872,17.060184599296292,58.07180286361716,41.66569810672334,71.214507162133
254,74409,Union Elementary,Santa Clara,KK-08,4902,467.60804281617436,38.662353313340205,40.020943486831335,1746,2033.5380359257167,19.355550526838073,58.05917628978796,55.417005800410564,45.53771841392631
190,66003,Chawanakee Jt. Elementary,Madera,KK-08,13056,807.2643321152165,38.19872448477383,35.377215438986,3266,1089.726232953261,34.621332863065504,51.9315359912511,10.060597725304184,33.18648424912671
420,65645,Central Elementary,San Bernardino,KK-08,19036,588.5599012229271,26.78993175014446,83.06004265461368,2990,1264.0043759496982,33.49148286758418,56.61764274852065,55.435347781703214,7.535115473675859
401,63779,Lancaster Elementary,Los Angeles,KK-08,21869,841.4110203410881,53.140915392822656,7.017750909191264,2331,2899.0327061665744,23.829022926490804,95.15098070544596,30.772918358592435,42.102247562986676
391,65566,Meadows Union Elementary,Imperial,KK-08,26703,860.8431118483256,30.623983569969635,63.743627797732394,201,1667.652372512845,29.858487055709286,65.6727568091431,35.88664111191632,70.79320647009551
281,65609,Dunsmuir Elementary,Siskiyou,KK-08,9254,388.75387088600166,62.634566884878794,73.67382045192048,1408,1820.8030969822055,20.24377500002682,56.65379258461855,43.020736528457334,48.906912831780545
369,67985,Placer Hills Union Elementary,Placer,KK-08,22858,634.0497430692297,41.36331807356816,44.16052077563545,3266,1164.7636885576394,24.303487813350063,60.509011725426696,67.21798441973141,39.9953129504868
8,67709,Montecito Union Elementary,Santa Barbara,KK-06,21719,1046.2038053257374,26.24518993531797,24.853723006488828,670,1556.3510039687912,25.495979616445226,19.767219173113343,66.83165498243656,66.12289421121217
359,72164,Kenwood Elementary,Sonoma,KK-06,18265,724.403349911115,39.29496354269305,53.336281789888524,865,933.2503159604569,36.91772894131438,54.09540446098043,48.225857047683434,42.917879096473584
320,61426,Pacific Union Elementary,Humboldt,KK-08,14731,501.05874114303145,46.19442522057831,75.04862092936324,3293,1568.6662659189533,41.88702509264792,52.12707317628135,44.02412203050079,65.42776598748459
326,65588,Cottonwood Union Elementary,Shasta,KK-08,201,903.5143120886166,49.07031326772694,76.51274952432014,1021,1919.8826927566315,18.604253328758862,48.30113211581576,74.85125939455403,36.3338418275506
86,63509,Rohnerville Elementary,Humboldt,KK-08,3667,857.3046572697713,43.454550824832125,1.1234650112716267,1625,2178.993225868879,22.888088678744307,46.18235021252029,27.01492802445642,33.72988591958967
254,69006,Pleasant Valley Elementary,Nevada,KK-08,5476,740.6853557863668,55.96562995181634,11.516901589266027,2153,1306.1596493971297,16.622987324042235,41.53306587392024,58.9607518698613,31.80689730749887
403,66314,Franklin Elementary,Sutter,KK-08,19708,1030.6192341271026,55.120250225034525,70.91137832509284,985,1163.8548139975605,20.850564997321772,46.28194413169949,65.1301505476624,47.82685388434467
352,73615,Rosemead Elementary,Los Angeles,KK-08,10999,719.1004216143945,59.232347715698836,45.53654253386286,11,2154.0970262165224,29.459082458082072,67.32452524283296,53.77148840198822,56.92425402049345
5,72510,Victor Elementary,San Bernardino,KK-06,7934,985.8389911303813,24.058416331529262,30.480649219972587,897,1754.6976383119222,17.879027054113166,36.845540699687206,31.703665790204326,28.42917838720836
171,63669,Black Butte Union Elementary,Shasta,KK-08,8214,635.1141309155715,41.255667871438256,78.94283937309785,2194,1531.5278985112093,31.579495661915807,26.086995469501787,45.41700102954203,77.21249475699405
412,62249,Hanford Elementary,Kings,KK-08,8826,792.117801012767,27.10260062977983,61.96345085128855,136,2867.3139894298447,27.15001424619222,79.669155147785,20.249304189554096,58.95866095771313
388,62599,Wilmar Union Elementary,Sonoma,KK-06,19108,754.100795278739,37.83708572713695,61.31550804759582,2496,1935.0281563432225,25.091643451766664,24.7689803575798,99.68103129612314,62.345047568014714
264,74212,Larkspur Elementary,Marin,KK-08,20729,631.0538510936304,41.95804248465857,77.42502622667277,95,1393.2067766546552,19.046288105873224,23.824213362516637,73.28913490365686,30.155118574321065
202,65177,Forestville Union Elementary,Sonoma,KK-08,21388,742.3841028555672,37.398630074445244,50.51252943597391,1872,1617.1370792867626,27.24441994293765,57.50534103963913,42.846269543669955,47.44362157878972
98,70598,La Mesa-Spring Valley,San Diego,KK-08,10331,891.9058536700068,38.469595040257715,57.30810320421518,3279,2102.343492793748,26.166239237661504,25.564875391112718,49.813755937100794,62.405136143839
130,65881,Menlo Park City Elementary,San Mateo,KK-08,25530,1082.1701488941605,44.70424862103271,85.69778074539263,591,2917.159339628317,22.679254869487323,65.87578842201356,23.455978740247588,51.5610225058975
270,65105,Kenwood Elementary,Sonoma,KK-06,2180,895.5177639829396,54.642982284228054,67.58943593868153,2518,2108.0781846376053,26.462618213266403,53.12716437579403,54.3658933900541,56.0398253071616
386,66548,Burlingame Elementary,San Mateo,KK-08,5005,467.499827384568,33.58268963560062,16.07623814549146,1299,3145.4483118683347,27.28370437920448,17.437363540896936,48.105169822354206,40.50896657549648
236,71914,Redwood City Elementary,San Mateo,KK-08,2479,648.8922207802748,34.74706881447088,9.112446618940687,2214,1822.1608680368347,19.950853216348577,53.27594067712627,52.24038685032454,56.021388714809284
94,68615,Pleasant Grove Joint Union Elementary,Sutter,KK-08,7009,667.5379980808954,9.099130505057818,64.47658656313658,2586,1087.5444077654683,22.572068365742464,22.353657144676966,49.80771543881318,44.87669552131022
334,64075,Los Gatos Union Elementary,Santa Clara,KK-08,22741,614.0507417014858,28.940001568679545,53.13952287257684,776,2535.9942012796273,28.31484555238602,37.36715987682038,61.34829715092847,49.181870471715214
63,62259,Garvey Elementary,Los Angeles,KK-08,12706,451.3519591939998,46.66760463888519,39.45462199901854,1474,984.4737936623064,31.07744285374692,57.62544746188172,75.72832471090894,49.59669796115074
254,61451,Mountain View Elementary,Los Angeles,KK-08,11842,772.6385430606271,48.14599842726416,34.60247054105624,1307,2170.23728662194,11.617090497895697,39.785382521554006,50.47406544884745,76.72773319368717
180,64213,South Bay Union Elementary,Humboldt,KK-06,13273,464.9062474817989,44.68337628105866,80.98286852703833,1080,330.07285822035055,16.72353549535746,19.58900653507676,63.254019123389796,53.14906160735332
338,61965,Weaverville Elementary,Trinity,KK-08,26629,815.551658920173,46.439423123376066,67.86530988905947,223,-58.445175557371385,27.142192707844625,65.25476113463516,66.45091606677587,62.9171509530253
220,62138,Fort Ross Elementary,Sonoma,KK-08,307,550.5097900179103,46.08085461235129,27.184854288282704,2559,2552.845326707725,14.749885075716232,34.77733998533058,47.61893323924561,51.268590011851195
170,70370,Pleasant View Elementary,Tulare,KK-08,22688,800.8746080071151,53.7125011936836,37.851854969670576,304,2539.047380590801,27.180235803929484,57.17252785463083,49.78906065696232,53.494663163734934
351,73365,Clear Creek Elementary,Nevada,KK-08,13692,582.0658633251796,30.440410253040625,47.77620655237113,1478,187.62753918589806,32.68590427966235,57.12580449619434,7.747970669225978,35.85088723119166
139,70064,Island Union Elementary,Kings,KK-08,11495,609.4441416180805,21.58469021925947,92.16644394205524,69,1257.9447398265484,23.697250907669368,58.0041361419878,72.74549613749022,48.6843549282068
268,74835,Raisin City Elementary,Fresno,KK-08,18770,803.2711803818705,45.813191817374005,39.8737556032024,3313,1141.051798234253,33.54767473948665,53.60743181498828,78.2095908573772,25.925423103857536
376,64990,Brisbane Elementary,San Mateo,KK-08,23244,383.3981964143952,35.27496326583838,76.90798966246868,1318,1252.950184482845,36.11831250798665,55.121632585022965,30.442623538864858,42.95998455877533
286,64428,Twin Hills Union Elementary,Sonoma,KK-08,21087,531.1440537376376,52.211931706349965,31.273248081085043,1198,2117.881423605674,23.181739098411033,6.268829723382389,39.27700281385566,41.32367051677035
203,62863,Hawthorne Elementary,Los Angeles,KK-08,21604,401.2660710298234,39.083057369167705,60.23556419215106,1024,2095.36168523585,18.51114347570783,42.835615509999954,57.12469621209898,43.981568904253045
149,74221,Evergreen Elementary,Santa Clara,KK-08,19999,636.045759228862,44.351511910152176,35.78535177414638,3178,2058.409213632964,27.47765265270317,37.032454537502936,32.752618281733035,55.836538062048646
233,66012,Bass Lake Joint Elementary,Madera,KK-08,11308,1058.1536590690703,53.661371154068334,38.68577588318726,2521,1609.0306605730816,22.708227879462687,29.83688920385356,54.968389328214165,67.52953647116125
197,65331,Alisal Union Elementary,Monterey,KK-06,6169,332.1856473124037,27.645335246629557,52.287061614868676,2473,2027.215407617937,27.892511396485986,23.930792656508643,38.14361097479235,14.743914045374126
397,70922,Pioneer Union Elementary,El Dorado,KK-08,5715,790.3665062929283,30.566447028245527,63.19688965293807,487,991.292230859274,9.756659441249088,25.51053925352749,22.08581027418621,56.63018549061501
112,71312,Forestville Union Elementary,Sonoma,KK-08,5081,1079.0557943485455,30.607017744100403,55.30849968089861,1662,1211.8701279981808,13.640156959292403,35.17950086159676,20.86330897519886,68.08129533717891
299,72472,Wright Elementary,Sonoma,KK-06,3270,585.8764903456812,32.5475113933282,43.424118973424555,505,2106.0876691502385,25.157563853946428,52.31759622559973,66.92268273811696,29.97074949986487
394,71469,Wilsona Elementary,Los Angeles,KK-08,24280,713.3294248816162,57.89240684289793,54.73392777666402,1483,2822.8452643753353,24.193205716409913,29.939944658112942,13.47790675505987,45.058591779743594
192,73726,Cutten Elementary,Humboldt,KK-06,15545,852.1189819452204,36.73489422440352,33.13475226786678,175,2223.436465947279,34.76604508397325,26.099654561347194,26.67125106005237,55.92734290862281
46,74232,Douglas City Elementary,Trinity,KK-08,16534,450.361962782158,37.484971667163514,32.21780142176896,2067,1434.8504706870874,31.604579627939092,40.10672180954213,39.928553971314656,49.756671979835396
253,72680,Mark West Union Elementary,Sonoma,KK-06,17863,664.4442237875373,44.31760184058944,19.162964580764243,3155,1254.037659988183,27.09561087581835,36.749034066701746,58.538428586752985,63.7532268274751
204,64179,La Mesa-Spring Valley,San Diego,KK-08,18017,763.8594740380313,50.79028531601479,11.262599711320341,1048,2107.432648327845,25.623819414366547,48.605655677931544,42.4790845138088,59.06035484104599
294,73130,Upper Lake Union Elementary,Lake,KK-08,22745,587.4161850679317,24.823150268231707,75.35129511635145,372,1859.4857281219183,26.768871619389245,50.588290026102264,30.45212010861169,34.98356958361232
50,67694,Golden Feather Union Elementary,Butte,KK-08,16101,611.2029245628909,33.68674109201393,59.67297788911665,1812,895.403213255111,42.686669196865665,48.43906447154859,32.70929972091477,53.736628860737575
110,73885,Ontario-Montclair Elementary,San Bernardino,KK-08,7201,618.1525438503943,42.12831340856422,19.54133774968245,1539,1274.1350283365073,28.833526401752803,41.17424492901778,58.757078905111996,40.68058836370871
196,67597,Cinnabar Elementary,Sonoma,KK-06,23194,773.8817654944489,68.84397340488775,61.73049924849529,1042,3116.7500464345776,24.31950774009685,41.73196268881079,83.8802118518531,54.37538396359505
288,70498,Bakersfield City Elementary,Kern,KK-08,872,1078.4683789562978,38.21152398498778,84.49473680878793,1336,2276.10130119965,30.700295053149837,48.87977158300959,7.425998290393828,74.55291912369495
191,62615,Lost Hills Union Elementary,Kern,KK-08,11532,580.4303510109703,41.440496156675586,21.17728418379553,3242,3036.468570121501,30.116667121196514,38.359971677551925,57.97705767826068,33.80834300045295
43,67564,Enterprise Elementary,Shasta,KK-08,3243,486.2952277146353,77.53167054323504,59.94266379172843,2251,1211.7062267687888,28.63057751720995,29.012987810840528,64.75485303795487,78.87768148330468
370,73531,Berryessa Union Elementary,Santa Clara,KK-08,664,928.0006319180343,37.09821825530151,42.30440528069749,185,1696.7952092210098,27.01893673471012,4.485770082184892,34.4632959851325,71.08418702280734
2,65250,Island Union Elementary,Kings,KK-08,3329,825.7766208244695,50.52832053036441,102.68112486401816,1448,952.7338525342856,24.975182273224288,5.720940603701365,6.727193759141201,5.287630275204883
105,70603,Valle Lindo Elementary,Los Angeles,KK-08,2629,525.8992593667058,43.15925581535584,72.5640354900777,1338,2725.240765715243,22.063475635628677,42.45640504267299,34.06194223514518,43.356931847212
225,66611,Nevada City Elementary,Nevada,KK-08,1743,920.8287246276349,34.31189153351613,26.9224611090375,2826,368.58720050865736,22.667551959195606,40.84751343360446,32.522489011710164,23.79682328581013
186,70515,Burrel Union Elementary,Fresno,KK-08,15248,747.5727666857391,37.18282085819865,59.446259390187876,1578,1892.06932197609,22.680113042903074,26.60312919093156,70.35766580361195,42.6243301973142
330,62247,Meadows Union Elementary,Imperial,KK-08,15494,561.5110026379068,30.882439402246156,52.87374372411655,2268,2755.149094530015,24.098700192461838,77.06800648816329,74.43640871302591,65.28031212550516
125,64588,Rincon Valley Union Elementary,Sonoma,KK-06,6916,1059.4977644877881,32.68705769599221,80.15884657577256,546,1760.8419956371313,25.932788026567415,13.78325213048479,40.215292473438765,52.944295283913036
254,62288,Mark Twain Union Elementary,Calaveras,KK-08,7767,584.2913667858255,49.59401162171556,32.248344856732444,1239,1910.4281302692452,21.87177438498981,42.992639234592694,58.471536072438994,47.87722441239902
342,63745,Winton Elementary,Merced,KK-08,26275,329.01265803586836,32.706370714214614,20.514705211706207,3126,1154.211279526216,24.82895715387475,34.120383247795765,46.24219001696612,57.859733682461965
75,73147,Colfax Elementary,Placer,KK-08,19951,805.0570855513078,30.498541083083445,29.573655182498797,3057,2135.4924291131038,15.106452622095283,42.877482209481364,14.46730768911641,22.14641163453748
366,71909,Placer Hills Union Elementary,Placer,KK-08,22104,785.1008972798718,32.93670762944419,45.9203117722807,216,2413.3281194228257,15.173063441556069,-3.6498561029972123,28.967969582560613,61.31491861928524
397,70057,Sunnyvale Elementary,Santa Clara,KK-08,10948,879.0908147220872,29.437424411361043,93.44399671087436,2304,-256.08086211505065,33.429593027504986,44.20138365420791,20.08633582061508,40.17272841683182
246,67854,Santa Rosa Elementary,Sonoma,KK-06,16973,338.6455583849164,55.38199014686449,72.76963347128918,1451,1593.074647083284,23.184458536939577,35.98531996106452,66.91722605916819,73.16663195527589
120,67455,Bayshore Elementary,San Mateo,KK-08,9193,426.35778340692576,27.30753485980115,38.7217478149935,337,2659.3559350805967,30.390978387701495,61.05852999008265,34.54266164051896,29.96084859139977
242,67152,Meadows Union Elementary,Imperial,KK-08,13063,665.6212810768458,49.01775562706589,30.42190490947,2257,2552.091043311035,30.632698055917874,38.14445446133329,65.33550309630854,43.8303424680973
82,66738,Janesville Union Elementary,Lassen,KK-08,7840,658.3819680064869,31.660599907600734,45.41449590021796,1582,1824.5946040413787,17.627262521297663,59.75035731385056,34.43938719741867,20.68189186043434
393,71936,Mt. Pleasant Elementary,Santa Clara,KK-08,13444,692.338034291136,50.75369503461754,43.8847941108304,1389,2353.9734625433675,25.291648452278928,38.591063229844885,52.55265290157601,16.25735171996528
292,67402,Fullerton Elementary,Orange,KK-08,16728,668.2565250296278,22.506257725147123,51.117390729942635,1184,2310.469760781788,32.80664351766385,46.19557224237868,67.15343044003973,50.387492157790504
99,72559,Buellton Union Elementary,Santa Barbara,KK-08,15426,807.7014693939716,32.209995723189344,38.68553520481091,2133,1523.5297729990837,27.526442173847943,40.15580197924447,29.262596054116518,52.47357698559132
65,72517,Las Lomitas Elementary,San Mateo,KK-08,15576,738.0319324947617,29.624500448087602,-3.970100212455222,2124,1794.9106499743257,34.44343475387598,55.804074441429215,28.71091511843303,89.84157613918535
93,66810,Black Butte Union Elementary,Shasta,KK-08,12509,534.4420043743306,55.11640960413435,41.87523047462329,2667,846.485260446022,26.974989594067146,28.60021748299799,42.959664177527316,70.42704801399253
339,68850,Alexander Valley Union Elementary,Sonoma,KK-06,24146,685.6664290455765,47.758466624352735,-17.065025882700496,3098,1609.5947081677818,30.249650286649835,55.3340822189282,34.277030235010265,25.14263578370035
117,64257,Moreland Elementary,Santa Clara,KK-08,24233,943.2046682622727,51.874052995651816,65.68225002921346,3239,1793.6055047675195,34.86888064288787,42.538741121920964,63.42973917673102,37.23634236090962
230,67235,Garvey Elementary,Los Angeles,KK-08,10870,870.8115266197091,36.85181472697653,85.04410063490784,975,2897.613691412278,30.392755300820014,52.08386501883838,62.313732132904065,76.46248634652595
285,64782,Buttonwillow Union Elementary,Kern,KK-08,6017,847.0156203632,52.73557389705445,77.13435345412869,2065,1560.497802256591,26.622218280302153,21.086576278762912,70.9398623417872,77.16750134814365
258,74550,Mt. Shasta Union Elementary,Siskiyou,KK-08,25653,536.1866416378305,37.28123233627365,1.0766994833109749,2141,1720.5992703246072,28.785349509593924,65.89847068634401,58.1583604495409,0.15126169408400614
277,68597,Oak View Union Elementary,San Joaquin,KK-08,6399,590.0155576163376,24.136037355679022,76.7321810954578,1206,1569.901699916983,23.55796163254449,56.473447804892174,26.494430161125862,44.20931653088512
310,64648,Santa Maria-Bonita Elementary,Santa Barbara,KK-08,291,628.2120764063119,48.01811060220859,83.57721505837065,1475,1681.4837674879227,15.578134551731438,34.83139111614227,69.03280638449846,55.788955865690944
156,71741,Robla Elementary,Sacramento,KK-06,12135,433.31159807213555,20.150421415940922,41.908706989740935,1913,2099.546521426842,23.124748548411137,34.68361698709035,56.70627307835427,56.18587448426928
137,61567,Moreland Elementary,Santa Clara,KK-08,21502,941.4809968525101,20.060772088447248,35.076578735781396,2152,1552.8614796014242,17.533742145476875,32.8290314637467,70.50576801772907,40.73237014541972
362,63142,Rescue Union Elementary,El Dorado,KK-08,15713,1117.1285240078032,38.62520126168501,36.74496099904627,131,1830.5242701527027,18.021976511041686,40.67434590788225,45.702131526560265,15.32438058522262
251,62770,Jamestown Elementary,Tuolumne,KK-08,24055,561.4026510358319,30.732727469578773,18.61647316034835,2004,1463.9494310470993,28.028833026560772,35.41598725959736,47.0849128393198,24.011580655441907
407,63964,Colfax Elementary,Placer,KK-08,13068,251.35729619058515,34.72160200541508,61.7436417723157,1814,1437.3038212169602,26.66036332445423,13.996745645317635,29.571797675255983,41.98166740731932
327,65179,Magnolia Elementary,Orange,KK-06,8796,897.689559288531,39.4909686601098,42.7732713622333,1630,2154.1071711368445,35.94573320678093,86.23023920580619,34.55824275817988,61.13052537438369
