rownames,minority,age,gender,credits,beauty,eval,division,native,tenure,students,allstudents,prof,player,religiousness,expenditure,school,persons,games,f_other,n_other,deny,occupation
1,yes,36,female,more,0.2899157,4.3,upper,yes,yes,24,43,1,Abel Aguilar,4,6384.911133,Sunol Glen Unified,1,2,9,13,0,1
2,no,59,male,more,-0.7377322,4.5,upper,yes,yes,17,20,2,Jérôme Boateng,4,5099.380859,Manzanita Elementary,1,1,9,13,0,4
3,no,51,male,more,-0.5719836,3.7,upper,yes,yes,55,55,3,Franck Tabanou,4,5501.95459,Thermalito Union Elementary,1,1,4,6,0,1
4,no,40,female,more,-0.6779634,4.3,upper,yes,yes,40,46,4,Joel Matip,3,7101.831055,Golden Feather Union Elementary,2,1,7,10,0,6
5,no,31,female,more,1.509794,4.4,upper,yes,yes,42,48,5, Pedro León,4,5235.987793,Palermo Union Elementary,1,11,3,5,0,6
6,no,62,male,more,0.5885687,4.2,upper,yes,yes,182,282,6,Thomas Müller,3,5580.146973,Burrel Union Elementary,4,4,3,5,1,1
7,no,33,female,more,-0.126001,4.0,upper,yes,yes,33,41,7,Robin Knoche,2,5253.331055,Holt Union Elementary,3,2,3,5,0,7
8,no,51,female,more,-0.2581899,3.4,upper,yes,yes,25,41,8,Jonathan Schmid,4,4565.746094,Vineland Elementary,4,1,7,10,0,5
9,no,33,female,more,0.1496926,4.5,upper,yes,yes,48,60,9,Gary Caldwell,3,5355.54834,Orange Center Elementary,3,2,4,6,0,5
10,no,47,male,more,0.540917,3.9,upper,yes,no,16,19,10,Peniel Mlapa,5,5036.211426,Del Paso Heights Elementary,1,1,3,5,0,5
11,yes,35,male,more,0.2316134,3.1,upper,no,yes,18,25,11,Tobias Steffen,4,4547.692383,Le Grand Union Elementary,4,1,3,5,0,3
12,no,37,male,more,-0.0666737,4.0,upper,yes,no,30,34,12,Martin Stranzl,4,5447.345215,West Fresno Elementary,3,2,7,10,1,1
13,no,42,male,more,0.2168924,3.8,upper,yes,yes,28,40,13, Bodipo,2,6567.149414,Allensworth Elementary,3,1,9,13,0,5
14,no,49,male,more,-0.2586962,3.4,upper,no,yes,30,36,14,Stilian Petrov,3,4818.612793,Sunnyside Union Elementary,3,1,4,6,0,3
15,no,37,female,more,0.5502878,2.9,upper,yes,yes,23,28,15,Andrey Arshavin,3,5621.456055,Woodville Elementary,1,4,7,10,0,1
16,no,45,male,more,-0.0620358,4.5,upper,yes,yes,23,33,16,Abdou Dampha,4,6026.359863,Pixley Union Elementary,1,1,3,5,0,6
17,no,56,female,more,-0.9823852,4.0,upper,yes,no,27,41,17,Adam Johnson,4,6723.237793,Lost Hills Union Elementary,4,1,3,5,0,6
18,no,48,male,more,-0.054344,3.8,lower,yes,no,100,135,18,Gary Gardner,2,5589.885254,Buttonwillow Union Elementary,3,1,4,6,0,6
19,no,46,female,more,-0.0680143,4.3,upper,yes,yes,25,31,19,Tomáš Rosický,3,5064.615723,Lennox Elementary,2,3,3,5,1,3
20,no,57,female,more,0.0294137,3.4,upper,yes,no,17,28,20, Juanfran,4,5433.593262,Lamont Elementary,3,1,7,10,0,5
21,no,52,female,more,0.2394859,3.4,upper,yes,no,19,22,21,Phil Jagielka,1,5725.563477,Westmorland Union Elementary,4,22,3,5,1,1
22,yes,29,female,more,-0.8487269,3.3,upper,no,yes,19,26,22,Fabian Giefer,4,4542.10498,Pleasant View Elementary,4,1,9,13,0,4
23,no,62,male,more,-0.7330914,4.3,upper,yes,yes,30,39,23, Bueno,5,5107.086426,Wasco Union Elementary,2,1,3,5,0,6
24,no,64,male,more,-0.1111221,4.4,upper,yes,yes,15,24,24, Agirretxe,2,4659.661621,Alta Vista Elementary,2,10,7,10,1,5
25,no,34,female,more,1.775517,4.6,upper,yes,yes,20,26,25,Piotr Trochowski,1,4555.464355,Livingston Union Elementary,3,1,7,10,0,1
26,no,58,male,more,-0.3218485,4.2,upper,yes,yes,84,159,26,Eden Hazard,2,5415.152832,Woodlake Union Elementary,2,2,4,6,0,4
27,yes,52,male,more,0.2116939,4.0,upper,no,yes,13,16,27,André Schürrle,2,4997.871582,Alisal Union Elementary,4,1,9,13,0,5
28,no,73,male,more,-0.717645,3.3,upper,yes,yes,12,17,28,Jon Walters,3,5223.912109,Arvin Union Elementary,2,14,7,10,0,5
29,no,70,male,more,-0.7326927,4.4,upper,yes,yes,47,134,29,Beg Ferati,2,5139.164551,Terra Bella Union Elementary,1,5,4,6,0,6
30,no,41,female,more,0.4081676,2.3,upper,yes,yes,10,12,30,Shola Ameobi,4,4614.251953,Tipton Elementary,4,1,7,10,0,5
31,no,63,male,more,-0.0102077,3.5,upper,yes,no,28,43,31,Darron Gibson,1,5342.233398,San Ysidro Elementary,1,7,3,5,0,2
32,no,47,male,more,-0.923957,4.7,upper,yes,yes,10,15,32,Janek Sternberg,5,5347.458496,Soledad Unified,3,2,4,6,0,5
33,no,39,male,more,0.5766805,3.9,lower,yes,yes,86,246,33,Niklas Lomb,2,5036.458984,Mountain View Elementary,4,2,4,6,0,3
34,yes,47,female,more,-0.0836015,4.0,lower,yes,yes,21,21,34, Cristiano Ronaldo,2,5117.141602,King City Union Elementary,4,10,3,5,0,6
35,no,54,male,more,-1.079558,4.3,upper,yes,yes,15,15,35,Zoltán Gera,4,5117.039551,Ontario-Montclair Elementary,1,1,3,5,1,5
36,yes,44,female,more,1.040902,3.8,upper,yes,yes,30,55,36, Nélson,5,5272.191895,Los Nietos Elementary,2,3,3,5,1,6
37,yes,47,male,more,-1.052108,3.8,upper,yes,yes,20,27,37,Fabien Camus,2,5225.719238,Winton Elementary,2,9,3,5,0,6
38,no,62,male,more,-0.7277681,4.0,upper,yes,yes,12,13,38,Wesley Hoolahan,4,6516.533203,Raisin City Elementary,4,3,4,6,0,1
39,no,60,male,more,-0.3953965,4.6,upper,yes,yes,25,34,39,William Gallas,3,4559.176758,Ravenswood City Elementary,3,1,4,6,0,3
40,no,37,male,more,0.9333959,3.5,upper,yes,yes,15,17,40, Ryan Mendes,2,5119.158203,Richland-Lerdo Union Elementary,4,2,7,10,0,5
41,no,42,male,more,-0.2377786,4.7,upper,yes,yes,13,14,41,Matthias Ostrzolek,4,5338.185547,Oxnard Elementary,1,1,7,10,0,5
42,no,35,male,more,0.274908,4.2,upper,yes,yes,42,51,42,Liam Ridgewell,3,5090.044922,El Nido Elementary,4,3,7,10,0,5
43,no,39,female,more,1.970023,3.4,lower,yes,no,22,24,43,Javier Pinola,4,5485.496094,Fairfax Elementary,3,1,7,10,0,1
44,no,49,male,more,1.05095,3.9,upper,yes,yes,28,45,44,Florent Malouda,2,4793.370117,Delano Union Elementary,4,3,4,6,0,3
45,no,61,male,more,0.2418185,4.5,lower,yes,yes,22,27,45,Claudio Pizarro,2,5092.91748,Perris Elementary,4,1,3,5,0,6
46,no,33,male,more,1.349395,4.7,upper,yes,yes,30,31,46,Vegar Hedenstad,3,4359.520996,Valle Lindo Elementary,1,1,3,5,0,5
47,no,58,female,more,0.1115635,3.5,upper,yes,yes,26,34,47,Sebastian Larsson,3,5645.495605,Alum Rock Union Elementary,2,21,7,10,0,5
48,no,56,female,more,-0.2577254,3.7,upper,yes,yes,12,19,48,Hajime Hosogai,4,4518.016113,Edison Elementary,1,1,7,10,0,6
49,no,50,female,more,-0.6562689,4.0,lower,yes,no,22,27,49,David Fox,2,5864.366211,Bakersfield City Elementary,2,1,7,10,0,4
50,no,52,male,more,-0.6563948,4.1,upper,yes,yes,57,67,50,Roque Santa Cruz,2,5257.996582,Franklin-McKinley Elementary,2,2,3,5,0,6
51,no,33,female,more,0.7244775,4.4,upper,yes,yes,10,15,51, Isma López,3,5016.692383,Hawthorne Elementary,2,1,3,5,0,2
52,no,57,male,more,0.6318343,4.2,upper,yes,yes,69,77,52, Thiago,3,4720.086426,Chowchilla Elementary,2,2,7,10,0,5
53,no,38,female,more,1.070944,4.5,upper,yes,yes,46,65,53,Massimo Luongo,2,5470.5625,Salinas City Elementary,4,2,4,6,0,6
54,no,34,female,more,-1.450494,3.8,lower,yes,yes,54,91,54,Moussa Sissoko,5,5615.441895,Santa Maria-Bonita Elementary,2,4,7,10,0,5
55,no,34,male,more,1.15588,3.1,upper,yes,yes,24,36,55,Alex Smith,2,5245.439941,Whittier City Elementary,3,1,7,10,0,3
56,no,32,male,more,-0.3260148,3.7,lower,yes,yes,85,248,56,Korey Smith,3,4838.175293,Eastside Union Elementary,1,3,7,10,0,5
57,no,42,female,more,0.8846435,3.9,lower,yes,yes,44,62,57,Stilian Petrov,4,5367.988281,Lawndale Elementary,1,10,7,10,0,5
58,no,43,female,more,-0.5583452,4.0,lower,yes,yes,35,51,58,Leyti N'Diaye,4,5526.236816,Robla Elementary,1,1,7,10,1,1
59,no,35,male,more,-0.3415543,3.3,upper,no,yes,11,19,59,Mickaël Landreau,2,4353.019531,Santa Rita Union Elementary,4,3,9,13,0,1
60,no,62,female,more,-0.5040575,3.1,upper,yes,yes,22,27,60,Ján Mucha,1,5034.290039,Rio Elementary,1,1,9,13,0,5
61,no,42,male,more,-0.9005804,4.0,upper,yes,yes,45,86,61, Cuéllar,3,4692.493652,Strathmore Union Elementary,2,5,4,6,0,5
62,no,39,male,more,0.6430142,4.3,upper,yes,yes,22,29,62,Holger Badstuber,3,5606.781738,North Sacramento Elementary,2,1,7,10,0,5
63,no,52,female,more,0.773524,3.7,upper,yes,yes,64,88,63,Marc Tierney,4,4969.180664,Anaheim Elementary,2,1,3,5,0,5
64,no,52,female,more,1.063938,3.4,upper,yes,yes,31,44,64, Ramires,2,4675.674805,Lemoore Union Elementary,4,4,3,5,0,6
65,no,52,female,more,-1.090389,4.3,upper,yes,no,59,75,65,Edin Džeko,3,5306.132813,Armona Union Elementary,4,5,3,5,0,5
66,no,64,male,more,-1.069162,3.7,upper,yes,yes,9,11,66,Sanjin Prcić,3,5693.883301,Beardsley Elementary,1,1,7,10,0,5
67,no,50,male,more,1.415695,4.2,upper,yes,yes,15,16,67,James Perch,2,5181.57959,South Whittier Elementary,1,2,4,6,1,5
68,no,60,male,more,-1.422919,2.2,upper,yes,yes,23,32,68, Edu,4,5228.650879,Hanford Elementary,3,1,3,5,0,1
69,no,51,female,more,0.3918222,3.0,upper,yes,yes,47,67,69,Matthew Lowton,4,5339.391113,National Elementary,1,1,3,5,0,6
70,no,43,male,more,-0.4899626,4.3,lower,yes,yes,19,22,70,James Tomkins,2,6056.49707,Roseland Elementary,2,1,7,10,0,1
71,yes,50,male,single,-0.5835869,4.6,lower,yes,no,17,24,71,Granit Xhaka,4,4845.680176,Di Giorgio Elementary,3,1,9,13,0,3
72,no,52,male,more,0.7566829,3.5,upper,yes,yes,46,69,72,Chinedu Ede,2,4826.666016,Keppel Union Elementary,4,4,4,6,0,1
73,no,51,male,more,0.8808186,4.6,lower,yes,yes,348,574,73,Leon Balogun,5,5367.090332,Lakeside Union Elementary,4,1,7,10,0,1
74,no,38,male,more,-0.5665014,3.7,lower,yes,yes,44,87,74,Javier Pinola,4,5742.73291,Merced City Elementary,3,1,3,5,0,5
75,no,47,female,more,0.3394037,3.8,lower,yes,yes,19,24,75,Rory Delap,4,4136.250977,Guadalupe Union Elementary,1,1,3,5,0,5
76,yes,43,female,more,-0.1513687,3.6,lower,yes,yes,47,103,76,Derrick Williams,1,5267.831055,Cucamonga Elementary,2,2,4,6,0,3
77,no,38,female,more,-1.024997,4.4,lower,yes,no,33,68,77,Alexis Thébaux,5,5238.39209,Knightsen Elementary,3,6,3,5,0,6
78,no,43,male,more,-0.0252444,4.1,lower,yes,yes,10,13,78,Ronny Philp,3,5462.899414,Rio Dell Elementary,1,2,7,10,0,5
79,no,57,male,more,-0.7467875,4.3,upper,yes,yes,7,13,79,Fernando Gago,3,6313.373535,Montague Elementary,2,1,3,5,0,6
80,no,51,female,more,0.9889485,4.0,upper,yes,yes,9,11,80, Felipe Santana,4,6653.030762,McCloud Union Elementary,4,1,9,13,0,4
81,no,45,male,single,-0.5324199,4.8,lower,yes,no,12,17,81,Tom Starke,3,5533.149414,Santa Paula Elementary,4,1,3,5,0,3
82,no,57,male,more,-0.7668921,3.5,lower,yes,yes,13,14,82,Christian Pander,1,6118.710449,West Park Elementary,2,1,7,10,0,3
83,no,47,female,more,1.154256,3.6,lower,yes,no,16,21,83,Hugo Rodallega,3,5098.626953,Atwater Elementary,3,1,7,10,0,6
84,yes,54,female,more,1.232602,3.8,lower,yes,yes,18,18,84, San José,5,5652.878906,Weaver Union Elementary,1,1,4,6,0,4
85,no,58,male,more,1.774334,4.7,lower,yes,no,16,17,85,Jens Grahl,4,5329.002441,Pacific Union Elementary,1,1,9,13,0,4
86,no,42,male,more,1.773151,4.9,lower,yes,yes,15,18,86,Thomas Sørensen,3,5929.809082,Lucerne Valley Unified,3,11,7,10,0,1
87,no,33,male,more,0.7245926,4.3,lower,yes,yes,85,120,87,Mario Balotelli,4,4897.067871,Romoland Elementary,4,1,4,6,0,6
88,no,62,male,more,-1.181626,3.3,lower,yes,yes,11,38,88,Rio Mavuba,1,5100.202148,El Monte City Elementary,1,7,7,10,1,5
89,yes,35,female,more,1.769452,3.4,lower,yes,yes,60,96,89,Frank Lampard,4,4825.722656,Greenfield Union Elementary,4,1,3,5,0,3
90,no,61,male,more,-0.5872612,3.6,lower,yes,yes,27,39,90,Marouane Fellaini,3,4079.12915,Palo Verde Union Elementary,3,8,4,6,0,3
91,no,52,female,more,-0.0018324,4.0,lower,yes,yes,61,111,91,Matthieu Sans,4,5349.367676,Elverta Joint Elementary,3,2,4,6,0,5
92,no,60,female,more,-0.0566766,3.9,upper,no,yes,23,27,92,Junior Fernandes,3,5869.38916,Lucerne Elementary,2,1,3,5,0,5
93,no,32,male,more,1.231394,4.3,lower,yes,yes,98,132,93,Ludovic Giuly,5,6462.12793,Luther Burbank Elementary,3,2,3,5,0,7
94,yes,42,female,more,0.4203998,3.3,upper,no,yes,48,84,94,Klaas-Jan Huntelaar,2,6231.601563,Bangor Union Elementary,2,15,3,5,0,4
95,yes,36,female,more,0.2899157,3.7,upper,yes,yes,86,125,1, Andre Luiz,2,4993.867676,Bayshore Elementary,4,1,3,5,0,1
96,yes,36,female,more,0.2899157,3.6,upper,yes,yes,76,125,1, Pedro,4,4663.811035,Oak Valley Union Elementary,3,10,4,6,0,6
97,yes,36,female,more,0.2899157,4.4,upper,yes,yes,77,123,1,Anthony Annan,4,6107.106445,Wilsona Elementary,4,1,4,6,0,5
98,no,59,male,more,-0.7377322,4.0,upper,yes,yes,35,40,2,Gonzalo Jara,4,5324.228027,Brawley Elementary,4,3,7,10,0,6
99,no,59,male,more,-0.7377322,2.1,upper,yes,yes,39,44,2,Stefan Thesker,4,5221.460938,Meadows Union Elementary,2,1,7,10,0,4
100,no,51,male,more,-0.5719836,3.2,upper,yes,yes,111,195,3,Andriy Voronin,4,5157.784668,Little Lake City Elementary,4,1,7,10,1,3
101,no,40,female,more,-0.6779634,3.5,upper,yes,yes,24,27,4,Renaud Cohade,4,5131.119141,Pond Union Elementary,1,3,7,10,0,3
102,no,40,female,more,-0.6779634,4.1,upper,yes,yes,24,25,4,Emre Can,2,5279.354004,Taft City Elementary,2,1,4,6,1,4
103,no,40,female,more,-0.6779634,4.6,upper,yes,yes,17,20,4,Francis Coquelin,4,4704.043945,Brittan Elementary,4,2,3,5,1,1
104,no,40,female,more,-0.6779634,3.8,upper,yes,yes,14,25,4, Diego,4,6089.910645,Arena Union Elementary,3,1,3,5,0,4
105,no,40,female,more,-0.6779634,3.8,upper,yes,yes,37,42,4,Martín Demichelis,2,5356.833496,Adelanto Elementary,2,6,7,10,0,7
106,no,40,female,more,-0.6779634,3.8,upper,yes,yes,18,20,4,Roy Contout,2,5144.549316,Hollister School District,4,1,7,10,0,1
107,no,40,female,more,-0.6779634,4.2,upper,yes,yes,15,18,4,Benoît Costil,2,4906.22998,Palmdale Elementary,1,3,7,10,0,1
108,no,31,female,more,1.509794,3.9,upper,yes,yes,40,44,5, Yannick Djaló,4,5489.588867,Oroville City Elementary,3,4,3,5,0,1
109,no,31,female,more,1.509794,4.5,upper,yes,yes,38,48,5,Sebastian Freis,4,5718.55127,Standard Elementary,4,1,3,5,0,4
110,no,31,female,more,1.509794,4.5,upper,yes,yes,40,45,5,Stephen Kelly,3,4436.152832,Briggs Elementary,4,1,7,10,0,1
111,no,31,female,more,1.509794,4.4,upper,yes,yes,52,59,5, Maicon,4,4895.439453,Monroe Elementary,1,1,4,6,0,5
112,no,31,female,more,1.509794,4.4,upper,yes,yes,49,87,5,Ryan Mason,2,5159.21875,Lancaster Elementary,2,1,7,10,0,6
113,no,62,male,more,0.5885687,4.4,upper,yes,yes,160,292,6,Carlos Sánchez,2,5490.654785,Alview-Dairyland Union Elementary,1,1,7,10,0,5
114,no,62,male,more,0.5885687,4.5,upper,yes,yes,79,130,6,Chris Brunt,5,5172.019531,Magnolia Elementary,4,1,7,10,1,6
115,no,62,male,more,0.5885687,4.3,upper,yes,yes,176,285,6,Benjamin Lecomte,5,4441.672852,Liberty Elementary,3,2,7,10,0,5
116,no,62,male,more,0.5885687,4.6,upper,yes,yes,155,272,6, Xavi,2,5220.370117,Mt. Pleasant Elementary,2,1,7,10,0,5
117,no,62,male,more,0.5885687,4.8,upper,yes,yes,166,286,6,Bănel Nicoliţă,2,5252.810547,El Centro Elementary,2,2,9,13,0,6
118,no,62,male,more,0.5885687,4.3,upper,yes,yes,186,302,6,Patrick Owomoyela,4,5518.702148,South Bay Union Elementary,4,1,9,13,0,6
119,no,33,female,more,-0.126001,4.0,upper,yes,yes,29,34,7,Sejad Salihović,3,5609.487793,Cascade Union Elementary,3,3,4,6,0,5
120,no,33,female,more,-0.126001,4.0,upper,yes,yes,37,41,7,Shawn Parker,2,4945.031738,Kings River Union Elementary,3,1,7,10,0,6
121,no,33,female,more,-0.126001,3.9,upper,yes,yes,29,41,7,Ashley Westwood,1,5223.025391,Gerber Union Elementary,2,1,3,5,0,5
122,no,33,female,more,-0.126001,3.3,upper,yes,yes,28,34,7,Kevin Großkreutz,4,4757.025391,Exeter Union Elementary,1,18,3,5,0,4
123,no,51,female,more,-0.2581899,4.5,upper,yes,yes,21,22,8,Mamadou Bah,4,5522.161621,American Union Elementary,4,1,3,5,0,5
124,no,51,female,more,-0.2581899,4.5,upper,yes,yes,13,21,8,Chris Smalling,4,6087.608887,San Antonio Union Elementary,1,2,7,10,0,2
125,no,51,female,more,-0.2581899,4.5,upper,yes,yes,16,17,8,Jérémy Ménez,4,4960.515625,Burton Elementary,4,11,4,6,0,4
126,no,51,female,more,-0.2581899,2.5,lower,yes,yes,24,30,8, Antonio López,4,4880.040527,Nuview Union Elementary,4,3,3,5,0,6
127,no,51,female,more,-0.2581899,4.3,upper,yes,yes,23,23,8,Vurnon Anita,1,6538.417969,Bellevue Union Elementary,1,1,3,5,0,3
128,no,51,female,more,-0.2581899,4.5,upper,yes,yes,20,20,8,Aaron Ramsey,4,4925.659668,Garvey Elementary,3,1,7,10,0,5
129,no,33,female,more,0.1496926,4.7,upper,yes,yes,29,33,9,Antonio Valencia,1,5204.6875,Corning Union Elementary,2,1,9,13,1,6
130,no,33,female,more,0.1496926,3.5,upper,yes,yes,11,44,9,Dawda Bah,2,4907.410645,Jefferson Elementary,4,11,4,6,0,4
131,no,33,female,more,0.1496926,4.5,upper,yes,yes,29,49,9,Patrick Helmes,4,5923.45166,Big Springs Union Elementary,3,1,7,10,0,1
132,no,33,female,more,0.1496926,3.8,upper,yes,yes,25,29,9,Serdar Taşçı,2,4741.957031,General Shafter Elementary,1,2,3,5,0,5
133,no,33,female,more,0.1496926,4.5,upper,yes,yes,42,48,9,Salif Sané,2,4954.019531,Turlock Joint Elementary,4,2,3,5,0,1
134,no,33,female,more,0.1496926,4.3,upper,yes,yes,34,40,9,Glen Johnson,4,5500.10791,Twain Harte-Long Barn Union Elementary,4,2,4,6,0,6
135,no,47,male,more,0.540917,3.9,upper,yes,no,12,16,10, Capdevila,3,5360.51709,Redwood City Elementary,2,8,3,5,0,1
136,no,47,male,more,0.540917,4.3,upper,yes,no,14,15,10,Clemens Fritz,4,5685.63916,Camino Union Elementary,4,2,7,10,0,5
137,no,47,male,more,0.540917,4.2,upper,yes,no,22,23,10,Claudio Yacob,4,5594.196289,Plainsburg Union Elementary,4,1,3,5,1,5
138,no,47,male,more,0.540917,5.0,lower,yes,no,10,11,10,Péter Gulácsi,4,4692.566895,Banta Elementary,3,1,9,13,0,5
139,no,47,male,more,0.540917,5.0,lower,yes,no,17,29,10,Frédéric Piquionne,4,5085.40625,Washington Colony Elementary,2,2,3,5,0,5
140,no,47,male,more,0.540917,4.6,upper,yes,no,16,21,10,Rémy Vercoutre,5,5456.197266,Rio Linda Union Elementary,2,1,7,10,0,5
141,no,47,male,more,0.540917,5.0,lower,yes,no,15,18,10, Casto,1,5105.179688,Chatom Union Elementary,4,1,7,10,1,5
142,no,47,male,more,0.540917,4.7,upper,yes,no,16,19,10,Robin Knoche,2,5519.677246,Merced River Union Elementary,2,1,4,6,0,5
143,no,47,male,more,0.540917,5.0,lower,yes,no,16,20,10,Jonathan Obika,4,5065.911133,Hueneme Elementary,3,2,9,13,0,5
144,yes,35,male,more,0.2316134,2.7,upper,no,yes,30,33,11, Pedro León,3,5182.428223,Cuddeback Union Elementary,3,11,7,10,0,1
145,yes,35,male,more,0.2316134,4.0,upper,no,yes,23,24,11,Omar Daf,3,5960.464355,Blue Lake Union Elementary,1,1,4,6,0,3
146,no,37,male,more,-0.0666737,4.4,upper,yes,no,13,21,12,Daniel Sturridge,5,5124.836426,Lemon Grove Elementary,2,1,7,10,0,6
147,no,37,male,more,-0.0666737,4.4,upper,yes,no,24,30,12,Patrick Rakovsky,4,5655.133301,Upper Lake Union Elementary,4,2,3,5,0,6
148,no,37,male,more,-0.0666737,4.3,upper,yes,no,24,25,12,Samuel Bouhours,4,5811.689941,Peninsula Union Elementary,3,1,4,6,0,5
149,no,37,male,more,-0.0666737,3.5,upper,yes,no,25,35,12,Kevin Pannewitz,5,5467.673828,Ocean View Elementary,3,1,4,6,0,5
150,no,42,male,more,0.2168924,3.8,upper,yes,yes,18,30,13,William Kvist,3,5213.089355,Reeds Creek Elementary,2,1,3,5,0,7
151,no,42,male,more,0.2168924,3.9,upper,yes,yes,28,42,13, Raúl Albiol,4,4613.1875,Arcohe Union Elementary,1,3,3,5,0,4
152,no,42,male,more,0.2168924,3.7,upper,yes,yes,25,57,13,Dudu Aouate,3,4886.983887,New Jerusalem Elementary,2,6,3,5,0,5
153,no,42,male,more,0.2168924,3.3,upper,yes,yes,40,57,13,David Abraham,4,6455.136719,Dunsmuir Elementary,1,7,3,5,0,1
154,no,42,male,more,0.2168924,4.0,upper,yes,yes,40,51,13,Jordan Ferri,4,5125.433105,Stanislaus Union Elementary,2,1,4,6,0,5
155,no,42,male,more,0.2168924,3.8,upper,yes,yes,18,30,13,Johannes van den Bergh,3,5193.692383,Kingsburg Joint Union Elementary,3,1,4,6,0,4
156,no,49,male,more,-0.2586962,4.2,upper,no,yes,31,37,14,Ivan Klasnić,4,5002.838867,Buena Park Elementary,1,15,7,10,0,3
157,no,49,male,more,-0.2586962,3.1,upper,no,yes,15,29,14, Felipe Santana,4,5337.625488,Westminster Elementary,2,2,7,10,0,5
158,no,49,male,more,-0.2586962,3.6,upper,no,yes,23,27,14,Karim Haggui,3,5161.202148,Island Union Elementary,3,1,7,10,0,3
159,no,37,female,more,0.5502878,3.3,upper,yes,yes,34,52,15,Gareth Bale,4,5158.791992,Tulare City Elementary,1,1,7,10,1,3
160,no,37,female,more,0.5502878,2.9,upper,yes,yes,21,26,15,Matthieu Chalmé,3,5123.474121,Chula Vista Elementary,4,4,4,6,1,1
161,no,37,female,more,0.5502878,3.1,upper,yes,yes,29,30,15,Brede Hangeland,3,5782.543945,Black Butte Union Elementary,3,1,3,5,0,6
162,no,45,male,more,-0.0620358,4.0,lower,yes,yes,45,177,16, Ricardo Costa,2,4842.60791,McSwain Union Elementary,1,1,3,5,0,5
163,no,45,male,more,-0.0620358,4.0,lower,yes,yes,90,199,16,Tom Cleverley,2,4219.40625,Franklin Elementary,3,1,7,10,0,5
164,no,45,male,more,-0.0620358,4.2,upper,yes,yes,27,32,16,Sami Khedira,4,5081.169922,Escondido Union Elementary,4,1,7,10,1,6
165,no,45,male,more,-0.0620358,3.8,upper,yes,yes,35,37,16, Cala,3,5144.993652,East Whittier City Elementary,4,2,7,10,0,1
166,no,45,male,more,-0.0620358,4.3,lower,yes,yes,120,161,16,Fabian Giefer,3,4674.298828,Rio Bravo-Greeley Union Elementary,1,5,3,5,0,6
167,no,56,female,more,-0.9823852,4.6,upper,yes,no,39,44,17,Matthew Jarvis,2,4830.326172,Marcum-Illinois Union Elementary,4,11,3,5,0,5
168,no,56,female,more,-0.9823852,4.3,upper,yes,no,35,53,17,Mickaël Landreau,4,5621.687988,Vallecitos Elementary,3,1,7,10,1,5
169,no,56,female,more,-0.9823852,3.6,upper,yes,no,34,49,17,Harry Kane,3,4948.868164,Victor Elementary,3,1,4,6,0,5
170,no,56,female,more,-0.9823852,4.2,upper,yes,no,27,32,17,Maxime Baca,3,5100.975586,Savanna Elementary,4,6,7,10,0,6
171,no,48,male,more,-0.054344,3.9,upper,yes,no,20,33,18,Nicolas Fauvergue,4,5132.788574,West Side Union Elementary,3,1,7,10,0,2
172,no,48,male,more,-0.054344,4.1,upper,yes,no,14,19,18, Bodipo,3,5358.51709,Enterprise Elementary,2,4,7,10,0,4
173,no,48,male,more,-0.054344,4.0,lower,yes,no,65,111,18,Philipp Lahm,3,5149.186523,Red Bluff Union Elementary,4,4,7,10,0,5
174,no,48,male,more,-0.054344,4.3,lower,yes,no,95,149,18,Vadim Demidov,5,5373.206543,Jamestown Elementary,2,1,7,10,0,2
175,no,48,male,more,-0.054344,3.9,upper,yes,no,18,27,18,Sascha Mölders,4,6485.166016,Weed Union Elementary,4,4,9,13,0,5
176,no,48,male,more,-0.054344,4.2,lower,yes,no,85,136,18,Alexandre Alphonse,1,5504.025391,South Bay Union Elementary,2,1,9,13,0,5
177,no,48,male,more,-0.054344,4.2,lower,yes,no,113,140,18,Mario Mandžukić,1,5105.734375,Brentwood Union Elementary,2,1,4,6,0,6
178,no,46,female,more,-0.0680143,4.9,lower,yes,yes,14,15,19,Gastón Ramírez,4,5634.730957,Summerville Elementary,1,1,7,10,0,6
179,no,46,female,more,-0.0680143,4.0,upper,yes,yes,23,29,19, Brandão,5,4980.294434,Ophir Elementary,2,1,3,5,0,5
180,no,46,female,more,-0.0680143,4.3,upper,yes,yes,23,25,19,Mario Götze,3,6113.859863,Montgomery Elementary,1,2,3,5,0,1
181,no,46,female,more,-0.0680143,4.9,upper,yes,yes,9,18,19,Gael Bigirimana,3,5850.0,Santa Rosa Elementary,3,1,3,5,0,6
182,no,46,female,more,-0.0680143,3.9,upper,yes,yes,30,45,19,Nils Petersen,2,4547.944824,Salida Union Elementary,2,1,7,10,0,6
183,no,46,female,more,-0.0680143,4.9,lower,yes,yes,15,15,19,Souleymane Diawara,3,5011.840332,Shasta Union Elementary,2,2,4,6,0,1
184,no,46,female,more,-0.0680143,3.9,upper,yes,yes,31,38,19,Martin Lanig,3,5261.370605,Fortuna Union Elementary,2,2,3,5,0,1
185,no,46,female,more,-0.0680143,4.0,lower,yes,yes,12,15,19,Ezequiel Lavezzi,2,4276.115234,Rockford  Elementary,3,4,3,5,0,1
186,no,57,female,more,0.0294137,3.5,upper,yes,no,10,23,20, Fran Miranda,4,4566.27002,Plaza Elementary,4,1,7,10,0,6
187,no,57,female,more,0.0294137,3.9,upper,yes,no,15,19,20,Nicolas Douchez,1,6049.495117,Monte Rio Union Elementary,3,1,9,13,1,5
188,no,57,female,more,0.0294137,4.0,upper,yes,no,7,23,20,Cata Díaz,3,4974.28125,Janesville Union Elementary,3,2,4,6,0,1
189,no,57,female,more,0.0294137,3.6,upper,yes,no,7,22,20,Michael Harriman,2,4432.478027,Magnolia Union Elementary,4,1,7,10,0,1
190,no,57,female,more,0.0294137,3.0,upper,yes,no,14,20,20,René Adler,2,4924.619141,Shaffer Union Elementary,2,6,3,5,0,5
191,no,57,female,more,0.0294137,3.0,upper,yes,no,8,19,20,Florent Malouda,4,4603.659668,Fullerton Elementary,3,16,3,5,0,1
192,no,57,female,more,0.0294137,3.6,upper,yes,no,17,23,20,Lisandro López,4,5973.925293,Cinnabar Elementary,1,3,4,6,0,5
193,no,57,female,more,0.0294137,3.6,upper,yes,no,10,22,20,Papiss Demba Cissé,2,5215.943848,Santa Barbara Elementary,1,1,3,5,1,6
194,no,57,female,more,0.0294137,3.2,upper,yes,no,12,15,20, Busquets,4,4882.236816,Rohnerville Elementary,1,4,7,10,0,5
195,no,52,female,more,0.2394859,3.9,upper,yes,no,27,31,21,Jens Langeneke,2,4145.835938,Pleasant Grove Joint Union Elementary,2,2,3,5,0,7
196,no,52,female,more,0.2394859,3.5,upper,yes,no,20,21,21,Leonardo Bittencourt,4,7542.038086,Mountain Union Elementary,2,2,9,13,0,6
197,no,52,female,more,0.2394859,3.5,upper,yes,no,31,36,21,Julian Korb,5,5247.018066,South Fork Union Elementary,1,1,3,5,0,1
198,no,52,female,single,0.2394859,3.1,upper,yes,no,17,19,21,Mesut Özil,2,5169.814941,Jamul-Dulzura Union Elementary,3,2,7,10,0,5
199,no,52,female,more,0.2394859,4.2,upper,yes,no,23,37,21,Thomas Vermaelen,1,5951.005859,Live Oak Elementary,4,2,7,10,0,3
200,no,62,male,more,-0.7330914,3.6,lower,yes,yes,94,184,23,Bobby Zamora,1,4746.572266,Menifee Union Elementary,2,1,4,6,0,5
201,no,62,male,more,-0.7330914,4.5,upper,yes,yes,46,50,23,Lars Stindl,3,4944.092285,Lakeside Union Elementary,2,1,9,13,0,5
202,no,62,male,more,-0.7330914,3.7,lower,yes,yes,80,157,23,Mario Mandžukić,5,6306.487305,Whisman Elementary,2,5,7,10,0,5
203,no,62,male,more,-0.7330914,3.4,lower,yes,yes,61,164,23,Florian Raspentino,3,4260.306641,McCabe Union Elementary,1,1,4,6,1,1
204,no,64,male,more,-0.1111221,4.5,upper,yes,yes,51,68,24,Brett Holman,4,4718.163086,Lammersville Elementary,2,2,7,10,0,1
205,no,64,male,more,-0.1111221,4.6,upper,yes,yes,22,47,24,Shaun Wright-Phillips,2,4751.299805,Lassen View Union Elementary,4,16,3,5,0,2
206,no,64,male,more,-0.1111221,4.8,upper,yes,yes,10,14,24,Dimitar Berbatov,2,5653.453613,Loleta Union Elementary,3,1,4,6,0,5
207,no,64,male,more,-0.1111221,4.5,upper,yes,yes,11,15,24,Pape Souaré,4,5920.253418,Junction Elementary,4,1,4,6,0,3
208,no,64,male,more,-0.1111221,4.4,upper,yes,yes,15,24,24,James McArthur,3,4825.59082,Rosemead Elementary,4,1,3,5,0,4
209,no,64,male,more,-0.1111221,4.1,upper,yes,yes,21,39,24,Dudu Aouate,5,5532.582031,Grass Valley Elementary,1,1,3,5,0,6
210,no,34,female,more,1.775517,3.9,upper,yes,yes,33,40,25,Rickie Lambert,2,3926.06958,Buena Vista Elementary,1,1,3,5,0,4
211,no,58,male,more,-0.3218485,4.3,upper,yes,yes,71,151,26,James Ward-Prowse,5,5805.636719,Kernville Union Elementary,1,1,3,5,0,4
212,no,58,male,more,-0.3218485,3.5,lower,yes,yes,36,47,26,Sven Bender,4,4899.239746,Galt Joint Union Elementary,1,1,4,6,0,6
213,no,58,male,more,-0.3218485,4.0,upper,yes,yes,73,122,26, Alfaro,3,4884.862305,Southside Elementary,1,9,4,6,0,1
214,no,58,male,more,-0.3218485,4.0,lower,yes,yes,31,45,26,Petr Jiráček,3,5139.9375,Lakeside Union Elementary,2,1,7,10,0,5
215,yes,52,male,more,0.2116939,4.6,upper,no,yes,23,23,27,Jan Polák,2,5249.364746,Nuestro Elementary,4,4,7,10,1,3
216,yes,52,male,more,0.2116939,4.6,upper,no,yes,12,16,27, Barragán,5,5399.070313,Alvina Elementary,2,2,7,10,0,6
217,yes,52,male,more,0.2116939,3.7,upper,no,yes,15,18,27,Stefan Bell,3,4965.290039,Oakley Union Elementary,4,2,7,10,0,1
218,yes,52,male,more,0.2116939,3.5,upper,no,yes,11,16,27,Massimo Luongo,2,6210.323242,Etna Union Elementary,3,1,4,6,0,4
219,yes,52,male,more,0.2116939,3.6,upper,no,yes,12,15,27,Bastian Schweinsteiger,3,4797.503418,Jefferson Elementary,4,1,3,5,0,5
220,yes,52,male,more,0.2116939,3.9,upper,no,yes,18,28,27,Benoît Assou-Ekotto,2,5397.161621,Berryessa Union Elementary,4,1,3,5,0,1
221,no,73,male,more,-0.717645,4.2,upper,yes,yes,10,13,28,Landry Bonnefoi,4,5078.5,Kit Carson Union Elementary,4,1,7,10,0,1
222,no,73,male,more,-0.717645,3.2,upper,yes,yes,16,21,28,Mathieu Coutadeur,3,4733.746582,Sylvan Union Elementary,3,2,7,10,0,4
223,no,73,male,more,-0.717645,4.9,upper,yes,yes,13,17,28,Alexander Esswein,5,4963.060059,Oak View Union Elementary,2,2,7,10,0,4
224,no,70,male,more,-0.7326927,4.0,upper,yes,yes,5,48,29,Shola Ameobi,2,5431.177246,Auburn Union Elementary,1,18,3,5,1,5
225,no,70,male,more,-0.7326927,3.5,upper,yes,yes,34,64,29,Sebastian Prödl,4,5382.088867,North County Joint Union Elementary,2,1,3,5,0,5
226,no,70,male,more,-0.7326927,3.4,upper,yes,yes,24,69,29, Pozuelo,2,5724.441895,Pioneer Union Elementary,2,1,7,10,0,1
227,no,63,male,more,-0.0102077,4.2,upper,yes,no,11,14,31,Axel Bellinghausen,4,4843.427246,Central Elementary,3,1,4,6,1,6
228,no,63,male,more,-0.0102077,3.5,upper,yes,no,10,15,31,Joe Hart,2,5730.349121,Pacheco Union Elementary,1,18,7,10,0,3
229,no,63,male,more,-0.0102077,4.4,upper,yes,no,14,18,31,Andrey Arshavin,2,5635.786133,Chicago Park Elementary,3,1,7,10,1,6
230,no,63,male,more,-0.0102077,3.7,upper,yes,no,12,16,31,Christian Wetklo,4,5671.657227,Brisbane Elementary,2,7,7,10,0,2
231,no,63,male,more,-0.0102077,3.4,upper,yes,no,8,10,31,Marco Estrada,2,7070.633301,Central Union Elementary,1,1,7,10,0,5
232,no,63,male,more,-0.0102077,3.0,upper,yes,no,23,47,31,Chris Gunter,3,5097.343262,Happy Valley Union Elementary,4,1,7,10,0,1
233,no,47,male,more,-0.923957,3.9,upper,yes,yes,10,14,32, Sisi,3,5482.677246,Mark Twain Union Elementary,3,5,9,13,0,6
234,no,47,male,more,-0.923957,2.8,upper,yes,yes,10,12,32,Neven Subotić,4,5642.832031,San Rafael City Elementary,2,2,9,13,0,1
235,no,39,male,more,0.5766805,3.7,lower,yes,yes,154,316,33, Goni,2,5280.023438,Cajon Valley Union Elementary,2,3,4,6,0,1
236,no,39,male,more,0.5766805,4.6,upper,yes,yes,12,15,33,Rio Mavuba,5,5433.339844,Campbell Union Elementary,1,6,7,10,0,1
237,no,39,male,more,0.5766805,4.2,upper,yes,yes,14,15,33,Jérôme Rothen,4,4529.283691,Browns Elementary,2,1,3,5,0,6
238,no,39,male,more,0.5766805,4.4,upper,yes,yes,27,29,33, Brandão,4,6039.98584,Clear Creek Elementary,1,1,3,5,0,5
239,yes,47,female,more,-0.0836015,3.8,upper,yes,yes,8,8,34, Agirretxe,2,6168.229492,Trinidad Union Elementary,3,6,3,5,0,5
240,yes,47,female,single,-0.0836015,4.1,lower,yes,yes,16,16,34,Jamel Saihi,2,5774.970215,Guerneville Elementary,2,4,7,10,0,5
241,yes,47,female,more,-0.0836015,3.7,lower,yes,yes,24,26,34,Sebastian Kehl,1,4806.761719,San Bruno Park Elementary,2,13,4,6,0,3
242,yes,47,female,more,-0.0836015,4.1,upper,yes,yes,7,10,34,Ryan Dickson,4,4840.936035,Antelope Elementary,4,1,3,5,1,5
243,yes,47,female,more,-0.0836015,3.0,lower,yes,yes,25,26,34, De la Bella,2,4954.466309,Centralia Elementary,2,6,3,5,0,6
244,yes,47,female,more,-0.0836015,3.2,lower,yes,yes,24,26,34, Fernando Torres,2,4023.531738,Etiwanda Elementary,3,1,7,10,0,4
245,yes,47,female,more,-0.0836015,2.8,lower,yes,yes,24,26,34,Billy Jones,2,5179.411133,Wiseburn Elementary,3,3,9,13,0,4
246,yes,47,female,single,-0.0836015,4.7,lower,yes,yes,20,21,34,Mathieu Coutadeur,3,4385.229492,Scotia Union Elementary,2,2,4,6,0,4
247,yes,47,female,more,-0.0836015,4.2,lower,yes,yes,12,12,34,Jonny Evans,3,4777.512695,Mountain View Elementary,4,1,7,10,0,6
248,yes,47,female,more,-0.0836015,3.2,lower,yes,yes,25,27,34,Sofian Chahed,4,4862.790527,Pleasant Valley Joint Union Elementary,2,3,3,5,0,5
249,yes,47,female,more,-0.0836015,3.1,lower,yes,yes,26,27,34, Álex López,2,5486.029785,Oak Grove Elementary,3,2,3,5,0,6
250,yes,47,female,more,-0.0836015,4.0,lower,yes,yes,24,25,34,Danny Guthrie,3,5486.382324,Pollock Pines Elementary,2,1,4,6,0,5
251,no,54,male,more,-1.079558,4.2,upper,yes,yes,10,15,35,Karim El-Hany,5,4631.243652,Castaic Union Elementary,1,1,3,5,1,7
252,no,54,male,more,-1.079558,4.3,upper,yes,yes,16,17,35,Peguy Luyindula,3,5189.62793,Bishop Union Elementary,1,1,7,10,0,1
253,yes,44,female,more,1.040902,3.3,upper,yes,yes,35,48,36,Jon Walters,3,4600.606445,Buellton Union Elementary,1,1,3,5,0,5
254,yes,44,female,more,1.040902,4.1,upper,yes,yes,21,21,36,Benoît Cheyrou,2,6735.775391,Chawanakee Jt. Elementary,2,7,9,13,0,5
255,yes,44,female,more,1.040902,3.7,upper,yes,yes,35,39,36,Craig Dawson,4,5475.172852,Yreka Union Elementary,1,2,3,5,0,6
256,yes,47,male,more,-1.052108,3.3,upper,yes,yes,9,14,37,Korey Smith,4,5990.794434,Alexander Valley Union Elementary,4,1,7,10,0,1
257,yes,47,male,more,-1.052108,3.8,upper,yes,yes,21,26,37,Zdravko Kuzmanović,2,7203.246582,Twin Ridges Elementary,3,1,7,10,0,5
258,yes,47,male,more,-1.052108,3.4,upper,yes,yes,13,16,37,Matthew Upson,4,4777.769043,Sundale Union Elementary,4,4,4,6,0,5
259,yes,47,male,more,-1.052108,4.2,upper,yes,yes,13,16,37,Danny Fox,3,4302.834961,Three Rivers Union Elementary,3,3,9,13,1,5
260,yes,47,male,more,-1.052108,3.8,upper,yes,yes,12,13,37,Zdravko Kuzmanović,5,5630.194824,Columbia Union Elementary,1,7,7,10,0,7
261,yes,47,male,more,-1.052108,3.5,upper,yes,yes,14,14,37,Niklas Dams,3,4708.625,Westside Union Elementary,4,3,4,6,0,1
262,yes,47,male,more,-1.052108,3.3,upper,yes,yes,15,17,37,Etienne Didot,2,5629.961426,Ballico-Cressey Elementary,3,15,7,10,0,5
263,no,62,male,more,-0.7277681,4.3,upper,yes,yes,13,15,38,Nikolče Noveski,4,4890.986816,Millbrae Elementary,3,2,3,5,0,6
264,no,62,male,more,-0.7277681,4.1,upper,yes,yes,7,10,38, Samuel,3,4929.393066,Evergreen Elementary,3,5,4,6,0,4
265,no,60,male,more,-0.3953965,4.5,upper,yes,yes,12,16,39, Yannick Djaló,2,4905.221191,Harmony Union Elementary,1,1,4,6,0,1
266,no,60,male,more,-0.3953965,4.5,upper,yes,yes,11,14,39,Fabian Delph,2,5156.856934,Panama Buena Vista Union Elementary,1,4,3,5,0,5
267,no,60,male,more,-0.3953965,4.6,upper,yes,yes,8,12,39,Hogan Ephraim,3,4941.787598,Laguna Salada Union Elementary,4,2,3,5,0,5
268,no,60,male,more,-0.3953965,4.4,upper,yes,yes,24,39,39,Gonzalo Castro,1,5408.781738,Sonora Elementary,3,15,3,5,0,3
269,no,60,male,more,-0.3953965,4.1,upper,yes,yes,15,35,39,James Shea,5,4981.387695,Roseville City Elementary,2,1,3,5,0,6
270,no,60,male,more,-0.3953965,4.5,upper,yes,yes,31,45,39,Laurent Koscielny,4,4877.086426,Gratton Elementary,3,7,4,6,0,1
271,no,60,male,more,-0.3953965,4.3,lower,yes,yes,36,45,39,Rémi Gomis,5,5111.739258,Susanville Elementary,4,1,4,6,1,5
272,no,42,male,more,-0.2377786,4.4,upper,yes,yes,14,14,41, Xavi,4,5201.515625,Bella Vista Elementary,4,16,7,10,0,1
273,no,42,male,more,-0.2377786,4.9,upper,yes,yes,13,14,41,Pablo Zabaleta,2,4138.305664,Columbine Elementary,2,6,7,10,0,5
274,no,42,male,more,-0.2377786,4.7,upper,yes,yes,12,12,41,Mapou Yanga-Mbiwa,3,5743.597168,Hughes-Elizabeth Lakes Union Elementary,2,1,7,10,0,5
275,no,42,male,more,-0.2377786,4.6,upper,yes,yes,13,15,41,Wojciech Szczęsny,4,5702.705078,Mountain View Elementary,3,2,7,10,0,1
276,no,35,male,more,0.274908,4.8,lower,yes,yes,21,23,42,Sam Johnstone,4,4802.152832,Sulphur Springs Union Elementary,2,1,4,6,0,4
277,no,35,male,more,0.274908,4.2,upper,yes,yes,49,57,42, Xavi,3,5442.143066,Forestville Union Elementary,4,1,3,5,0,5
278,no,35,male,more,0.274908,4.6,lower,yes,yes,44,50,42,Michael Keane,2,4522.375488,Rosedale Union Elementary,2,1,3,5,1,4
279,no,39,female,more,1.970023,4.7,upper,yes,no,18,23,43, Iniesta,4,4965.808105,Columbia Elementary,1,2,7,10,0,3
280,no,39,female,more,1.970023,4.6,upper,yes,no,20,23,43,Jaroslav Plašil,1,5358.326172,Colfax Elementary,4,3,7,10,1,5
281,no,39,female,more,1.970023,3.6,lower,yes,no,27,28,43, Cala,2,5784.625,Mt. Shasta Union Elementary,1,1,7,10,0,5
282,no,49,male,more,1.05095,3.9,upper,yes,yes,27,42,44,Antonio Rüdiger,5,5072.70459,Piner-Olivet Union Elementary,3,1,3,5,0,6
283,no,49,male,more,1.05095,4.0,upper,yes,yes,49,57,44,David Meyler,1,5556.041016,Bass Lake Joint Elementary,4,1,3,5,0,5
284,no,61,male,more,0.2418185,4.4,upper,yes,yes,31,38,45,Sven Schipplock,4,5190.310059,Cutten Elementary,4,1,7,10,0,3
285,no,61,male,more,0.2418185,4.5,lower,yes,yes,19,22,45,Alex Oxlade-Chamberlain,5,5211.485352,Placerville Union Elementary,1,5,4,6,1,1
286,no,61,male,more,0.2418185,4.4,upper,yes,yes,27,43,45,Alexander Tettey,5,5284.164063,Wright Elementary,2,1,7,10,0,1
287,no,33,male,more,1.349395,3.0,upper,yes,yes,12,13,46,Gabriel Torje,2,5331.920898,Evergreen Union Elementary,2,2,7,10,0,6
288,no,33,male,more,1.349395,3.7,upper,yes,yes,13,15,46, José Enrique,1,5599.60791,Old Adobe Union Elementary,4,9,7,10,0,3
289,no,56,female,more,-0.2577254,3.6,upper,yes,yes,16,20,48,Anthony Martial,4,4881.899414,Wilmar Union Elementary,3,1,7,10,0,1
290,no,56,female,more,-0.2577254,3.1,upper,yes,yes,17,23,48,Federico Macheda,2,4700.432129,Ackerman Elementary,4,1,7,10,0,5
291,no,50,female,single,-0.6562689,3.8,lower,yes,no,24,32,49,Karim Haggui,2,5650.0,Santa Cruz City Elementary,1,1,9,13,0,5
292,no,50,female,single,-0.6562689,4.7,lower,yes,no,14,21,49,Aaron Hughes,5,5318.240723,Arcata Elementary,4,2,9,13,0,3
293,no,50,female,more,-0.6562689,3.8,upper,yes,no,23,24,49,William Kvist,3,4709.054199,Alta Loma Elementary,3,1,4,6,0,4
294,no,50,female,more,-0.6562689,3.8,upper,yes,no,19,21,49, Arana,4,5143.19043,Foresthill Union Elementary,4,1,7,10,0,5
295,no,50,female,more,-0.6562689,2.8,upper,yes,no,18,28,49, Puyol,4,5133.009766,Mother Lode Union Elementary,4,1,3,5,0,1
296,no,50,female,more,-0.6562689,4.0,upper,yes,no,23,29,49,Jonny Evans,5,5081.455566,Ocean View Elementary,1,2,3,5,0,5
297,no,52,male,more,-0.6563948,4.0,upper,yes,yes,81,89,50, José Enrique,3,4016.41626,Lake Elementary,2,11,3,5,0,5
298,no,52,male,more,-0.6563948,3.5,upper,yes,yes,74,82,50,Ludovic Giuly,2,5374.050293,San Mateo-Foster City Elementary,1,1,7,10,0,5
299,no,52,male,more,-0.6563948,3.4,upper,yes,yes,102,122,50, Thiago Motta,1,5427.548828,Goleta Union Elementary,2,3,4,6,0,4
300,no,52,male,more,-0.6563948,4.0,upper,yes,yes,94,131,50, Bosingwa,2,5179.644531,Helendale Elementary,2,2,3,5,0,5
301,no,52,male,more,-0.6563948,3.5,upper,yes,yes,89,114,50,Dan Gosling,2,5400.0,Petaluma City Elementary,2,2,3,5,1,1
302,no,52,male,more,-0.6563948,3.8,upper,yes,yes,133,149,50,Tino Costa,2,5726.146484,Sunnyvale Elementary,2,1,7,10,0,4
303,no,52,male,more,-0.6563948,4.7,upper,yes,yes,22,23,50,Benjamin Uphoff,3,5003.870117,College Elementary,4,1,9,13,0,6
304,no,52,male,more,-0.6563948,3.9,upper,yes,yes,78,98,50,Ashkan Dejagah,4,4969.51123,La Mesa-Spring Valley,2,1,4,6,0,6
305,no,52,male,more,-0.6563948,4.5,upper,yes,yes,22,27,50,Emanuel Pogatetz,3,4747.295898,Huntington Beach City Elementary,3,1,7,10,1,6
306,no,52,male,more,-0.6563948,4.2,upper,yes,yes,27,30,50, Lafita,4,4543.305176,Solvang Elementary,1,5,3,5,0,2
307,no,52,male,more,-0.6563948,4.7,upper,yes,yes,27,30,50,Guy Demel,3,5229.591309,Soquel Elementary,1,1,3,5,1,3
308,no,52,male,more,-0.6563948,4.0,upper,yes,yes,60,69,50,Mesut Özil,4,4507.353027,Capay Joint Union Elementary,1,10,4,6,0,1
309,no,33,female,more,0.7244775,4.8,upper,yes,yes,10,10,51,Ricardo Faty,5,5302.62793,Gravenstein Union Elementary,4,2,3,5,0,6
310,no,33,female,more,0.7244775,4.8,upper,yes,yes,10,11,51,Timmy Simons,4,5545.610352,Pleasant Valley Elementary,1,2,7,10,0,5
311,no,33,female,more,0.7244775,4.4,upper,yes,yes,10,14,51,Simon Rolfes,2,4615.908691,Pioneer Union Elementary,2,2,3,5,0,5
312,no,33,female,more,0.7244775,4.7,upper,yes,yes,7,11,51,Carl Medjani,2,5397.689453,Santee Elementary,2,2,9,13,0,5
313,no,33,female,more,0.7244775,4.5,upper,yes,yes,14,14,51, Santi Cazorla,4,5118.373047,Johnstonville Elementary,2,13,3,5,0,6
314,no,57,male,more,0.6318343,4.2,upper,yes,yes,36,41,52, Miguel Torres,2,5008.070801,Pleasant Valley Elementary,4,2,7,10,0,6
315,no,57,male,more,0.6318343,4.4,upper,yes,yes,72,88,52,Szabolcs Huszti,5,4906.030273,Curtis Creek Elementary,4,6,7,10,0,1
316,no,57,male,more,0.6318343,4.1,upper,yes,yes,63,78,52,Micah Richards,5,6870.346191,Fort Jones Union Elementary,1,1,4,6,0,6
317,no,38,female,more,1.070944,4.2,lower,yes,yes,109,157,53,Phil Jagielka,5,5301.716309,Mark West Union Elementary,1,3,9,13,0,4
318,no,38,female,more,1.070944,4.8,upper,yes,yes,54,68,53,Steeve Yago,1,5182.365723,Alpine Union Elementary,3,2,7,10,0,5
319,no,38,female,more,1.070944,4.4,upper,yes,yes,51,67,53,Loris Néry,2,4999.46875,Sebastopol Union Elementary,1,1,4,6,0,5
320,no,38,female,more,1.070944,4.7,upper,yes,yes,61,80,53,Sven Ulreich,3,6732.066406,Freshwater Elementary,2,2,7,10,0,6
321,no,38,female,more,1.070944,4.2,lower,yes,yes,102,137,53,Robert Green,4,4612.989746,Norris Elementary,3,3,3,5,0,2
322,no,38,female,more,1.070944,4.5,upper,yes,yes,58,69,53,Brad Guzan,1,5478.845703,Springville Union Elementary,4,2,4,6,0,6
323,no,34,female,more,-1.450494,3.4,lower,yes,yes,46,80,54, Labaka,4,5666.713867,Moreland Elementary,4,8,4,6,1,5
324,no,34,female,more,-1.450494,3.7,lower,yes,yes,53,90,54,Andrey Arshavin,2,4742.51416,Maple Elementary,3,3,3,5,0,7
325,no,34,female,more,-1.450494,3.6,upper,yes,yes,19,34,54,Anthony Martial,1,4907.392578,Kings River-Hardwick Union Elementary,1,1,3,5,0,1
326,no,34,female,more,-1.450494,3.9,upper,yes,yes,41,73,54,Radamel Falcao,3,5700.402344,Julian Union Elementary,2,2,3,5,0,4
327,no,34,female,more,-1.450494,3.9,upper,yes,yes,25,44,54, Diego Costa,5,5191.834473,Cardiff Elementary,3,8,3,5,0,4
328,no,34,male,more,1.15588,3.7,upper,yes,yes,16,20,55,Sylvio Rodelin,2,4451.256836,Saucelito Elementary,1,6,4,6,1,1
329,no,34,male,more,1.15588,3.0,lower,yes,yes,20,35,55, Nani,4,5627.527832,Bonsall Union Elementary,2,10,4,6,0,3
330,no,32,male,more,-0.3260148,3.6,lower,yes,yes,69,168,56,Kevin Pannewitz,4,4922.939941,Cypress Elementary,4,2,7,10,0,1
331,no,32,male,more,-0.3260148,3.6,lower,yes,yes,98,247,56, Kaká,3,4969.380859,Lowell Joint Elementary,4,7,7,10,1,5
332,no,32,male,more,-0.3260148,4.3,upper,yes,yes,20,22,56,Timm Klose,3,4829.717285,Newhall Elementary,2,3,7,10,0,1
333,no,32,male,more,-0.3260148,4.5,upper,yes,yes,72,103,56,Ángelo Henríquez,1,6716.692871,Lagunitas Elementary,3,1,7,10,1,5
334,no,42,female,more,0.8846435,3.9,upper,yes,yes,51,82,57,Renato Civelli,4,5205.941895,Cambrian Elementary,1,1,4,6,0,1
335,no,43,female,more,-0.5583452,4.6,upper,yes,yes,18,35,58,Sebastian Freis,3,4357.826172,Richfield Elementary,1,5,3,5,1,4
336,no,43,female,more,-0.5583452,4.1,lower,yes,yes,26,34,58,Artjoms Rudņevs,4,5195.918945,Fieldbrook Elementary,3,3,3,5,0,4
337,no,43,female,more,-0.5583452,4.2,lower,yes,yes,28,37,58,Kieran Richardson,4,6002.071777,Dehesa Elementary,4,1,7,10,0,6
338,no,43,female,more,-0.5583452,4.1,lower,yes,yes,13,14,58,Mathieu Bodmer,4,5090.587891,Cottonwood Union Elementary,1,1,7,10,0,6
339,no,43,female,more,-0.5583452,3.1,lower,yes,yes,174,266,58,Maximilian Beister,3,5112.390137,Fruitvale Elementary,4,1,7,10,0,1
340,no,43,female,more,-0.5583452,3.6,lower,yes,yes,171,254,58,Radek Černý,4,5287.35498,Union Elementary,3,2,3,5,0,1
341,no,43,female,more,-0.5583452,4.2,upper,yes,yes,10,13,58,Stephen Warnock,1,4889.47998,Fountain Valley Elementary,3,10,3,5,0,6
342,no,43,female,more,-0.5583452,3.0,lower,yes,yes,166,282,58,Nelson Valdez,1,5118.130371,Gold Oak Union Elementary,2,1,7,10,1,5
343,no,43,female,more,-0.5583452,4.2,upper,yes,yes,17,17,58, Roberto Lago,2,5119.123047,Buckeye Union Elementary,3,10,4,6,0,5
344,no,35,male,more,-0.3415543,3.4,lower,no,yes,22,42,59, Valerón,4,4792.211426,Rocklin Unified,2,3,7,10,0,6
345,no,62,female,more,-0.5040575,3.1,upper,yes,yes,9,16,60, Doni,2,5450.103516,Gold Trail Union Elementary,4,1,7,10,0,1
346,no,62,female,more,-0.5040575,2.7,upper,yes,yes,14,19,60,Ibrahima Traoré,1,5210.724609,Hydesville Elementary,3,1,7,10,0,5
347,no,52,female,more,0.773524,3.9,upper,yes,yes,70,98,63, Simão,4,4715.445801,Saugus Union Elementary,4,3,7,10,0,1
348,no,52,female,more,1.063938,3.9,upper,yes,yes,49,65,64,Ivan Klasnić,1,4632.068359,Loomis Union Elementary,4,1,7,10,0,3
349,no,52,female,more,1.063938,3.6,upper,yes,yes,32,63,64,Kevin Vogt,3,5028.561523,Placer Hills Union Elementary,2,2,9,13,0,5
350,no,52,female,more,-1.090389,3.7,upper,yes,no,35,43,65,Jay Rodriguez,5,5695.466797,Dunham Elementary,4,9,9,13,0,3
351,no,52,female,more,-1.090389,3.6,upper,yes,no,59,80,65,Paul Verhaegh,4,4504.294922,San Carlos Elementary,1,12,4,6,0,6
352,no,52,female,more,-1.090389,4.4,upper,yes,no,45,52,65, Bosingwa,2,5156.437012,Ready Springs Union Elementary,2,1,7,10,0,5
353,no,52,female,more,-1.090389,4.3,upper,yes,no,34,48,65,Lasse Sobiech,4,5433.51416,Coarsegold Union Elementary,4,2,3,5,0,5
354,no,52,female,more,-1.090389,4.1,upper,yes,no,50,66,65, Jonas,5,5254.631836,Cayucos Elementary,3,2,3,5,1,4
355,no,52,female,more,-1.090389,3.7,upper,yes,no,67,100,65, João Victor,1,4593.196777,Richmond Elementary,2,2,3,5,0,6
356,no,64,male,more,-1.069162,3.6,upper,yes,yes,8,16,66,Aly Cissokho,5,4320.678711,Clay Joint Elementary,4,7,7,10,0,1
357,no,64,male,more,-1.069162,2.8,upper,yes,yes,18,22,66,Nicky Shorey,4,4920.777344,Waugh Elementary,1,5,4,6,0,5
358,no,64,male,more,-1.069162,4.0,upper,yes,yes,5,11,66,Gareth Bale,4,6905.869141,Two Rock Union Elementary,3,1,3,5,0,1
359,no,64,male,more,-1.069162,4.4,upper,yes,yes,5,10,66,Mitchell Langerak,1,5729.904297,Belmont-Redwood Shores Elementary,4,3,3,5,0,6
360,no,64,male,more,-1.069162,3.6,upper,yes,yes,16,16,66,Kevin Trapp,3,4825.202148,Rescue Union Elementary,4,3,7,10,0,5
361,no,50,male,more,1.415695,3.7,upper,yes,yes,9,10,67,Albert Rafetraniaina,2,5388.17041,Alta-Dutch Flat Union Elementary,1,1,9,13,0,1
362,no,60,male,more,-1.422919,2.9,upper,yes,yes,7,10,68,Samed Yesil,2,5133.827148,San Pasqual Union Elementary,2,1,4,6,0,6
363,no,60,male,more,-1.422919,2.6,upper,yes,yes,10,16,68,Assani Lukimya,3,5346.15625,Latrobe Elementary,1,1,7,10,0,6
364,no,43,male,single,-0.4899626,4.8,lower,yes,yes,15,28,70, Pedro,2,4789.309082,Union Hill Elementary,4,11,3,5,0,5
365,no,43,male,single,-0.4899626,4.9,lower,yes,yes,18,30,70,Ludovic Obraniak,4,5329.782227,Twin Hills Union Elementary,3,10,3,5,0,4
366,no,43,male,more,-0.4899626,4.3,lower,yes,yes,11,15,70,Martin Amedick,4,5371.172852,Pacific Union Elementary,2,4,4,6,0,5
367,no,43,male,more,-0.4899626,4.4,lower,yes,yes,10,13,70,Hajime Hosogai,1,5771.383789,Douglas City Elementary,2,6,3,5,0,6
368,no,43,male,single,-0.4899626,4.3,lower,yes,yes,17,18,70,Ibrahima Traoré,2,4993.634766,Pleasant Ridge Union Elementary,4,1,7,10,0,3
369,no,43,male,single,-0.4899626,4.7,lower,yes,yes,22,26,70, Naldo,1,4854.038086,Newcastle Elementary,3,22,3,5,0,5
370,no,43,male,single,-0.4899626,4.3,lower,yes,yes,18,30,70,Ron Vlaar,4,4392.679688,Mesa Union Elementary,3,14,9,13,0,5
371,no,43,male,more,-0.4899626,4.6,lower,yes,yes,14,14,70,Kyle Naughton,2,5884.432129,Weaverville Elementary,2,1,3,5,0,5
372,yes,50,male,single,-0.5835869,4.9,lower,yes,no,20,22,71, Júlio César,4,4273.993164,North Cow Creek Elementary,1,1,7,10,0,5
373,yes,50,male,single,-0.5835869,4.8,lower,yes,no,21,25,71,Ryan Dickson,4,5146.78418,Nevada City Elementary,4,1,7,10,0,5
374,yes,50,male,single,-0.5835869,4.7,lower,yes,no,23,26,71,Steven Sidwell,3,5351.522949,Jacoby Creek Elementary,1,1,4,6,0,6
375,yes,50,male,single,-0.5835869,4.8,lower,yes,no,19,22,71, Tiago,4,7667.571777,Fort Ross Elementary,4,3,9,13,0,1
376,yes,50,male,single,-0.5835869,4.9,lower,yes,no,20,26,71,Romain Genevois,3,5281.708984,Encinitas Union Elementary,4,1,7,10,0,5
377,yes,50,male,single,-0.5835869,4.8,lower,yes,no,17,20,71,Luis Suárez,1,5368.50293,Dixie Elementary,1,2,4,6,1,5
378,yes,50,male,single,-0.5835869,4.8,lower,yes,no,18,22,71,Grégory Sertić,4,6429.257324,Lakeside Joint Elementary,3,6,7,10,0,5
379,yes,50,male,single,-0.5835869,5.0,lower,yes,no,20,21,71,Christian Schulz,4,5387.458984,Hermosa Beach City Elementary,2,1,3,5,0,6
380,yes,50,male,single,-0.5835869,4.5,lower,yes,no,19,21,71, David Navarro,3,5235.774902,Rincon Valley Union Elementary,4,7,4,6,0,3
381,no,52,male,more,0.7566829,3.8,upper,yes,yes,46,65,72, Ramires,2,4829.896484,Washington Union Elementary,3,4,4,6,0,2
382,no,52,male,more,0.7566829,3.8,upper,yes,yes,39,62,72,Sébastien Puygrenier,2,5088.708008,Bennett Valley Union Elementary,1,9,3,5,0,5
383,no,52,male,more,0.7566829,3.8,upper,yes,yes,34,67,72,Pavel Pogrebnyak,5,5390.118164,Loma Prieta Joint Union Elemen,4,2,3,5,0,6
384,no,52,male,more,0.7566829,4.0,upper,yes,yes,29,40,72,John Utaka,3,6588.430664,Kenwood Elementary,4,8,3,5,0,6
385,no,52,male,more,0.7566829,4.2,upper,yes,yes,27,45,72,Youssuf Mulumbu,4,6196.694824,Liberty Elementary,2,1,3,5,0,5
386,no,51,male,more,0.8808186,4.5,lower,yes,yes,372,579,73, Azpilicueta,2,4645.413086,Knights Ferry Elementary,4,1,4,6,0,4
387,no,51,male,more,0.8808186,4.5,lower,yes,yes,343,537,73,Shola Ameobi,4,6489.928711,Kentfield Elementary,4,7,4,6,0,6
388,no,51,male,more,0.8808186,4.6,lower,yes,yes,380,581,73,Mathieu Debuchy,5,5094.958984,Ballard Elementary,3,15,7,10,0,4
389,no,51,male,more,0.8808186,4.7,lower,yes,yes,322,527,73,Ashkan Dejagah,2,4841.958496,Oak Grove Union Elementary,2,5,7,10,0,6
390,no,38,male,more,-0.5665014,4.1,lower,yes,yes,66,84,74,Takashi Usami,4,6315.3125,Ross Valley Elementary,2,3,7,10,0,6
391,no,38,male,more,-0.5665014,3.6,lower,yes,yes,40,79,74,Raphael Wolf,3,5399.383301,Mountain Elementary,4,1,7,10,0,6
392,no,38,male,more,-0.5665014,4.0,lower,yes,yes,60,92,74, Guly,4,5429.473633,Burlingame Elementary,2,2,4,6,0,5
393,no,47,female,more,0.3394037,3.4,lower,yes,yes,38,67,75,Aleksandar Stevanović,5,5644.286133,Grant Elementary,3,1,3,5,0,5
394,yes,43,female,more,-0.1513687,2.8,lower,yes,yes,93,190,76, Zé Castro,5,6060.256836,Happy Valley Elementary,3,1,3,5,0,4
395,no,38,female,more,-1.024997,4.1,lower,yes,no,36,60,77,Ragnar Klavan,4,5319.553711,Bonny Doon Union Elementary,1,1,7,10,0,5
396,no,38,female,more,-1.024997,3.5,lower,yes,no,29,64,77, Dani Alves,5,4819.903809,Walnut Creek Elementary,2,2,7,10,1,5
397,no,38,female,more,-1.024997,3.4,lower,yes,no,23,31,77,Branislav Ivanović,2,5208.226074,Hope Elementary,4,1,7,10,0,5
398,no,38,female,more,-1.024997,4.1,lower,yes,no,36,62,77, Busquets,4,5859.964844,Larkspur Elementary,3,1,3,5,0,7
399,no,38,female,more,-1.024997,4.2,lower,yes,no,30,37,77,Arnold Mvuemba,4,4962.736816,Cupertino Union Elementary,3,1,3,5,0,1
400,no,43,male,more,-0.0252444,4.3,lower,yes,yes,8,13,78,Glenn Whelan,5,7614.379395,Pacific Elementary,2,1,7,10,0,5
401,no,43,male,more,-0.0252444,4.1,upper,yes,yes,12,15,78,Jens Hegeler,5,5566.467773,Los Gatos Union Elementary,1,1,4,6,0,4
402,no,43,male,more,-0.0252444,3.4,upper,yes,yes,65,79,78,Bakary Koné,2,7039.949219,Montecito Union Elementary,2,4,7,10,0,1
403,no,57,male,more,-0.7467875,3.5,upper,yes,yes,53,98,79,Ian Harte,5,6604.063965,Solana Beach Elementary,1,1,7,10,0,5
404,no,57,male,more,-0.7467875,3.6,upper,yes,yes,58,97,79,Mathias Autret,4,6180.148926,Menlo Park City Elementary,2,1,7,10,0,5
405,no,51,female,more,0.9889485,3.7,upper,yes,yes,67,78,80,Victor Moses,2,6460.657227,Reed Union Elementary,3,1,7,10,0,1
406,no,51,female,more,0.9889485,3.0,upper,yes,yes,36,56,80, Azpilicueta,2,6415.35498,Mill Valley Elementary,1,7,7,10,0,7
407,no,51,female,more,0.9889485,4.6,upper,yes,yes,17,20,80,Tony Jantschke,3,5230.876953,Lafayette Elementary,2,3,9,13,0,5
408,no,45,male,single,-0.5324199,4.0,lower,yes,no,17,20,81,Federico Macheda,4,5838.171875,Del Mar Union Elementary,3,1,9,13,0,1
409,no,45,male,more,-0.5324199,4.8,lower,yes,no,13,19,81, Jesús Vázquez,5,7711.506836,Woodside Elementary,1,1,4,6,0,1
410,no,45,male,single,-0.5324199,4.6,lower,yes,no,19,26,81,Philippe Senderos,2,5592.765137,Moraga Elementary,4,3,7,10,0,4
411,no,57,male,more,-0.7668921,3.4,lower,yes,yes,12,18,82,Julien Quercia,2,5933.154297,Orinda Union Elementary,3,1,3,5,1,3
412,no,57,male,more,-0.7668921,4.4,lower,yes,yes,12,12,82,Alex Smith,4,7593.405762,Hillsborough City Elementary,1,1,3,5,0,6
413,no,57,male,more,-0.7668921,3.6,lower,yes,yes,16,19,82,Ludovic Obraniak,4,6500.449707,Cold Spring Elementary,3,12,3,5,1,4
414,no,57,male,more,-0.7668921,3.8,lower,yes,yes,12,16,82,Brett Williams,2,7217.263184,Portola Valley Elementary,4,2,7,10,1,4
415,no,57,male,more,-0.7668921,3.7,lower,yes,yes,14,16,82,Cristian Álvarez,3,5392.638672,Saratoga Union Elementary,4,1,4,6,0,1
416,no,57,male,more,-0.7668921,4.7,lower,yes,yes,11,12,82,Gabriel Tamaş,2,7290.338867,Las Lomitas Elementary,1,1,3,5,0,7
417,no,57,male,more,-0.7668921,4.5,lower,yes,yes,15,17,82,Vadim Demidov,2,5741.462891,Los Altos Elementary,4,1,3,5,0,6
418,no,57,male,more,-0.7668921,5.0,upper,yes,yes,6,15,82,Éric Abidal,2,4402.831543,Somis Union Elementary,3,2,7,10,0,3
419,no,57,male,more,-0.7668921,3.8,lower,yes,yes,15,16,82,Karim Haggui,2,4776.336426,Plumas Elementary,3,3,9,13,0,4
420,no,57,male,more,-0.7668921,4.1,lower,yes,yes,12,17,82,Artur Sobiech,2,5993.392578,Wheatland Elementary,4,1,4,6,0,6
421,no,47,female,single,1.154256,4.3,lower,yes,no,15,17,83,Ali Mmadi,4,6384.911133,Sunol Glen Unified,3,1,7,10,1,2
422,no,47,female,single,1.154256,4.4,lower,yes,no,10,10,83,Peguy Luyindula,4,5099.380859,Manzanita Elementary,2,2,3,5,0,6
423,no,47,female,single,1.154256,4.7,lower,yes,no,16,17,83,Stelios Malezas,4,5501.95459,Thermalito Union Elementary,4,6,3,5,1,6
424,no,47,female,more,1.154256,3.9,lower,yes,no,15,17,83,René Adler,2,7101.831055,Golden Feather Union Elementary,2,1,4,6,0,2
425,yes,54,female,more,1.232602,4.8,lower,yes,yes,15,16,84, Sílvio,2,5235.987793,Palermo Union Elementary,4,3,3,5,0,6
426,yes,54,female,more,1.232602,4.3,lower,yes,yes,21,26,84,Djiby Fall,3,5580.146973,Burrel Union Elementary,2,2,7,10,0,1
427,yes,54,female,more,1.232602,4.6,lower,yes,yes,14,18,84,Patrick Owomoyela,2,5253.331055,Holt Union Elementary,2,1,3,5,0,1
428,yes,54,female,more,1.232602,3.8,lower,yes,yes,16,20,84,Eugen Polanski,3,4565.746094,Vineland Elementary,1,3,9,13,0,1
429,no,58,male,more,1.774334,5.0,lower,yes,no,21,21,85,Marco Reus,1,5355.54834,Orange Center Elementary,2,1,3,5,0,3
430,no,58,male,more,1.774334,4.9,lower,yes,no,18,21,85, Jordi Codina,2,5036.211426,Del Paso Heights Elementary,1,4,7,10,0,1
431,no,58,male,more,1.774334,4.6,lower,yes,no,17,20,85, Manquillo,3,4547.692383,Le Grand Union Elementary,3,1,7,10,0,6
432,no,58,male,more,1.774334,4.6,lower,yes,no,19,20,85,Ryan Bertrand,4,5447.345215,West Fresno Elementary,2,1,4,6,0,5
433,no,58,male,more,1.774334,5.0,lower,yes,no,11,13,85,Adil Rami,3,6567.149414,Allensworth Elementary,2,7,9,13,0,6
434,no,58,male,more,1.774334,4.6,lower,yes,no,14,16,85,Anthony Réveillère,3,4818.612793,Sunnyside Union Elementary,2,1,7,10,0,4
435,no,58,male,more,1.774334,4.9,lower,yes,no,16,17,85, Lucas Piazon,2,5621.456055,Woodville Elementary,3,1,4,6,1,6
436,no,42,male,more,1.773151,4.0,lower,yes,yes,22,24,86,Fabrice Begeorgi,2,6026.359863,Pixley Union Elementary,4,2,7,10,0,6
437,no,42,male,more,1.773151,3.9,upper,yes,yes,17,20,86,Anthony Modeste,4,6723.237793,Lost Hills Union Elementary,3,2,3,5,0,5
438,no,33,male,more,0.7245926,4.1,lower,yes,yes,67,155,87,Alexander Esswein,2,5589.885254,Buttonwillow Union Elementary,3,1,4,6,0,5
439,no,62,male,more,-1.181626,2.9,lower,yes,yes,28,70,88,François Clerc,4,5064.615723,Lennox Elementary,4,1,4,6,0,1
440,no,62,male,more,-1.181626,2.8,lower,yes,yes,61,149,88,Sylvain Marchal,2,5433.593262,Lamont Elementary,2,2,3,5,0,6
441,no,62,male,more,-1.181626,2.8,lower,yes,yes,49,137,88,Djibril Cissé,4,5725.563477,Westmorland Union Elementary,3,1,3,5,0,6
442,no,62,male,more,-1.181626,4.0,upper,yes,yes,13,29,88,Christopher Nöthe,5,4542.10498,Pleasant View Elementary,1,3,3,5,0,5
443,no,62,male,more,-1.181626,3.3,lower,yes,yes,28,55,88,Nemanja Vidić,4,5107.086426,Wasco Union Elementary,1,1,3,5,0,2
444,no,62,male,more,-1.181626,3.0,lower,yes,yes,67,136,88,Niklas Bolten,2,4659.661621,Alta Vista Elementary,1,2,4,6,0,3
445,yes,35,female,more,1.769452,3.6,lower,yes,yes,20,60,89, Mattioni,3,4555.464355,Livingston Union Elementary,2,1,4,6,0,1
446,yes,35,female,more,1.769452,3.8,lower,yes,yes,43,108,89, David Cobeño,1,5415.152832,Woodlake Union Elementary,2,1,7,10,0,6
447,no,61,male,more,-0.5872612,3.9,lower,yes,yes,13,15,90,Yoan Gouffran,1,4997.871582,Alisal Union Elementary,1,6,7,10,0,5
448,no,52,female,more,-0.0018324,4.7,lower,yes,yes,14,17,91,Timo Hildebrand,3,5223.912109,Arvin Union Elementary,3,1,7,10,0,5
449,no,52,female,more,-0.0018324,4.7,lower,yes,yes,19,19,91,Alexis Sánchez,3,5139.164551,Terra Bella Union Elementary,4,2,7,10,0,6
450,no,60,female,more,-0.0566766,3.9,upper,no,yes,18,19,92,Claudio Pizarro,2,4614.251953,Tipton Elementary,2,1,4,6,0,5
451,no,60,female,more,-0.0566766,4.4,upper,no,yes,11,13,92,Amin Younes,5,5342.233398,San Ysidro Elementary,2,1,3,5,0,6
452,no,60,female,more,-0.0566766,3.6,upper,no,yes,18,19,92, Gavilán,4,5347.458496,Soledad Unified,2,7,3,5,0,5
453,no,60,female,more,-0.0566766,4.2,upper,no,yes,11,22,92,Daniel Van Buyten,3,5036.458984,Mountain View Elementary,1,1,7,10,1,5
454,no,60,female,more,-0.0566766,3.4,upper,no,yes,7,20,92,Éric Abidal,4,5117.141602,King City Union Elementary,2,1,7,10,0,6
455,no,60,female,more,-0.0566766,4.0,upper,no,yes,24,27,92,Yannick Sagbo,5,5117.039551,Ontario-Montclair Elementary,4,7,7,10,0,5
456,no,32,male,more,1.231394,4.2,lower,yes,yes,111,127,93,Sam Johnstone,5,5272.191895,Los Nietos Elementary,3,2,3,5,0,1
457,no,32,male,more,1.231394,4.4,upper,yes,yes,62,85,93,Alejandro Domínguez,5,5225.719238,Winton Elementary,4,4,3,5,0,4
458,no,32,male,more,1.231394,4.5,lower,yes,yes,76,101,93,Anton Putsila,4,6516.533203,Raisin City Elementary,4,1,7,10,0,1
459,no,32,male,more,1.231394,3.2,lower,yes,yes,9,21,93,Daniel Didavi,4,4559.176758,Ravenswood City Elementary,1,3,4,6,1,6
460,no,32,male,more,1.231394,4.3,upper,yes,yes,52,86,93,Wilson Palacios,2,5119.158203,Richland-Lerdo Union Elementary,1,1,7,10,0,6
461,yes,42,female,more,0.4203998,3.3,upper,no,yes,52,67,94, Miranda,5,5338.185547,Oxnard Elementary,1,10,7,10,0,1
462,yes,42,female,more,0.4203998,3.2,upper,no,yes,54,66,94,Charlie Adam,2,5090.044922,El Nido Elementary,1,3,7,10,0,6
463,yes,42,female,single,0.4203998,4.1,lower,no,yes,28,35,94,Marc Hornschuh,2,5485.496094,Fairfax Elementary,1,3,7,10,1,5
