rownames,district,school,county,grades,students,teachers,calworks,lunch,computer,expenditure,income,english,read,math,ndam,eval,gender,language,age,female,category,name,majority_first,native
1,75119,Sunol Glen Unified,Alameda,KK-08,195,10.89999962,0.5102000237,2.040800095,67,6384.911133,22.69000053,0.0,691.5999756,690.0,1590.0,3.4,female,Portuguese,25.0,0.0,3,Easy,0,yes
2,61499,Manzanita Elementary,Butte,KK-08,240,11.14999962,15.41670036,47.91669846,101,5099.380859,9.824000359,4.583333492,660.5,661.9000244,5350.0,3.5,female,English,19.0,1.0,3,King,0,yes
3,61549,Thermalito Union Elementary,Butte,KK-08,1550,82.90000153,55.03229904,76.32260132,169,5501.95459,8.977999687,30.00000191,636.2999878,650.9000244,150.0,3.5,female,English,28.0,0.0,1,Able,0,yes
4,61457,Golden Feather Union Elementary,Butte,KK-08,243,14.0,36.47539902,77.04920197,85,7101.831055,8.977999687,0.0,651.9000244,643.5,58.0,4.9,male,,,0.0,1,Barbara,0,yes
5,61523,Palermo Union Elementary,Butte,KK-08,1335,71.5,33.10860062,78.42700195,171,5235.987793,9.080332756,13.85767746,641.7999878,639.9000244,15.0,4.5,male,English,18.0,1.0,1,Florence,0,yes
6,62042,Burrel Union Elementary,Fresno,KK-08,137,6.400000095,12.31879997,86.95649719,25,5580.146973,10.41499996,12.40875912,605.7000122,605.4000244,19321.0,4.5,female,Dutch,55.0,0.0,3,Carol,0,yes
7,68536,Holt Union Elementary,San Joaquin,KK-08,195,10.0,12.90320015,94.623703,28,5253.331055,6.577000141,68.71794891,604.5,609.0,3230.0,4.4,male,English,24.0,1.0,3,Edna,1,yes
8,63834,Vineland Elementary,Kern,KK-08,888,42.5,18.80629921,100.0,66,4565.746094,8.173999786,46.95946121,605.5,612.5,24260.0,3.5,male,Other,29.0,0.0,4,Hazel,0,yes
9,62331,Orange Center Elementary,Fresno,KK-08,379,19.0,32.18999863,93.13980103,35,5355.54834,7.385000229,30.07915688,608.9000244,616.0999756,2030.0,4.5,female,English,21.0,0.0,3,Connie,0,yes
10,67306,Del Paso Heights Elementary,Sacramento,KK-06,2247,108.0,78.99420166,87.31639862,0,5036.211426,11.61333275,40.27592087,611.9000244,613.4000244,14730.0,4.1,male,English,54.0,0.0,1,Diane,0,yes
11,65722,Le Grand Union Elementary,Merced,KK-08,446,21.0,18.60989952,85.87439728,86,4547.692383,8.930999756,52.91479874,612.7999878,618.7000122,6200.0,4.0,female,Italian,25.0,0.0,3,Ione,0,no
12,62174,West Fresno Elementary,Fresno,KK-08,987,47.0,71.71309662,98.60559845,56,5447.345215,7.385000229,54.60993195,616.5999756,616.0,1540.0,4.2,female,Turkish,17.0,0.0,2,Flossy,0,yes
13,71795,Allensworth Elementary,Tulare,KK-08,103,5.0,22.42989922,98.13079834,25,6567.149414,5.335000038,42.71844482,612.7999878,619.7999878,,4.4,female,English,59.0,1.0,4,Audrey,0,yes
14,72181,Sunnyside Union Elementary,Tulare,KK-08,487,24.34000015,24.6093998,77.14839935,0,4818.612793,8.279000282,20.53388023,610.0,622.5999756,540.0,4.5,female,Czech,53.0,1.0,3,Helene,0,yes
15,72298,Woodville Elementary,Tulare,KK-08,649,36.0,14.63790035,76.27120209,31,5621.456055,9.630000114,80.1232605,611.9000244,621.0,430.0,4.7,female,,44.0,1.0,1,Debra,0,yes
16,72041,Pixley Union Elementary,Tulare,KK-08,852,42.06999969,24.21419907,94.29570007,80,6026.359863,7.453999996,49.41314316,614.7999878,619.9000244,510.0,4.4,male,English,26.0,0.0,3,Gracie,1,yes
17,63594,Lost Hills Union Elementary,Kern,KK-08,491,28.92000008,11.20160007,97.75969696,100,6723.237793,6.21600008,85.53971863,611.7000122,624.4000244,53270.0,4.6,male,English,20.0,0.0,4,Donna,1,yes
18,63370,Buttonwillow Union Elementary,Kern,KK-08,421,25.5,8.551099777,77.90969849,50,5589.885254,7.763999939,58.90736389,614.9000244,621.7000122,35.0,3.3,male,English,58.0,1.0,1,Ethel,0,no
19,64709,Lennox Elementary,Los Angeles,KK-08,6880,303.0299988,21.28240013,94.97119904,960,5064.615723,7.021999836,77.0058136,619.0999756,620.5,15850.0,3.6,female,English,46.0,0.0,4,Carla,0,no
20,63560,Lamont Elementary,Kern,KK-08,2688,135.0,23.4375,93.22920227,139,5433.593262,5.698999882,49.81398773,621.2999878,619.2999878,300.0,4.3,female,English,20.0,0.0,1,Cindy,0,yes
21,63230,Westmorland Union Elementary,Imperial,KK-08,440,24.0,34.77270126,100.0,69,5725.563477,7.940999985,40.68181992,615.5999756,625.4000244,6450.0,4.7,female,German,35.0,0.0,2,Cleo,0,yes
22,72058,Pleasant View Elementary,Tulare,KK-08,475,21.0,21.64949989,91.54640198,53,4542.10498,9.630000114,16.21052551,619.9000244,622.9000244,16260.0,3.6,female,English,28.0,0.0,2,Dora,0,yes
23,63842,Wasco Union Elementary,Kern,KK-08,2538,130.5,18.91110039,70.8167038,169,5107.086426,7.40500021,45.07486343,622.9000244,620.5999756,2770.0,4.7,male,,,0.0,3,Hilda,0,yes
24,71811,Alta Vista Elementary,Tulare,KK-08,476,19.0,43.85589981,100.0,0,4659.661621,9.630000114,39.07563019,620.7000122,623.4000244,800.0,4.0,female,,,0.0,2,Isbell,0,yes
25,65748,Livingston Union Elementary,Merced,KK-08,2357,114.0,16.8010006,90.623703,216,4555.464355,8.019000053,76.66525269,619.5,625.7000122,20000.0,4.3,female,English,22.0,0.0,3,Betsy,0,yes
26,72272,Woodlake Union Elementary,Tulare,KK-08,1588,85.0,22.40719986,85.14720154,198,5415.152832,8.522999763,40.49118423,625.0,621.2000122,730.0,4.0,male,English,16.0,0.0,2,Alma,1,yes
27,65961,Alisal Union Elementary,Monterey,KK-06,7306,319.7999878,17.00149918,88.03489685,742,4997.871582,7.983181477,73.7202301,620.4000244,626.0,99.0,4.0,female,Spanish,35.0,0.0,1,Inez,1,yes
28,63313,Arvin Union Elementary,Kern,KK-08,2601,135.0,15.07110023,92.19529724,269,5223.912109,7.304999828,70.01153564,616.5,630.4000244,5060.0,4.2,female,,,0.0,3,Beulah,1,yes
29,72199,Terra Bella Union Elementary,Tulare,KK-08,847,44.0,16.2928009,90.20069885,67,5139.164551,8.934000015,55.96221542,620.0999756,627.0999756,800.0,4.3,male,English,16.0,1.0,2,Gladys,0,yes
30,72215,Tipton Elementary,Tulare,KK-08,452,22.0,14.49890041,81.02349854,55,4614.251953,8.553999901,11.06194687,627.9000244,620.4000244,23040.0,3.9,female,English,22.0,0.0,5,Camille,0,yes
31,68379,San Ysidro Elementary,San Diego,KK-08,4142,201.0,35.5625,81.50650024,569,5342.233398,6.612999916,80.42008972,620.4000244,628.7000122,6870.0,5.0,male,English,21.0,0.0,3,Celia,0,yes
32,75440,Soledad Unified,Monterey,KK-08,2102,99.75,15.31989956,90.28489685,224,5347.458496,12.4090004,63.13035583,623.0,626.9000244,300.0,4.7,female,English,35.0,0.0,2,Edith,0,yes
33,64816,Mountain View Elementary,Los Angeles,KK-08,10012,464.8999939,29.76390076,91.59339905,721,5036.458984,8.126615524,65.12185669,620.7999878,629.7999878,500.0,3.7,female,English,58.0,0.0,1,Fern,0,yes
34,66050,King City Union Elementary,Monterey,KK-08,2488,125.0,12.69200039,55.0929985,202,5117.141602,11.43099976,53.41640091,626.0999756,625.5999756,200.0,3.7,male,English,38.0,0.0,1,Ginger,0,yes
35,67819,Ontario-Montclair Elementary,San Bernardino,KK-08,25151,1186.699951,17.44260025,80.19560242,1713,5117.039551,11.72222519,49.82307053,625.4000244,626.7999878,20430.0,3.7,male,Dutch,21.0,0.0,1,Agnes,0,yes
36,64758,Los Nietos Elementary,Los Angeles,KK-08,2267,103.6800003,19.15169907,84.43379974,177,5272.191895,11.33250046,35.46537018,625.4000244,628.2000122,1180.0,4.8,male,English,13.0,1.0,3,Carmen,1,yes
37,65870,Winton Elementary,Merced,KK-08,1657,90.40000153,28.84729958,84.73139954,204,5225.719238,9.597999573,56.12552643,623.5999756,630.2000122,6190.0,3.7,female,English,43.0,0.0,3,Eloise,0,yes
38,62380,Raisin City Elementary,Fresno,KK-08,284,17.5,14.52700043,94.93240356,18,6516.533203,14.55799961,32.39436722,628.9000244,625.2999878,570.0,4.0,male,English,26.0,0.0,1,Belle,0,yes
39,68999,Ravenswood City Elementary,San Mateo,KK-08,5370,280.0,19.57169914,81.11730194,562,4559.176758,22.05999947,65.51210022,624.4000244,630.0999756,66.0,4.9,male,Chinese,23.0,0.0,1,Babe,0,yes
40,63578,Richland-Lerdo Union Elementary,Kern,KK-08,2471,121.8600006,23.79599953,87.77819824,275,5119.158203,9.708999634,53.05544281,627.5,627.0999756,70.0,4.0,female,Dutch,26.0,0.0,1,Bob,0,yes
41,72538,Oxnard Elementary,Ventura,KK-08,15386,669.3599854,12.50640011,71.43309784,1762,5338.185547,11.48294449,49.64253235,627.7999878,628.7000122,2700.0,3.9,male,Romanian,27.0,0.0,2,David,0,yes
42,65680,El Nido Elementary,Merced,KK-08,184,9.0,22.2826004,85.86959839,40,5090.044922,8.17800045,45.10869598,621.5999756,635.2000122,12770.0,4.4,female,Italian,25.0,1.0,3,Frederic,0,no
43,63461,Fairfax Elementary,Kern,KK-08,1217,61.40000153,33.90800095,88.09519958,78,5485.496094,8.173999786,30.32045937,629.4000244,627.7000122,2130.0,3.9,female,English,34.0,1.0,3,Allen,1,yes
44,63404,Delano Union Elementary,Kern,KK-08,6219,268.0,21.49860001,100.0,571,4793.370117,7.5,52.24312592,621.0999756,636.2000122,10400.0,4.3,female,Other,22.0,0.0,3,Alicia,1,yes
45,67199,Perris Elementary,Riverside,KK-06,4258,221.0,24.65950012,92.74310303,324,5092.91748,10.05049992,36.80131531,626.5,631.0,410.0,3.5,male,English,24.0,0.0,2,Diana,1,yes
46,65078,Valle Lindo Elementary,Los Angeles,KK-08,1235,53.0,8.218299866,62.13019943,175,4359.520996,7.331999779,30.28339958,630.2000122,629.4000244,130.0,4.6,female,,,1.0,1,Bob,1,yes
47,69369,Alum Rock Union Elementary,Santa Clara,KK-08,16244,766.6500244,17.4531002,69.73989868,1423,5645.495605,12.5815773,49.8645668,629.5,631.2000122,160.0,3.5,male,English,18.0,0.0,1,Danny,0,yes
48,63438,Edison Elementary,Kern,KK-08,814,39.0,19.77890015,67.44470215,85,4518.016113,15.17700005,13.75921345,631.9000244,628.9000244,4180.0,4.3,female,English,39.0,0.0,3,Elena,0,yes
49,63321,Bakersfield City Elementary,Kern,KK-08,27176,1429.0,39.21839905,84.29499817,3324,5864.366211,12.109128,28.86370468,631.5999756,629.5,3020.0,4.3,male,Other,19.0,0.0,3,Gloria,1,yes
50,69450,Franklin-McKinley Elementary,Santa Clara,KK-08,10696,487.9700012,22.15780067,70.89569855,1306,5257.996582,11.78499985,52.80478668,628.5,632.5999756,4730.0,4.5,male,English,18.0,1.0,1,Juan,0,yes
51,64592,Hawthorne Elementary,Los Angeles,KK-08,8935,444.5,36.94509888,79.51200104,786,5016.692383,14.06200027,44.08506012,628.4000244,633.7000122,1310.0,3.2,male,English,31.0,0.0,2,Kate,0,yes
52,65193,Chowchilla Elementary,Madera,KK-08,1600,74.5,27.26140022,79.72550201,242,4720.086426,10.47200012,35.25,635.7000122,627.0999756,6.0,3.6,female,,20.0,0.0,1,Bonnie,1,yes
53,66142,Salinas City Elementary,Monterey,KK-06,9028,449.9200134,13.98849964,69.94249725,669,5470.5625,13.40511703,37.49446106,633.0,630.7000122,58.0,4.0,male,Chinese,21.0,0.0,1,Charley,0,yes
54,69120,Santa Maria-Bonita Elementary,Santa Barbara,KK-08,10625,521.4699707,7.497499943,77.52559662,896,5615.441895,12.30179977,50.39059067,629.5999756,634.2000122,1.0,3.5,male,English,26.0,0.0,1,Floyd,0,yes
55,65110,Whittier City Elementary,Los Angeles,KK-08,7151,318.5799866,18.54809952,61.73820114,560,5245.439941,15.40407085,31.07257843,634.2000122,629.7000122,4.0,3.8,female,English,13.0,1.0,1,Florence,1,yes
56,64477,Eastside Union Elementary,Los Angeles,KK-08,2404,105.0,20.92740059,52.94350052,202,4838.175293,13.76200008,18.26123238,633.5,630.5,290.0,3.5,female,English,50.0,0.0,1,Chantal,0,yes
57,64691,Lawndale Elementary,Los Angeles,KK-08,5804,283.1499939,28.34250069,81.11650085,480,5367.988281,14.18400002,34.70020676,631.4000244,633.0,20020.0,4.3,female,Swedish,18.0,0.0,4,Hugo,0,yes
58,67421,Robla Elementary,Sacramento,KK-06,2253,112.6500015,43.49760056,84.55390167,196,5526.236816,8.864999771,33.28894806,637.5,627.0,230.0,4.0,female,English,31.0,0.0,1,Jerry,0,yes
59,66191,Santa Rita Union Elementary,Monterey,KK-08,2807,126.1200027,15.45950031,52.39640045,152,4353.019531,12.99699974,33.48770905,637.2999878,627.5999756,3620.0,4.7,female,English,21.0,0.0,2,Bob,0,yes
60,72561,Rio Elementary,Ventura,KK-08,3074,142.5500031,11.28979969,66.19490051,249,5034.290039,11.59200001,38.15875244,633.2000122,632.5,66730.0,4.2,male,English,25.0,0.0,5,Andrew,0,yes
61,72157,Strathmore Union Elementary,Tulare,KK-08,723,37.11999893,25.92110062,83.15789795,45,4692.493652,8.279000282,36.92946243,629.2000122,636.7000122,96.0,4.6,female,English,21.0,0.0,3,Emily,1,yes
62,67397,North Sacramento Elementary,Sacramento,KK-06,5138,290.7749939,58.75220108,84.99900055,560,5606.781738,10.90564251,32.98949051,630.2999878,635.7999878,1650.0,5.0,female,English,22.0,0.0,2,Erin,0,yes
63,66423,Anaheim Elementary,Orange,KK-06,20927,953.5,10.91139984,82.39260101,1048,4969.180664,13.40062523,58.21665573,629.5999756,636.7000122,7550.0,4.0,male,English,22.0,0.0,3,Opal,0,yes
64,63974,Lemoore Union Elementary,Kings,KK-08,3017,138.5,14.97679996,56.06359863,496,4675.674805,11.08100033,17.00364685,634.4000244,632.9000244,700.0,4.0,male,English,64.0,0.0,2,Bertha,1,yes
65,63875,Armona Union Elementary,Kings,KK-08,957,50.0,27.16819954,82.13169861,149,5306.132813,9.081999779,17.65935326,634.7000122,633.0999756,8260.0,4.5,male,Other,19.0,1.0,3,Fran,0,yes
66,63339,Beardsley Elementary,Kern,KK-08,1639,90.5,46.88819885,80.60420227,287,5693.883301,13.39000034,7.321537495,638.4000244,629.5999756,200.0,4.4,female,English,64.0,0.0,1,Danny,0,yes
67,65037,South Whittier Elementary,Los Angeles,KK-08,4340,209.8399963,17.70260048,93.92269897,284,5181.57959,14.60162544,31.19815636,631.9000244,636.2000122,1650.0,4.4,female,English,25.0,0.0,2,Bonnie,0,yes
68,63917,Hanford Elementary,Kings,KK-08,5079,224.5,25.55929947,63.80360031,585,5228.650879,11.11600018,16.61744499,637.7000122,630.5,160.0,3.4,female,Romanian,23.0,0.0,1,Earl,1,yes
69,68221,National Elementary,San Diego,KK-06,6639,304.730011,26.84140015,100.0,505,5339.391113,8.423000336,58.08103561,631.5,636.7000122,3870.0,3.5,male,,27.0,0.0,2,Georges,1,yes
70,70904,Roseland Elementary,Sonoma,KK-06,1154,62.09999847,22.92770004,84.92060089,129,6056.49707,11.66499996,55.89254379,636.7999878,631.5,94.0,4.5,female,English,24.0,1.0,3,Bret,0,yes
71,63420,Di Giorgio Elementary,Kern,KK-08,237,11.0,19.83119965,76.79319763,13,4845.680176,7.304999828,5.485232353,631.7999878,636.5999756,8130.0,3.9,female,German,16.0,0.0,2,Floyd,0,yes
72,64642,Keppel Union Elementary,Los Angeles,KK-08,2987,141.2100067,21.25880051,68.39640045,273,4826.666016,13.7305994,14.4291935,637.7000122,631.0999756,1430.0,3.5,female,English,24.0,0.0,1,Irene,0,yes
73,63966,Lakeside Union Elementary,Kings,KK-08,499,30.0,40.36700058,83.11930084,94,5367.090332,11.11600018,22.84569168,635.5,633.5999756,1260.0,4.6,female,,24.0,0.0,1,Lili,1,yes
74,65771,Merced City Elementary,Merced,KK-08,11474,542.6500244,40.55260086,77.0089035,1248,5742.73291,10.36442852,38.78333664,633.2000122,636.2000122,250.0,4.2,male,Chinese,19.0,0.0,1,Claudette,1,yes
75,69203,Guadalupe Union Elementary,Santa Barbara,KK-08,1088,55.0,14.15439987,86.02940369,107,4136.250977,6.982999802,64.24632263,631.0999756,638.7000122,4980.0,4.5,male,English,25.0,0.0,2,Isabel,1,yes
76,67694,Cucamonga Elementary,San Bernardino,KK-08,2660,140.1199951,15.76010036,74.85099792,259,5267.831055,14.46780014,25.22556496,637.7999878,632.0999756,5.0,4.2,female,English,41.0,0.0,1,Alex,0,no
77,61705,Knightsen Elementary,Contra Costa,KK-08,353,19.97999954,8.672100067,33.06230164,8,5238.39209,14.65299988,5.382436275,636.5999756,633.5,20510.0,4.1,male,English,23.0,0.0,4,Charley,1,yes
78,63008,Rio Dell Elementary,Humboldt,KK-08,329,18.53000069,28.91570091,85.54219818,37,5462.899414,10.62899971,6.079027653,644.2999878,626.0999756,12620.0,4.2,male,English,48.0,0.0,2,Frances,0,yes
79,70417,Montague Elementary,Siskiyou,KK-08,252,16.5,23.45680046,66.25509644,32,6313.373535,9.781000137,0.0,640.9000244,630.0,170.0,3.9,male,German,22.0,0.0,1,Gaston,0,no
80,70409,McCloud Union Elementary,Siskiyou,KK-08,175,12.5,21.76469994,68.82350159,31,6653.030762,10.65600014,0.0,634.5999756,636.5999756,18590.0,3.3,male,English,35.0,0.0,3,Ivan,1,yes
81,72587,Santa Paula Elementary,Ventura,KK-08,3835,186.1999969,13.99110031,72.8628006,897,5533.149414,11.93799973,34.88917923,633.0,638.2000122,10210.0,4.9,male,English,38.0,1.0,3,Jeanne,0,yes
82,62539,West Park Elementary,Fresno,KK-08,314,19.25,29.93630028,93.63059998,8,6118.710449,7.385000229,13.05732441,636.7000122,634.7999878,350.0,3.4,male,Indonesian,25.0,,1,Cindy,0,yes
83,65631,Atwater Elementary,Merced,KK-08,4458,211.0,22.22220039,72.32080078,445,5098.626953,10.67599964,36.0251236,633.2000122,638.7000122,2650.0,4.7,male,English,33.0,1.0,3,Dennis,1,yes
84,65862,Weaver Union Elementary,Merced,KK-08,1313,75.08000183,32.08679962,73.59760284,112,5652.878906,9.972000122,34.65346527,633.9000244,638.2999878,,4.1,female,English,49.0,0.0,3,Katrina,1,yes
85,62356,Pacific Union Elementary,Fresno,KK-08,474,26.5,21.5189991,75.73840332,36,5329.002441,8.258000374,28.69198227,634.7000122,638.2999878,91.0,5.0,male,English,37.0,0.0,1,Ophelia,1,yes
86,75051,Lucerne Valley Unified,San Bernardino,KK-08,1114,57.70000076,29.44680023,62.21279907,277,5929.809082,8.895999908,1.795332193,645.4000244,627.7999878,10690.0,3.5,female,English,34.0,0.0,3,Rita,0,yes
87,67231,Romoland Elementary,Riverside,KK-06,1358,65.0,14.79030037,80.86830139,178,4897.067871,12.06200027,30.63328552,632.2999878,641.0999756,25960.0,5.0,male,English,28.0,1.0,3,Wilma,1,yes
88,64501,El Monte City Elementary,Los Angeles,KK-08,11629,546.2999878,25.37940025,83.873703,1015,5100.202148,9.428894997,59.0334549,632.4000244,641.4000244,51.0,4.0,female,English,58.0,0.0,1,Humberto,0,yes
89,63503,Greenfield Union Elementary,Kern,KK-08,6195,306.75,21.04330063,68.57189941,1261,4825.722656,8.920332909,13.55932236,636.2000122,637.7000122,1110.0,4.3,female,Italian,25.0,0.0,1,Dolly,1,yes
90,72033,Palo Verde Union Elementary,Tulare,KK-08,499,20.0,23.69939995,80.92489624,35,4079.12915,10.09799957,5.010019779,636.0999756,637.9000244,4360.0,3.8,female,English,30.0,0.0,2,Gustav,1,yes
91,67322,Elverta Joint Elementary,Sacramento,KK-08,417,23.0,19.90410042,46.04320145,27,5349.367676,11.82999992,0.9592326283,638.0,636.2000122,20370.0,3.5,male,English,28.0,0.0,2,Ike,0,yes
92,64048,Lucerne Elementary,Lake,KK-08,300,15.0,48.3443985,72.18540192,55,5869.38916,11.55300045,0.6666666865,640.9000244,633.7999878,7110.0,3.6,female,English,35.0,0.0,1,Irene,1,yes
93,69542,Luther Burbank Elementary,Santa Clara,KK-08,457,24.39999962,16.81609917,67.71299744,50,6462.12793,19.70700073,38.51203537,644.9000244,630.4000244,24000.0,3.3,female,English,21.0,0.0,1,Isaac,1,no
94,61382,Bangor Union Elementary,Butte,KK-08,146,8.0,25.34250069,54.10960007,34,6231.601563,7.105000019,0.0,646.0999756,629.7999878,75000.0,3.6,female,English,22.0,0.0,2,Sandy,1,yes
95,68858,Bayshore Elementary,San Mateo,KK-08,460,24.21999931,10.59319973,66.94920349,71,4993.867676,13.72500038,17.17391396,633.2000122,642.7000122,1590.0,4.5,female,English,20.0,0.0,3,Easy,1,yes
96,72017,Oak Valley Union Elementary,Tulare,KK-08,354,17.79999924,10.27779961,59.72219849,28,4663.811035,10.09799957,9.887005806,636.7000122,639.2999878,5350.0,4.0,male,English,38.0,1.0,3,King,0,yes
97,65151,Wilsona Elementary,Los Angeles,KK-08,1841,95.0,25.25799942,64.74739838,315,6107.106445,13.76200008,19.39163589,640.4000244,636.0,150.0,3.6,male,Dutch,21.0,0.0,1,Able,1,yes
98,63073,Brawley Elementary,Imperial,KK-08,3760,183.75,26.90159988,65.7960968,717,5324.228027,9.664999962,36.48936081,636.2000122,640.4000244,58.0,4.2,male,English,26.0,0.0,1,Barbara,1,yes
99,63198,Meadows Union Elementary,Imperial,KK-08,500,22.43000031,18.79999924,83.0,70,5221.460938,10.26399994,39.39999771,630.4000244,646.2000122,15.0,4.6,male,English,33.0,0.0,1,Florence,1,yes
100,64717,Little Lake City Elementary,Los Angeles,KK-08,5112,246.8999939,10.69120026,59.7234993,383,5157.784668,11.56920052,28.67762184,638.5999756,638.0999756,19321.0,3.8,male,English,28.0,0.0,3,Carol,0,yes
101,63719,Pond Union Elementary,Kern,KK-08,146,7.659999847,13.69859982,66.43840027,28,5131.119141,7.40500021,13.69863033,637.5,639.5999756,3230.0,4.2,female,English,45.0,0.0,3,Edna,1,yes
102,63800,Taft City Elementary,Kern,KK-08,2141,105.8199997,26.49650002,65.38279724,134,5279.354004,12.07699966,11.34983635,636.9000244,640.5,24260.0,4.1,female,,21.0,0.0,4,Hazel,1,yes
103,71357,Brittan Elementary,Sutter,KK-08,610,30.97999954,8.524600029,56.06560135,144,4704.043945,11.28299999,3.442623138,640.2999878,638.2000122,2030.0,4.3,female,English,21.0,0.0,3,Connie,1,yes
104,65557,Arena Union Elementary,Mendocino,KK-08,337,16.54999924,21.26250076,60.13290024,26,6089.910645,10.03499985,15.43026733,642.7000122,635.9000244,14730.0,4.7,female,Finnish,23.0,0.0,1,Diane,0,yes
105,67587,Adelanto Elementary,San Bernardino,KK-08,4501,227.8500061,19.12969971,63.9054985,597,5356.833496,8.383999825,17.97378349,639.9000244,638.7999878,6200.0,4.7,male,English,13.0,0.0,3,Ione,0,yes
106,67470,Hollister School District,San Benito,KK-08,5718,295.0499878,6.84070015,37.04560089,313,5144.549316,13.63000011,22.71773338,641.4000244,637.5999756,1540.0,4.8,female,English,46.0,0.0,2,Flossy,1,yes
107,64857,Palmdale Elementary,Los Angeles,KK-08,19402,846.3800049,20.52370071,51.24209976,1182,4906.22998,14.12766743,18.43624496,641.7000122,637.7999878,,3.6,female,English,37.0,0.0,4,Audrey,0,yes
108,61507,Oroville City Elementary,Butte,KK-08,3401,175.5500031,52.21989822,74.27230072,560,5489.588867,11.26612473,16.17171478,641.5,638.0999756,540.0,3.6,female,English,22.0,0.0,3,Helene,1,yes
109,63792,Standard Elementary,Kern,KK-08,2621,136.8300018,25.82979965,64.09770203,397,5718.55127,13.39000034,2.02212882,641.4000244,638.2999878,430.0,4.3,male,English,32.0,1.0,1,Debra,0,yes
110,72447,Briggs Elementary,Ventura,KK-08,426,20.0,3.990600109,64.78869629,87,4436.152832,11.93799973,9.62441349,634.2999878,645.5,510.0,3.7,female,English,39.0,0.0,3,Gracie,0,yes
111,62323,Monroe Elementary,Fresno,KK-08,205,11.19999981,18.53660011,80.9756012,24,4895.439453,8.258000374,41.46341324,643.5,636.7000122,53270.0,4.2,female,English,35.0,0.0,4,Donna,0,yes
112,64667,Lancaster Elementary,Los Angeles,KK-08,13668,648.4099731,28.1753006,56.29940033,1321,5159.21875,14.22672749,9.8990345,640.4000244,639.9000244,35.0,4.5,male,English,20.0,0.0,1,Ethel,1,yes
113,65177,Alview-Dairyland Union Elementary,Madera,KK-08,342,18.20000076,11.39599991,68.09120178,98,5490.654785,10.47200012,16.08187103,637.7000122,643.2999878,15850.0,4.0,female,,,1.0,4,Carla,1,yes
114,66589,Magnolia Elementary,Orange,KK-06,6518,332.1000061,12.27910042,71.02380371,499,5172.019531,14.24290085,43.4949379,638.5,643.0,300.0,3.4,male,English,26.0,,1,Cindy,0,no
115,71985,Liberty Elementary,Tulare,KK-08,239,12.19999981,15.61180019,69.62030029,30,4441.672852,14.06599998,8.786610603,644.9000244,636.9000244,6450.0,4.4,male,English,23.0,0.0,2,Cleo,1,yes
116,69617,Mt. Pleasant Elementary,Santa Clara,KK-08,2911,139.4700012,11.92850018,52.9734993,281,5220.370117,15.96800041,39.02438736,640.4000244,641.7999878,16260.0,4.2,male,Romanian,23.0,0.0,2,Dora,0,yes
117,63123,El Centro Elementary,Imperial,KK-08,6272,297.0400085,28.71999931,71.76239777,1338,5252.810547,10.26399994,53.89030457,639.2999878,643.5999756,2770.0,3.8,male,English,24.0,0.0,3,Hilda,0,yes
118,68395,South Bay Union Elementary,San Diego,KK-06,10218,508.75,17.42020035,70.80639648,1435,5518.702148,10.6024704,41.13329315,638.5999756,644.2999878,800.0,3.4,female,German,15.0,1.0,2,Isbell,1,yes
119,69914,Cascade Union Elementary,Shasta,KK-08,1735,87.13999939,47.2621994,75.50430298,222,5609.487793,10.52299976,1.383285284,640.7999878,642.2999878,20000.0,4.2,male,Other,29.0,0.0,3,Betsy,1,yes
120,71969,Kings River Union Elementary,Tulare,KK-08,474,26.61000061,20.67510033,82.06749725,96,4945.031738,11.23799992,35.44303894,638.9000244,644.7000122,730.0,4.8,male,English,49.0,0.0,2,Alma,0,yes
121,71548,Gerber Union Elementary,Tehama,KK-08,544,30.0,20.55050087,74.86239624,145,5223.025391,10.05599976,8.639705658,641.7999878,642.5999756,99.0,4.7,male,English,59.0,0.0,1,Inez,1,yes
122,71910,Exeter Union Elementary,Tulare,KK-08,1987,103.3700027,15.28120041,54.65409851,283,4757.025391,11.18299961,15.34977436,637.0,647.4000244,5060.0,3.0,male,English,35.0,0.0,3,Beulah,1,yes
123,62000,American Union Elementary,Fresno,KK-08,418,22.39999962,10.69649982,63.43280029,50,5522.161621,7.385000229,19.85645866,640.2000122,644.5999756,800.0,4.4,female,English,24.0,1.0,2,Gladys,0,yes
124,66167,San Antonio Union Elementary,Monterey,KK-08,196,10.0,19.68910027,47.15029907,40,6087.608887,13.57900047,3.061224461,652.5999756,632.9000244,23040.0,4.1,male,Other,64.0,0.0,5,Camille,1,yes
125,71837,Burton Elementary,Tulare,KK-08,2208,114.5,14.41399956,53.21060181,92,4960.515625,9.630000114,9.873188019,642.0,644.0999756,6870.0,4.7,male,English,13.0,0.0,3,Celia,0,yes
126,67157,Nuview Union Elementary,Riverside,KK-08,1255,55.0,11.32219982,44.25970078,165,4880.040527,15.27400017,16.09561729,642.5999756,643.7999878,300.0,4.0,male,English,44.0,1.0,2,Edith,0,yes
127,70615,Bellevue Union Elementary,Sonoma,KK-06,1469,78.09999847,20.96660042,80.25869751,65,6538.417969,14.03425026,43.49897766,639.4000244,647.0999756,500.0,4.9,female,English,15.0,0.0,1,Fern,0,yes
128,64550,Garvey Elementary,Los Angeles,KK-08,7114,332.8399963,34.59420013,82.57219696,680,4925.659668,10.23966694,45.03795242,638.9000244,647.9000244,200.0,3.4,male,English,39.0,1.0,1,Ginger,0,yes
129,71498,Corning Union Elementary,Tehama,KK-08,1962,98.0,24.4151001,67.75180054,170,5204.6875,9.484999657,18.19571877,641.7000122,645.0999756,20430.0,3.6,male,English,20.0,0.0,1,Agnes,1,no
130,68916,Jefferson Elementary,San Mateo,KK-08,7761,361.0,6.49119997,44.47660065,658,4907.410645,15.0298748,15.48769474,644.2000122,642.7999878,1180.0,4.3,female,English,58.0,0.0,3,Carmen,1,yes
131,70185,Big Springs Union Elementary,Siskiyou,KK-08,216,14.0,9.416999817,48.87889862,47,5923.45166,9.781000137,0.9259259105,652.7000122,634.2999878,6190.0,4.0,female,Turkish,18.0,0.0,3,Eloise,1,yes
132,63487,General Shafter Elementary,Kern,KK-08,224,10.0,7.14289999,58.03570175,31,4741.957031,13.19200039,7.589285851,633.5999756,653.7999878,570.0,4.0,male,English,22.0,0.0,1,Belle,1,yes
133,71308,Turlock Joint Elementary,Stanislaus,KK-08,7887,391.8599854,16.40239906,57.07220078,1004,4954.019531,12.2159996,29.08583832,645.7000122,641.7000122,66.0,4.4,female,English,19.0,0.0,1,Babe,1,yes
134,72421,Twain Harte-Long Barn Union Elementary,Tuolumne,KK-08,752,39.5,11.71049976,34.07889938,0,5500.10791,14.07600021,0.1329787225,652.2999878,636.0999756,70.0,2.8,male,Other,64.0,1.0,1,Bob,0,yes
135,69005,Redwood City Elementary,San Mateo,KK-08,9328,537.8800049,7.487500191,39.03680038,1719,5360.51709,25.4873333,50.85763168,644.5,643.9000244,2700.0,3.7,female,English,43.0,0.0,2,David,0,yes
136,61846,Camino Union Elementary,El Dorado,KK-08,548,32.20000076,7.664199829,31.38689995,35,5685.63916,14.86699963,11.49635029,652.0999756,636.7000122,12770.0,2.3,male,,,0.0,3,Frederic,0,yes
137,65813,Plainsburg Union Elementary,Merced,KK-08,104,5.0,32.38100052,49.5237999,19,5594.196289,9.972000122,13.46153927,649.5,639.4000244,2130.0,3.8,male,English,21.0,0.0,3,Allen,0,yes
138,68486,Banta Elementary,San Joaquin,KK-08,275,13.0,12.72729969,45.81819916,4,4692.566895,14.57800007,4.727272511,643.2000122,645.7000122,10400.0,3.0,male,Standard_Hindi,37.0,0.0,3,Alicia,1,yes
139,62513,Washington Colony Elementary,Fresno,KK-08,443,24.0,14.22119999,69.97740173,52,5085.40625,7.385000229,21.44469452,644.2999878,644.7000122,410.0,4.0,female,Dutch,18.0,0.0,2,Diana,0,no
140,67405,Rio Linda Union Elementary,Sacramento,KK-06,10337,540.0499878,37.22689819,58.54539871,1268,5456.197266,12.34300041,12.35368061,646.0,643.0999756,130.0,3.4,female,English,19.0,0.0,1,Bob,0,yes
141,71050,Chatom Union Elementary,Stanislaus,KK-08,806,41.52999878,7.178800106,56.67509842,36,5105.179688,12.43133259,30.14888382,645.2999878,644.0999756,160.0,4.7,female,English,52.0,1.0,1,Danny,1,yes
142,73726,Merced River Union Elementary,Merced,KK-08,227,11.60000038,18.06170082,59.03079987,25,5519.677246,14.90600014,15.85902977,649.7000122,640.2000122,4180.0,4.5,female,English,17.0,0.0,3,Elena,0,yes
143,72462,Hueneme Elementary,Ventura,KK-08,8416,391.4200134,12.39900017,71.91210175,1333,5065.911133,12.66989994,43.75,642.9000244,647.2999878,3020.0,3.8,male,English,41.0,1.0,3,Gloria,1,yes
144,62737,Cuddeback Union Elementary,Humboldt,KK-08,149,8.5,19.46310043,59.0603981,30,5182.428223,10.33300018,0.0,656.7999878,633.7000122,4730.0,4.6,female,English,21.0,0.0,1,Juan,0,yes
145,62703,Blue Lake Union Elementary,Humboldt,KK-08,220,13.39000034,19.1303997,52.1739006,48,5960.464355,11.97200012,0.0,658.0,633.0999756,1310.0,4.0,male,,,,2,Kate,1,yes
146,68205,Lemon Grove Elementary,San Diego,KK-08,4612,232.9700012,17.47610092,65.91500092,601,5124.836426,12.82699966,16.65221214,647.7000122,643.4000244,6.0,4.3,male,English,26.0,0.0,1,Bonnie,0,yes
147,64063,Upper Lake Union Elementary,Lake,KK-08,590,34.33000183,37.4367981,70.65769958,71,5655.133301,10.03999996,3.22033906,644.7999878,646.4000244,58.0,2.9,male,English,42.0,0.0,1,Charley,1,yes
148,62984,Peninsula Union Elementary,Humboldt,KK-08,133,7.550000191,25.0,72.14289856,25,5811.689941,13.33500004,0.0,644.2999878,647.2000122,1.0,3.9,male,English,40.0,0.0,1,Floyd,0,yes
149,72512,Ocean View Elementary,Ventura,KK-08,2440,121.2399979,7.275899887,47.0298996,116,5467.673828,9.854000092,48.52458954,645.5,646.0,4.0,4.1,female,German,33.0,0.0,1,Florence,0,yes
150,71647,Reeds Creek Elementary,Tehama,KK-08,133,6.0,11.19400024,35.82089996,0,5213.089355,11.42599964,0.7518796921,652.5,639.5,290.0,4.2,male,English,16.0,0.0,1,Chantal,1,yes
151,67280,Arcohe Union Elementary,Sacramento,KK-08,519,26.0,16.76300049,37.95759964,65,4613.1875,15.13099957,1.92678237,650.9000244,641.5,20020.0,4.3,male,English,18.0,0.0,4,Hugo,1,yes
152,68627,New Jerusalem Elementary,San Joaquin,KK-08,222,11.65999985,7.589300156,40.625,30,4886.983887,14.57800007,13.51351261,643.0,649.7000122,230.0,3.8,male,English,23.0,1.0,1,Jerry,1,yes
153,70243,Dunsmuir Elementary,Siskiyou,KK-08,285,18.71999931,26.64229965,76.27739716,36,6455.136719,10.26799965,0.0,641.5999756,651.2000122,3620.0,4.8,female,,21.0,0.0,2,Bob,0,yes
154,71282,Stanislaus Union Elementary,Stanislaus,KK-08,3129,147.9799957,26.16760063,55.7901001,471,5125.433105,15.59285736,16.71460533,647.7999878,645.2000122,66730.0,3.9,female,English,39.0,0.0,5,Andrew,0,yes
155,62240,Kingsburg Joint Union Elementary,Fresno,KK-08,2019,102.7799988,10.25259972,40.5646019,167,5193.692383,11.23799992,5.943536282,649.0999756,644.0,96.0,3.7,female,English,21.0,,3,Emily,0,yes
156,66456,Buena Park Elementary,Orange,KK-08,5620,267.0,10.30949974,55.09389877,316,5002.838867,15.05137539,36.17437744,644.0,649.4000244,1650.0,4.7,female,English,45.0,0.0,2,Erin,0,yes
157,66746,Westminster Elementary,Orange,KK-08,9775,484.5,13.04300022,62.50389862,1218,5337.625488,15.41317654,44.97186661,645.5999756,648.2000122,7550.0,3.1,female,English,58.0,1.0,3,Opal,1,yes
158,63933,Island Union Elementary,Kings,KK-08,246,11.5,9.756099701,43.90240097,38,5161.202148,11.08100033,16.66666794,647.7999878,646.0999756,700.0,2.8,female,English,45.0,1.0,2,Bertha,1,yes
159,72231,Tulare City Elementary,Tulare,KK-08,7210,360.3500061,26.62680054,68.85790253,800,5158.791992,10.09799957,15.18723965,642.5,651.5999756,8260.0,3.8,male,German,35.0,1.0,3,Fran,1,yes
160,68023,Chula Vista Elementary,San Diego,KK-06,21338,1051.579956,13.22719955,45.99499893,2889,5123.474121,14.29829979,34.33779907,645.0,649.5,200.0,4.5,female,English,24.0,0.0,1,Danny,0,yes
161,69880,Black Butte Union Elementary,Shasta,KK-08,477,27.0,25.36689949,59.53879929,27,5782.543945,11.80300045,0.0,650.7999878,643.7999878,1650.0,4.5,male,,,0.0,2,Bonnie,1,yes
162,65763,McSwain Union Elementary,Merced,KK-08,727,39.90000153,10.17879963,32.18709946,50,4842.60791,9.972000122,13.06739998,649.4000244,645.7999878,160.0,4.1,male,English,18.0,0.0,1,Earl,0,yes
163,71381,Franklin Elementary,Sutter,KK-08,374,18.45000076,6.684500217,7.486599922,46,4219.40625,15.4090004,4.278074741,651.5999756,643.5999756,3870.0,4.4,female,Spanish,60.0,0.0,2,Georges,0,yes
164,68098,Escondido Union Elementary,San Diego,KK-08,18255,903.7600098,11.22169971,58.53310013,2001,5081.169922,15.2937994,39.5946312,645.0,651.0,94.0,2.8,male,English,64.0,1.0,3,Bret,0,yes
165,64485,East Whittier City Elementary,Los Angeles,KK-08,8787,410.9100037,10.02270031,32.48300171,1058,5144.993652,15.53292847,21.66837311,648.0,648.4000244,8130.0,3.3,female,,,0.0,2,Floyd,1,yes
166,73544,Rio Bravo-Greeley Union Elementary,Kern,KK-08,797,38.0,7.026299953,35.75910187,60,4674.298828,16.29299927,3.262233257,648.7999878,647.7000122,1430.0,4.6,male,,,0.0,1,Irene,1,yes
167,71407,Marcum-Illinois Union Elementary,Sutter,KK-08,140,7.0,3.571399927,39.28570175,40,4830.326172,12.875,7.857142925,651.5999756,645.0999756,1260.0,3.2,female,Spanish,38.0,0.0,1,Lili,1,yes
168,68437,Vallecitos Elementary,San Diego,KK-08,235,13.69999981,6.808499813,67.23400116,51,5621.687988,16.62299919,39.57446671,643.4000244,654.0,250.0,3.8,female,Standard_Hindi,37.0,0.0,1,Claudette,1,yes
169,67918,Victor Elementary,San Bernardino,KK-06,8294,371.1000061,23.19750023,51.56740189,1295,4948.868164,12.54988289,10.12780285,645.0999756,652.7999878,4980.0,3.4,female,English,24.0,1.0,2,Isabel,1,yes
170,66696,Savanna Elementary,Orange,KK-06,2409,108.6600037,8.151499748,52.12020111,354,5100.975586,14.25857162,27.52179146,646.0,652.2999878,5.0,4.3,male,English,32.0,1.0,1,Alex,1,yes
171,71001,West Side Union Elementary,Sonoma,KK-06,150,8.25,3.225800037,23.22579956,16,5132.788574,18.32600021,14.0,655.2000122,643.4000244,20510.0,3.9,female,English,50.0,0.0,4,Charley,0,yes
172,69971,Enterprise Elementary,Shasta,KK-08,3981,210.0,41.77339935,51.77090073,606,5358.51709,12.74914265,8.842000008,649.7999878,649.2000122,12620.0,4.1,male,English,16.0,0.0,2,Frances,1,yes
173,71621,Red Bluff Union Elementary,Tehama,KK-08,2326,117.8000031,17.97509956,52.25230026,345,5149.186523,11.42599964,6.405846596,651.2999878,648.0999756,170.0,3.8,female,Italian,25.0,0.0,1,Gaston,0,yes
174,72363,Jamestown Elementary,Tuolumne,KK-08,501,30.5,20.63489914,54.76190186,163,5373.206543,8.829999924,2.395209789,652.5999756,647.0999756,18590.0,4.6,male,English,20.0,0.0,3,Ivan,1,yes
175,70482,Weed Union Elementary,Siskiyou,KK-08,470,28.27000046,31.33049965,89.69960022,48,6485.166016,11.17599964,5.957447052,655.0999756,645.7999878,10210.0,4.4,female,,,0.0,3,Jeanne,0,yes
176,63032,South Bay Union Elementary,Humboldt,KK-06,575,35.09999847,26.43479919,59.13040161,59,5504.025391,14.22799969,8.173913002,654.5999756,646.5,350.0,4.3,male,English,21.0,0.0,1,Cindy,0,yes
177,61655,Brentwood Union Elementary,Contra Costa,KK-08,3519,175.3000031,5.54129982,29.78120041,789,5105.734375,15.02700043,15.45893669,655.4000244,645.7999878,2650.0,4.0,male,German,19.0,1.0,3,Dennis,1,yes
178,72405,Summerville Elementary,Tuolumne,KK-08,474,26.34000015,21.9958992,54.9897995,61,5634.730957,10.52099991,0.0,653.5999756,647.7000122,,3.3,female,English,50.0,1.0,3,Katrina,1,yes
179,66860,Ophir Elementary,Placer,KK-08,223,11.5,1.754400015,17.54389954,60,4980.294434,18.62599945,0.0,651.7999878,650.0,91.0,4.6,male,English,45.0,0.0,1,Ophelia,1,yes
180,70821,Montgomery Elementary,Sonoma,KK-08,92,5.599999905,13.54170036,0.0,22,6113.859863,22.52899933,0.0,656.0999756,645.7000122,10690.0,4.8,female,English,25.0,0.0,3,Rita,1,yes
181,70912,Santa Rosa Elementary,Sonoma,KK-06,4971,297.1400146,14.70940018,55.10079956,500,5850.0,18.29838943,31.82458305,653.2999878,649.0,25960.0,4.2,male,English,28.0,0.0,3,Wilma,0,yes
182,71266,Salida Union Elementary,Stanislaus,KK-08,2617,107.1949997,8.368200302,32.36970139,226,4547.944824,11.88574982,12.80091667,651.7000122,650.7000122,51.0,4.4,female,English,32.0,1.0,1,Humberto,1,yes
183,70128,Shasta Union Elementary,Shasta,KK-08,242,13.25,28.0991993,51.6529007,32,5011.840332,9.925999641,0.0,654.4000244,648.2999878,1110.0,4.1,female,English,18.0,0.0,1,Dolly,1,yes
184,62802,Fortuna Union Elementary,Humboldt,KK-08,780,41.15000153,16.5394001,50.76340103,75,5261.370605,14.19699955,3.846153975,662.0,640.7999878,4360.0,3.9,female,Korean,22.0,0.0,2,Gustav,0,yes
185,72090,Rockford  Elementary,Tulare,KK-08,324,15.39999962,13.0031004,58.20429993,50,4276.115234,9.630000114,2.469135761,647.0,655.9000244,20370.0,3.6,female,Indonesian,30.0,0.0,2,Ike,0,yes
186,62638,Plaza Elementary,Glenn,KK-08,140,6.75,7.85710001,45.71429825,25,4566.27002,10.63899994,10.71428585,654.2000122,649.4000244,7110.0,4.7,male,Chinese,21.0,0.0,1,Irene,0,yes
187,70813,Monte Rio Union Elementary,Sonoma,KK-08,181,10.0,25.4144001,66.85079956,26,6049.495117,14.47500038,0.0,651.9000244,651.7999878,24000.0,3.8,female,English,32.0,0.0,1,Isaac,1,yes
188,64105,Janesville Union Elementary,Lassen,KK-08,516,26.0,9.259300232,24.81480026,65,4974.28125,13.46700001,1.937984467,656.2999878,647.5,75000.0,4.6,female,Other,22.0,0.0,2,Sandy,1,yes
189,63172,Magnolia Union Elementary,Imperial,KK-08,108,5.0,3.669699907,32.11009979,25,4432.478027,9.664999962,4.629629612,648.2000122,655.7999878,1590.0,4.3,female,English,21.0,0.0,3,Easy,1,yes
190,64188,Shaffer Union Elementary,Lassen,KK-08,419,18.67000008,13.95349979,50.0,58,4924.619141,12.70800018,5.250596523,656.4000244,647.7999878,5350.0,4.6,male,Portuguese,52.0,0.0,3,King,1,yes
191,66506,Fullerton Elementary,Orange,KK-08,12567,546.0499878,7.623099804,40.3995018,1099,4603.659668,17.82299995,27.54038239,651.5999756,652.5999756,150.0,3.9,female,Chinese,20.0,0.0,1,Able,1,yes
192,70649,Cinnabar Elementary,Sonoma,KK-06,287,16.17000008,3.793100119,31.03450012,65,5973.925293,17.15600014,14.98257828,655.0999756,649.5,58.0,3.3,female,English,24.0,0.0,1,Barbara,0,yes
193,69278,Santa Barbara Elementary,Santa Barbara,KK-08,6201,339.1000061,7.179599762,47.70249939,634,5215.943848,19.58963585,47.87937546,650.9000244,653.7000122,15.0,3.1,female,,,1.0,1,Florence,0,yes
194,63016,Rohnerville Elementary,Humboldt,KK-08,577,29.95000076,20.33609962,46.05039978,134,4882.236816,14.19699955,0.0,657.2000122,647.5,19321.0,4.4,female,Standard_Hindi,37.0,0.0,3,Carol,1,yes
195,71431,Pleasant Grove Joint Union Elementary,Sutter,KK-08,170,7.5,10.58819962,32.35290146,41,4145.835938,11.9119997,1.764706016,660.2999878,644.5,3230.0,3.1,male,English,22.0,0.0,3,Edna,0,yes
196,73700,Mountain Union Elementary,Shasta,KK-08,164,8.5,33.53659821,65.85369873,36,7542.038086,13.38599968,0.0,655.2000122,649.5999756,24260.0,3.9,male,English,45.0,1.0,4,Hazel,0,yes
197,63784,South Fork Union Elementary,Kern,KK-08,382,22.0,29.23830032,59.21379852,75,5247.018066,11.5539999,0.0,653.0999756,651.9000244,2030.0,4.0,female,English,27.0,0.0,3,Connie,0,yes
198,68155,Jamul-Dulzura Union Elementary,San Diego,KK-08,1221,61.59999847,4.34070015,25.3071003,250,5169.814941,19.02599907,7.289107323,656.7999878,648.9000244,14730.0,3.9,female,English,33.0,0.0,1,Diane,1,yes
199,69765,Live Oak Elementary,Santa Cruz,KK-08,2214,108.3499985,12.8725996,36.44990158,213,5951.005859,16.40699959,17.02800369,656.0999756,650.0999756,6200.0,3.8,male,English,49.0,0.0,3,Ione,0,yes
200,67116,Menifee Union Elementary,Riverside,KK-08,4523,215.0,5.751900196,29.19869995,409,4746.572266,14.05799961,10.43555164,653.7000122,653.0999756,1540.0,3.3,male,English,18.0,0.0,2,Flossy,1,yes
201,63552,Lakeside Union Elementary,Kern,KK-08,793,39.79999924,4.413599968,30.76919937,49,4944.092285,19.06800079,2.269861221,652.4000244,654.5999756,,3.9,female,English,22.0,0.0,4,Audrey,0,yes
202,69724,Whisman Elementary,Santa Clara,KK-08,1678,88.26999664,5.482699871,38.20019913,254,6306.487305,20.77000046,28.24791336,655.5999756,651.5,540.0,4.9,female,English,23.0,0.0,3,Helene,0,yes
203,63180,McCabe Union Elementary,Imperial,KK-08,536,22.5,5.597000122,28.17160034,35,4260.306641,10.26399994,8.768656731,653.4000244,653.7000122,430.0,4.0,female,English,31.0,0.0,1,Debra,1,yes
204,68551,Lammersville Elementary,San Joaquin,KK-08,307,15.85000038,5.537499905,28.66449928,36,4718.163086,14.57800007,7.491856575,654.0999756,653.2999878,510.0,3.1,female,English,33.0,0.0,3,Gracie,1,no
205,71563,Lassen View Union Elementary,Tehama,KK-08,347,17.5,18.44379997,53.60229874,56,4751.299805,10.20199966,9.798271179,655.5,652.0999756,53270.0,3.7,male,German,33.0,0.0,4,Donna,1,yes
206,62927,Loleta Union Elementary,Humboldt,KK-08,168,11.01000023,29.16670036,63.69049835,30,5653.453613,12.50199986,12.5,655.9000244,651.7999878,35.0,3.8,male,English,24.0,0.0,1,Ethel,1,yes
207,70045,Junction Elementary,Shasta,KK-08,532,31.0,10.50660038,29.64349937,81,5920.253418,13.90600014,0.0,656.5999756,651.2999878,15850.0,3.5,female,German,40.0,0.0,4,Carla,0,yes
208,64931,Rosemead Elementary,Los Angeles,KK-08,3272,150.0,24.02199936,76.77259827,374,4825.59082,9.986000061,31.20415497,651.4000244,656.7999878,300.0,4.6,female,English,25.0,1.0,1,Cindy,0,yes
209,66332,Grass Valley Elementary,Nevada,KK-08,2045,107.2099991,12.12709999,40.92910004,268,5532.582031,13.71199989,1.369193196,657.7999878,650.5999756,6450.0,3.1,male,English,21.0,1.0,2,Cleo,1,yes
210,71829,Buena Vista Elementary,Tulare,KK-08,156,6.050000191,10.42940044,47.85279846,7,3926.06958,10.09799957,9.615385056,659.7999878,648.5999756,16260.0,4.3,female,English,20.0,0.0,2,Dora,0,yes
211,63545,Kernville Union Elementary,Kern,KK-08,1129,61.99000168,34.1894989,62.26750183,164,5805.636719,11.29100037,0.0,655.0999756,653.5,2770.0,3.2,male,English,39.0,0.0,3,Hilda,1,no
212,67348,Galt Joint Union Elementary,Sacramento,KK-08,3669,201.9700012,11.35890007,41.05459976,500,4899.239746,13.22500038,24.25728989,652.7000122,656.5,800.0,4.1,male,English,25.0,1.0,2,Isbell,1,yes
213,67553,Southside Elementary,San Benito,KK-08,157,9.25,1.898699999,10.12660027,19,4884.862305,13.63000011,9.554140091,654.2000122,655.5,20000.0,4.2,female,English,40.0,0.0,3,Betsy,1,yes
214,68189,Lakeside Union Elementary,San Diego,KK-08,4928,229.1999969,8.541999817,25.88850021,618,5139.9375,14.62300014,5.92532444,653.5,656.2000122,730.0,4.9,female,English,25.0,0.0,2,Alma,1,yes
215,71423,Nuestro Elementary,Sutter,KK-08,103,5.0,5.825200081,23.3010006,13,5249.364746,8.776000023,0.9708737731,662.2000122,647.5999756,99.0,4.5,male,English,60.0,0.0,1,Inez,0,yes
216,61994,Alvina Elementary,Fresno,KK-08,175,10.30000019,14.85709953,70.28569794,17,5399.070313,10.3380003,18.2857132,650.0,660.0999756,5060.0,3.6,female,,,0.0,3,Beulah,1,no
217,61762,Oakley Union Elementary,Contra Costa,KK-08,4153,199.8600006,7.526899815,23.4409008,241,4965.290039,16.32299995,4.984348774,657.4000244,652.7000122,800.0,3.9,female,English,44.0,0.0,2,Gladys,1,yes
218,70268,Etna Union Elementary,Siskiyou,KK-06,280,18.04999924,8.695699692,56.52170181,67,6210.323242,10.65633297,4.285714626,660.4000244,649.7000122,23040.0,3.6,male,English,21.0,0.0,5,Camille,1,yes
219,68544,Jefferson Elementary,San Joaquin,KK-08,865,43.5,3.084199905,12.57409954,96,4797.503418,14.57800007,3.352601051,660.7999878,649.5999756,6870.0,4.1,female,English,33.0,0.0,3,Celia,1,yes
220,69377,Berryessa Union Elementary,Santa Clara,KK-08,8735,408.2000122,7.496600151,21.34339905,1120,5397.161621,18.63059998,32.70749664,655.4000244,655.2000122,300.0,4.2,female,English,26.0,1.0,2,Edith,1,yes
221,63958,Kit Carson Union Elementary,Kings,KK-08,412,20.10000038,8.73789978,60.92229843,72,5078.5,11.11600018,9.46601963,653.0,657.7000122,500.0,3.6,female,English,26.0,0.0,1,Fern,1,yes
222,71290,Sylvan Union Elementary,Stanislaus,KK-08,6373,329.1199951,12.67850018,36.88999939,624,4733.746582,14.59766674,6.260787487,657.5999756,653.0999756,200.0,4.3,male,,,1.0,1,Ginger,1,yes
223,68635,Oak View Union Elementary,San Joaquin,KK-08,332,18.79999924,9.036100388,34.03609848,73,4963.060059,15.49300003,13.25301266,653.2000122,657.5999756,20430.0,3.7,male,,,0.0,1,Agnes,0,yes
224,66787,Auburn Union Elementary,Placer,KK-08,2903,138.1199951,11.12639999,34.44710159,192,5431.177246,16.27199936,3.169135332,662.0,649.0999756,1180.0,4.3,male,English,19.0,0.0,3,Carmen,0,yes
225,67504,North County Joint Union Elementary,San Benito,KK-08,565,29.64999962,6.725699902,36.6371994,60,5382.088867,13.63000011,16.9911499,651.5999756,659.7999878,6190.0,4.9,female,English,22.0,,3,Eloise,1,yes
226,61945,Pioneer Union Elementary,El Dorado,KK-08,586,26.0,7.508500099,37.88399887,78,5724.441895,12.39400005,0.8532423377,662.0,649.5999756,570.0,4.3,female,Romanian,27.0,1.0,1,Belle,0,yes
227,67645,Central Elementary,San Bernardino,KK-08,5068,240.1000061,7.063899994,34.2344017,626,4843.427246,15.33100033,6.649565697,655.9000244,655.7999878,66.0,4.3,male,,,1.0,1,Babe,0,yes
228,70094,Pacheco Union Elementary,Shasta,KK-08,859,42.84000015,16.4144001,40.1629982,118,5730.349121,12.66600037,0.1164144352,654.0999756,658.7000122,70.0,4.5,female,Romanian,47.0,0.0,1,Bob,1,yes
229,66316,Chicago Park Elementary,Nevada,KK-08,145,10.21000004,8.275899887,20.0,20,5635.786133,13.71199989,0.0,657.7999878,655.2000122,2700.0,3.0,male,English,32.0,0.0,2,David,0,yes
230,68874,Brisbane Elementary,San Mateo,KK-08,649,35.125,3.852099895,19.5685997,155,5671.657227,17.78033447,6.933744431,658.7000122,654.4000244,12770.0,4.4,male,French,57.0,0.0,3,Frederic,0,yes
231,63883,Central Union Elementary,Kings,KK-08,1789,96.0,2.962500095,56.00889969,435,7070.633301,10.55666733,9.558412552,655.4000244,657.9000244,2130.0,2.7,female,,20.0,0.0,3,Allen,0,no
232,70011,Happy Valley Union Elementary,Shasta,KK-08,775,37.0,24.90320015,61.41939926,50,5097.343262,10.52299976,0.9032257795,661.5,651.9000244,10400.0,4.5,female,English,19.0,0.0,3,Alicia,0,yes
233,61572,Mark Twain Union Elementary,Calaveras,KK-08,777,36.84999847,12.98869991,39.84870148,148,5482.677246,13.24300003,1.158301115,663.4000244,650.2000122,410.0,4.3,female,English,21.0,0.0,2,Diana,1,yes
234,65458,San Rafael City Elementary,Marin,KK-08,3518,188.1999969,9.770799637,49.42689896,419,5642.832031,22.47299957,40.10801697,656.7000122,656.9000244,130.0,4.2,female,English,16.0,0.0,1,Bob,0,yes
235,67991,Cajon Valley Union Elementary,San Diego,KK-08,19294,924.5700073,18.93190002,50.97079849,2401,5280.023438,15.68465424,16.66321182,657.5999756,656.4000244,160.0,4.0,female,Standard_Hindi,33.0,1.0,1,Danny,0,yes
236,69393,Campbell Union Elementary,Santa Clara,KK-08,7661,386.4200134,7.805799961,32.13679886,1158,5433.339844,23.48374939,21.95535851,657.2999878,656.7000122,4180.0,2.8,female,Chinese,19.0,0.0,3,Elena,1,yes
237,71365,Browns Elementary,Sutter,KK-08,158,8.0,6.329100132,25.31649971,34,4529.283691,11.64900017,8.860759735,661.0,653.2999878,3020.0,3.0,female,English,21.0,0.0,3,Gloria,1,yes
238,66324,Clear Creek Elementary,Nevada,KK-08,117,6.0,8.403400421,36.1344986,42,6039.98584,16.3560009,0.854700923,664.9000244,649.9000244,4730.0,4.4,male,English,44.0,0.0,1,Juan,1,yes
239,63057,Trinidad Union Elementary,Humboldt,KK-08,160,8.699999809,16.09199905,36.78160095,37,6168.229492,14.07400036,0.0,672.7999878,642.2000122,1310.0,4.0,female,English,15.0,0.0,2,Kate,1,yes
240,70722,Guerneville Elementary,Sonoma,KK-08,511,27.20000076,27.48539925,51.85189819,30,5774.970215,13.43700027,3.913894176,664.2000122,650.9000244,6.0,4.0,female,English,55.0,0.0,1,Bonnie,1,no
241,69013,San Bruno Park Elementary,San Mateo,KK-08,2770,140.1100006,3.610100031,25.55960083,296,4806.761719,18.33799934,11.94945908,659.7000122,655.5999756,58.0,4.5,female,English,51.0,0.0,1,Charley,1,yes
242,71472,Antelope Elementary,Tehama,KK-08,551,28.5,15.2343998,51.5625,46,4840.936035,11.42599964,3.992740393,660.2000122,655.2999878,1.0,3.9,male,English,14.0,0.0,1,Floyd,0,yes
243,66472,Centralia Elementary,Orange,KK-06,5205,242.5,8.318900108,37.29109955,474,4954.466309,15.74991703,22.93948174,655.0999756,660.5,4.0,3.4,male,English,43.0,0.0,1,Florence,0,yes
244,67702,Etiwanda Elementary,San Bernardino,KK-08,6437,278.8399963,2.516700029,17.1508007,622,4023.531738,15.77900028,2.485630035,658.5,657.2999878,290.0,4.9,male,,,0.0,1,Chantal,1,yes
245,65169,Wiseburn Elementary,Los Angeles,KK-08,1712,81.27999878,5.373799801,32.65190125,122,5179.411133,14.06200027,9.871495247,657.0,659.0,20020.0,2.2,female,English,13.0,0.0,4,Hugo,0,yes
246,63024,Scotia Union Elementary,Humboldt,KK-08,370,19.79999924,6.504099846,36.31439972,56,4385.229492,12.17399979,0.540540576,664.0,652.7000122,230.0,3.2,male,English,15.0,0.0,1,Jerry,0,yes
247,67785,Mountain View Elementary,San Bernardino,KK-08,3182,153.1999969,3.530499935,26.94330025,328,4777.512695,12.89999962,8.95663166,654.7000122,662.5,3620.0,3.6,male,English,43.0,1.0,2,Bob,1,yes
248,68791,Pleasant Valley Joint Union Elementary,San Luis Obispo,KK-06,139,7.199999809,0.7193999887,29.49640083,32,4862.790527,10.97099972,6.47481966,661.2999878,656.2999878,66730.0,4.4,female,English,16.0,0.0,5,Andrew,1,yes
249,69625,Oak Grove Elementary,Santa Clara,KK-08,11855,588.8400269,9.015800476,32.76549911,1507,5486.029785,17.43519974,20.72543144,654.9000244,663.2000122,96.0,3.6,female,English,37.0,0.0,3,Emily,0,yes
250,61960,Pollock Pines Elementary,El Dorado,KK-08,1068,51.66999817,12.82769966,36.79779816,129,5486.382324,14.76000023,0.1872659177,662.0999756,656.2000122,1650.0,4.8,female,Portuguese,18.0,0.0,2,Erin,1,yes
251,64345,Castaic Union Elementary,Los Angeles,KK-08,2295,103.0,4.039500237,31.3708992,224,4631.243652,14.60299969,13.98692894,658.2999878,660.4000244,7550.0,4.3,male,,,0.0,3,Opal,0,yes
252,63255,Bishop Union Elementary,Inyo,KK-08,1510,73.30000305,10.25979996,37.10860062,141,5189.62793,13.52233315,8.741721153,662.7999878,656.0,700.0,3.4,female,English,26.0,0.0,2,Bertha,0,yes
253,69138,Buellton Union Elementary,Santa Barbara,KK-08,579,27.79999924,1.5,31.5,60,4600.606445,16.66900063,20.03454208,660.0,658.7999878,8260.0,2.5,female,English,19.0,0.0,3,Fran,0,yes
254,75135,Chawanakee Jt. Elementary,Madera,KK-08,1012,52.63999939,10.4847002,33.63010025,140,6735.775391,13.52225018,1.383399248,660.7999878,658.7999878,200.0,4.4,male,German,23.0,0.0,1,Danny,0,yes
255,70508,Yreka Union Elementary,Siskiyou,KK-08,1212,68.65000153,18.29719925,47.12469864,107,5475.172852,12.51799965,2.062706232,660.4000244,659.4000244,1650.0,4.1,male,English,41.0,1.0,2,Bonnie,0,yes
256,70599,Alexander Valley Union Elementary,Sonoma,KK-06,119,7.0,4.0,33.59999847,23,5990.794434,18.32600021,28.57143021,661.7000122,658.4000244,160.0,4.6,female,Dutch,18.0,0.0,1,Earl,1,yes
257,66415,Twin Ridges Elementary,Nevada,KK-08,590,35.76250076,7.796599865,30.6779995,78,7203.246582,11.4659996,0.1694915295,673.0999756,647.0999756,3870.0,4.0,female,English,24.0,0.0,2,Georges,1,yes
258,72173,Sundale Union Elementary,Tulare,KK-08,546,27.60000038,13.91940022,54.76190186,60,4777.769043,10.09799957,13.73626423,659.7999878,660.5999756,94.0,3.6,female,English,21.0,0.0,3,Bret,1,yes
259,72207,Three Rivers Union Elementary,Tulare,KK-08,248,11.11999989,7.46269989,21.26869965,51,4302.834961,15.36499977,0.0,667.7999878,652.7999878,8130.0,3.9,female,English,39.0,0.0,2,Floyd,1,no
260,72348,Columbia Union Elementary,Tuolumne,KK-08,461,26.0,14.4708004,48.81209946,150,5630.194824,10.3113327,0.21691975,666.9000244,654.5999756,1430.0,3.5,male,English,28.0,0.0,1,Irene,0,yes
261,65102,Westside Union Elementary,Los Angeles,KK-08,6312,308.6799927,9.837900162,22.69300079,496,4708.625,16.98662567,3.121039391,662.0999756,659.7999878,1260.0,4.0,female,English,22.0,1.0,1,Lili,0,yes
262,65649,Ballico-Cressey Elementary,Merced,KK-08,285,13.98999977,7.241399765,66.20690155,62,5629.961426,9.612000465,47.36842346,661.0999756,661.5999756,250.0,3.0,female,,27.0,0.0,1,Claudette,0,yes
263,68973,Millbrae Elementary,San Mateo,KK-08,2325,115.3000031,2.881700039,15.6559,302,4890.986816,21.11050034,22.70967865,662.0,660.9000244,4980.0,5.0,male,English,23.0,0.0,2,Isabel,1,yes
264,69435,Evergreen Elementary,Santa Clara,KK-08,11885,549.8400269,10.19769955,30.44169998,1790,4929.393066,16.47331238,29.12074089,659.0999756,664.0999756,5.0,3.7,male,English,17.0,0.0,1,Alex,0,yes
265,70730,Harmony Union Elementary,Sonoma,KK-08,564,27.43000031,6.89659977,21.37929916,46,4905.221191,18.36899948,4.43262434,672.4000244,650.7999878,20510.0,4.6,female,Spanish,35.0,1.0,4,Charley,0,yes
266,63362,Panama Buena Vista Union Elementary,Kern,KK-08,12380,620.3800049,12.29520035,31.01889992,1671,5156.856934,16.65411186,4.814216614,660.0999756,663.5999756,12620.0,2.8,female,English,35.0,0.0,2,Frances,1,yes
267,68932,Laguna Salada Union Elementary,San Mateo,KK-08,3772,178.0599976,3.371999979,18.38780022,529,4941.787598,18.54422188,5.249204636,665.4000244,658.2999878,170.0,3.8,male,Chinese,18.0,0.0,1,Gaston,0,yes
268,72371,Sonora Elementary,Tuolumne,KK-08,895,47.58000183,17.55319977,42.44680023,70,5408.781738,14.18000031,1.899441361,662.7000122,661.0,18590.0,3.4,male,English,26.0,0.0,3,Ivan,0,yes
269,66910,Roseville City Elementary,Placer,KK-08,5714,277.6700134,10.53429985,30.06909943,489,4981.387695,18.02955437,8.66293335,664.2999878,659.5,10210.0,4.4,female,,,0.0,3,Jeanne,0,yes
270,71084,Gratton Elementary,Stanislaus,KK-08,105,5.730000019,0.0,0.0,16,4877.086426,13.58600044,10.47619057,662.5,661.2999878,350.0,4.4,female,Dutch,21.0,0.0,1,Cindy,0,yes
271,64196,Susanville Elementary,Lassen,KK-08,1449,76.98999786,16.5279007,42.60089874,125,5111.739258,12.64000034,1.242236018,660.4000244,663.5,2650.0,4.3,female,Chinese,17.0,1.0,3,Dennis,1,yes
272,69872,Bella Vista Elementary,Shasta,KK-08,510,24.5,20.39220047,45.88240051,95,5201.515625,11.10299969,0.0,663.0999756,661.7000122,,3.8,female,English,39.0,1.0,3,Katrina,1,yes
273,71852,Columbine Elementary,Tulare,KK-08,160,8.0,11.25,56.875,39,4138.305664,7.5,9.375,651.4000244,673.4000244,91.0,4.9,female,,,0.0,1,Ophelia,0,yes
274,64626,Hughes-Elizabeth Lakes Union Elementary,Los Angeles,KK-08,433,22.0,9.336099625,25.10370064,50,5743.597168,15.50599957,1.385681391,665.4000244,659.5,10690.0,4.5,male,English,27.0,0.0,3,Rita,0,yes
275,69591,Mountain View Elementary,Santa Clara,KK-08,3186,164.3099976,5.45389986,44.39070129,411,5702.705078,22.84140015,35.34212112,663.5,661.5,25960.0,3.9,female,English,21.0,0.0,3,Wilma,0,yes
276,65045,Sulphur Springs Union Elementary,Los Angeles,KK-06,5010,239.3999939,5.298900127,27.35449982,576,4802.152832,19.82312584,9.64071846,661.7000122,663.4000244,51.0,4.5,male,Turkish,18.0,0.0,1,Humberto,0,yes
277,70680,Forestville Union Elementary,Sonoma,KK-08,717,35.95000076,8.888899803,24.72220039,100,5442.143066,16.34700012,2.231520176,669.4000244,655.7000122,1110.0,2.8,female,English,27.0,0.0,1,Dolly,1,yes
278,63750,Rosedale Union Elementary,Kern,KK-08,3548,170.6499939,3.25999999,14.8508997,335,4522.375488,16.29299927,0.3664036095,658.2999878,667.0,4360.0,3.0,female,English,24.0,0.0,2,Gustav,0,yes
279,69948,Columbia Elementary,Shasta,KK-08,868,45.20000076,16.58989906,29.83869934,78,4965.808105,13.24800014,0.5760368705,662.4000244,663.0,20370.0,3.8,male,English,19.0,0.0,2,Ike,0,yes
280,66795,Colfax Elementary,Placer,KK-08,507,26.64999962,13.20390034,37.08739853,60,5358.326172,14.01000023,0.0,667.0999756,658.4000244,7110.0,4.2,male,Dutch,22.0,0.0,1,Irene,1,yes
281,70425,Mt. Shasta Union Elementary,Siskiyou,KK-08,822,46.65000153,8.073800087,25.60549927,105,5784.625,14.16300011,0.8515815139,668.2999878,657.5,24000.0,3.1,female,English,40.0,0.0,1,Isaac,1,yes
282,70870,Piner-Olivet Union Elementary,Sonoma,KK-06,1792,88.55000305,3.125,20.92630005,143,5072.70459,15.77099991,5.524553776,667.4000244,659.2999878,75000.0,4.2,male,,,0.0,2,Sandy,1,yes
283,65185,Bass Lake Joint Elementary,Madera,KK-08,1202,62.29999924,12.07689953,35.84619904,190,5556.041016,14.48333263,0.0,664.2999878,662.5999756,1590.0,3.9,female,English,25.0,0.0,3,Easy,0,yes
284,62745,Cutten Elementary,Humboldt,KK-06,515,27.35000038,16.11650085,26.21360016,58,5190.310059,14.20899963,0.0,660.2000122,666.7999878,5350.0,4.6,male,English,38.0,0.0,3,King,1,yes
285,61952,Placerville Union Elementary,El Dorado,KK-08,1354,66.56999969,12.0383997,36.48450089,263,5211.485352,15.16699982,2.437223196,666.4000244,661.2999878,150.0,3.9,female,,31.0,0.0,1,Able,1,yes
286,71035,Wright Elementary,Sonoma,KK-06,1252,65.11000061,9.451199532,43.21649933,113,5284.164063,12.58425045,20.76677322,659.4000244,668.2999878,58.0,3.4,female,German,16.0,0.0,1,Barbara,1,yes
287,71522,Evergreen Union Elementary,Tehama,KK-08,823,46.0,13.85179996,55.28549957,127,5331.920898,10.55099964,2.187120438,657.7000122,670.0999756,15.0,3.5,male,English,34.0,0.0,1,Florence,1,yes
288,70847,Old Adobe Union Elementary,Sonoma,KK-06,2231,114.3000031,2.916100025,13.36919975,258,5599.60791,16.95599937,13.62617588,666.2000122,661.7999878,19321.0,4.8,female,English,20.0,0.0,3,Carol,1,yes
289,71019,Wilmar Union Elementary,Sonoma,KK-06,271,14.19999981,4.467400074,25.42959976,81,4881.899414,17.70899963,13.28413296,668.7000122,659.2999878,3230.0,4.7,female,English,49.0,0.0,3,Edna,0,yes
290,66761,Ackerman Elementary,Placer,KK-08,309,15.5,4.207099915,32.68610001,85,4700.432129,16.27199936,1.941747546,671.2999878,657.0,24260.0,4.5,male,English,44.0,0.0,4,Hazel,1,yes
291,69815,Santa Cruz City Elementary,Santa Cruz,KK-06,3005,159.2200012,8.619000435,33.81029892,308,5650.0,17.9008007,23.0615654,666.7000122,661.5999756,2030.0,4.4,female,English,27.0,0.0,3,Connie,1,yes
292,62679,Arcata Elementary,Humboldt,KK-08,966,47.95999908,20.95809937,47.30540085,114,5318.240723,11.83399963,0.6211180091,674.0,654.5999756,14730.0,4.0,female,English,47.0,0.0,1,Diane,0,yes
293,67595,Alta Loma Elementary,San Bernardino,KK-08,7710,327.2999878,4.472199917,15.92990017,814,4709.054199,18.6201992,3.255512238,663.4000244,665.4000244,6200.0,3.9,male,English,28.0,0.0,3,Ione,1,yes
294,66837,Foresthill Union Elementary,Placer,KK-08,762,35.5,10.8107996,30.37319946,54,5143.19043,12.43099976,0.0,663.0999756,665.7999878,1540.0,3.7,female,English,23.0,0.0,2,Flossy,1,yes
295,61929,Mother Lode Union Elementary,El Dorado,KK-08,1708,89.0,8.489500046,29.03980064,206,5133.009766,15.16699982,2.224824429,665.5,663.9000244,,2.8,female,Indonesian,25.0,0.0,4,Audrey,1,yes
296,66613,Ocean View Elementary,Orange,KK-08,9850,489.2999878,3.335000038,30.64369965,1113,5081.455566,20.87574959,18.55837631,663.7000122,665.7999878,540.0,4.3,female,English,19.0,0.0,3,Helene,1,yes
297,62596,Lake Elementary,Glenn,KK-08,129,5.0,9.302300453,50.38759995,10,4016.41626,10.63899994,6.201550484,667.5999756,662.2999878,430.0,4.2,female,English,21.0,0.0,1,Debra,1,yes
298,69039,San Mateo-Foster City Elementary,San Mateo,KK-08,10619,565.5100098,2.538399935,28.37660027,1150,5374.050293,25.02961922,18.45748138,665.9000244,664.0,510.0,4.5,male,English,22.0,0.0,3,Gracie,0,yes
299,69195,Goleta Union Elementary,Santa Barbara,KK-06,4521,236.5800018,3.705199957,31.08279991,494,5427.548828,16.75780106,32.07255173,666.7999878,663.4000244,53270.0,3.8,male,,24.0,0.0,4,Donna,1,yes
300,67736,Helendale Elementary,San Bernardino,KK-08,580,29.44000053,11.89659977,30.17239952,114,5179.644531,15.29699993,3.965517044,656.2000122,674.2000122,35.0,3.7,male,English,27.0,0.0,1,Ethel,1,yes
301,70854,Petaluma City Elementary,Sonoma,KK-06,2569,138.0,5.486400127,24.74710083,326,5400.0,17.3694458,15.33670712,669.7999878,660.9000244,15850.0,4.4,female,English,19.0,0.0,4,Carla,1,yes
302,69690,Sunnyvale Elementary,Santa Clara,KK-08,6022,286.7999878,6.394999981,36.0007019,756,5726.146484,22.09600067,27.66522789,663.9000244,667.4000244,300.0,4.9,male,English,32.0,0.0,1,Cindy,0,yes
303,69179,College Elementary,Santa Barbara,KK-08,670,33.5,0.4160999954,13.8696003,47,5003.870117,22.84199905,12.53731441,670.2999878,661.5,6450.0,3.0,male,English,25.0,0.0,2,Cleo,1,yes
304,68197,La Mesa-Spring Valley,San Diego,KK-08,14708,700.9400024,13.53009987,45.72340012,1962,4969.51123,18.31987572,12.68017483,664.5,667.4000244,16260.0,3.9,male,English,24.0,0.0,2,Dora,1,yes
305,66530,Huntington Beach City Elementary,Orange,KK-08,6601,305.0,1.196799994,15.08860016,706,4747.295898,25.03000069,6.908044338,668.0,664.0,2770.0,2.9,female,Portuguese,18.0,0.0,3,Hilda,0,yes
306,69336,Solvang Elementary,Santa Barbara,KK-08,675,33.70000076,0.0,31.8519001,87,4543.305176,21.95700073,14.96296215,668.7000122,663.4000244,800.0,3.8,male,Spanish,,0.0,2,Isbell,1,yes
307,69849,Soquel Elementary,Santa Cruz,KK-08,2458,124.0699997,6.018700123,24.60350037,193,5229.591309,18.79683304,11.26932526,666.9000244,665.2999878,20000.0,3.8,male,English,27.0,0.0,3,Betsy,1,yes
308,62554,Capay Joint Union Elementary,Glenn,KK-08,144,8.0,4.166699886,44.44440079,14,4507.353027,10.63899994,9.722222328,671.9000244,660.4000244,730.0,4.4,female,English,20.0,0.0,2,Alma,0,yes
309,70714,Gravenstein Union Elementary,Sonoma,KK-08,573,29.60000038,6.993000031,15.20979977,48,5302.62793,17.50799942,3.315881252,671.0,661.2999878,99.0,3.9,male,English,49.0,0.0,1,Inez,0,yes
310,66381,Pleasant Valley Elementary,Nevada,KK-08,721,35.72999954,1.849400043,18.49410057,82,5545.610352,18.59300041,0.6934812665,668.7999878,664.0999756,5060.0,5.0,male,English,49.0,0.0,3,Beulah,0,yes
311,63990,Pioneer Union Elementary,Kings,KK-08,992,46.97000122,3.729799986,22.88310051,160,4615.908691,11.11600018,5.141129017,671.2000122,661.9000244,800.0,4.6,male,English,49.0,0.0,2,Gladys,0,yes
312,68361,Santee Elementary,San Diego,KK-08,8432,360.5,6.392300129,22.98390007,0,5397.689453,14.09766674,4.969165325,663.7000122,669.5,23040.0,4.2,male,English,24.0,0.0,5,Camille,0,yes
313,64113,Johnstonville Elementary,Lassen,KK-08,244,11.0,15.57380009,40.16389847,15,5118.373047,12.64000034,6.967213154,672.0999756,661.2000122,6870.0,3.2,male,Swedish,22.0,1.0,3,Celia,0,yes
314,72553,Pleasant Valley Elementary,Ventura,KK-08,7116,356.8200073,2.598999977,13.27620029,785,5008.070801,20.93642807,7.99606514,667.5,665.7999878,300.0,3.6,male,German,19.0,1.0,2,Edith,1,yes
315,72355,Curtis Creek Elementary,Tuolumne,KK-08,830,46.65999985,10.41189957,32.6086998,95,4906.030273,14.18000031,0.4819277227,662.0999756,671.2999878,500.0,4.2,female,English,24.0,1.0,1,Fern,0,yes
316,70300,Fort Jones Union Elementary,Siskiyou,KK-06,160,10.88000011,13.37580013,53.50320053,38,6870.346191,11.82600021,2.5,666.9000244,666.7999878,200.0,3.7,male,English,49.0,0.0,1,Ginger,0,yes
317,70805,Mark West Union Elementary,Sonoma,KK-06,1588,83.40000153,6.798500061,20.58099937,220,5301.716309,18.67099953,3.841310024,671.2999878,662.4000244,20430.0,3.7,female,English,24.0,0.0,1,Agnes,0,yes
318,67967,Alpine Union Elementary,San Diego,KK-08,2272,108.75,4.049300194,16.06509972,307,5182.365723,17.33200073,1.32042253,667.7000122,666.5999756,1180.0,4.4,male,English,28.0,0.0,3,Carmen,0,yes
319,70938,Sebastopol Union Elementary,Sonoma,KK-08,1425,71.83000183,5.092599869,19.8302002,65,4999.46875,17.50799942,4.91228056,669.7999878,664.5999756,6190.0,4.0,female,English,31.0,0.0,3,Eloise,1,yes
320,62828,Freshwater Elementary,Humboldt,KK-06,245,12.55000019,8.979599953,13.06120014,30,6732.066406,15.57199955,0.0,672.2000122,662.7000122,570.0,4.2,male,English,58.0,0.0,1,Belle,1,yes
321,63693,Norris Elementary,Kern,KK-08,1349,65.21250153,2.001499891,8.673100471,259,4612.989746,15.56725025,0.2223869562,667.0,667.9000244,66.0,3.7,female,,,0.0,1,Babe,0,yes
322,72132,Springville Union Elementary,Tulare,KK-08,400,22.0,13.80090046,29.86429977,65,5478.845703,15.75199986,0.0,669.2000122,666.0,70.0,4.5,female,English,39.0,0.0,1,Bob,1,yes
323,69575,Moreland Elementary,Santa Clara,KK-08,4632,245.1799927,7.037000179,23.6420002,637,5666.713867,20.46999931,17.85405922,669.4000244,666.5999756,2700.0,4.0,female,English,22.0,0.0,2,David,1,yes
324,63610,Maple Elementary,Kern,KK-08,224,9.0,5.35710001,35.26789856,15,4742.51416,9.708999634,4.464285851,660.5,675.7000122,12770.0,3.7,male,English,16.0,0.0,3,Frederic,0,yes
325,63941,Kings River-Hardwick Union Elementary,Kings,KK-08,576,31.0,3.993099928,28.125,92,4907.392578,11.11600018,9.548611641,665.7999878,671.0,2130.0,4.2,female,English,39.0,1.0,3,Allen,0,yes
326,68163,Julian Union Elementary,San Diego,KK-08,451,25.0,8.647500038,11.7517004,75,5700.402344,16.32099915,3.991130829,672.7000122,664.5,10400.0,4.4,male,English,28.0,0.0,3,Alicia,0,yes
327,68007,Cardiff Elementary,San Diego,KK-06,900,50.75,2.101799965,24.3362999,145,5191.834473,21.96699905,20.66666603,668.7999878,668.5,410.0,3.8,male,English,20.0,1.0,2,Diana,0,yes
328,72108,Saucelito Elementary,Tulare,KK-08,118,5.5,8.333299637,51.66669846,10,4451.256836,8.934000015,7.627118587,668.5,669.0999756,130.0,5.0,female,English,20.0,0.0,1,Bob,0,yes
329,67975,Bonsall Union Elementary,San Diego,KK-08,1457,73.12999725,5.982299805,42.9640007,0,5627.527832,19.99699974,27.45367241,666.2000122,671.5999756,160.0,3.5,male,Korean,22.0,0.0,1,Danny,1,yes
330,66480,Cypress Elementary,Orange,KK-06,4734,232.75,2.607800007,19.37249947,586,4922.939941,18.82723045,10.85762596,665.5,672.4000244,4180.0,4.2,female,Chinese,21.0,0.0,3,Elena,0,yes
331,64766,Lowell Joint Elementary,Los Angeles,KK-08,3303,146.5,4.662399769,16.95429993,379,4969.380859,18.1186657,5.025733948,666.0999756,672.0999756,3020.0,4.1,female,English,22.0,0.0,3,Gloria,0,yes
332,64832,Newhall Elementary,Los Angeles,KK-06,6055,286.9200134,5.613399982,30.08510017,540,4829.717285,23.66737556,14.23616886,668.9000244,669.7000122,4730.0,4.0,female,English,30.0,1.0,1,Juan,1,yes
333,65359,Lagunitas Elementary,Marin,KK-08,424,23.29999924,3.537699938,15.3302002,39,6716.692871,22.13899994,0.2358490527,680.9000244,657.7000122,1310.0,4.1,male,Russian,25.0,0.0,2,Kate,0,yes
334,69385,Cambrian Elementary,Santa Clara,KK-08,2801,139.3000031,5.033899784,23.09889984,615,5205.941895,20.54599953,2.070688963,673.2999878,665.4000244,6.0,2.1,female,English,28.0,1.0,1,Bonnie,0,yes
335,71654,Richfield Elementary,Tehama,KK-08,187,9.760000229,17.55319977,44.68090057,37,4357.826172,9.484999657,8.556149483,664.5999756,674.0999756,58.0,3.8,male,English,31.0,0.0,1,Charley,0,yes
336,62794,Fieldbrook Elementary,Humboldt,KK-08,129,6.599999905,13.95349979,27.1317997,17,5195.918945,11.83399963,0.0,670.0999756,669.5,1.0,4.6,female,English,50.0,1.0,1,Floyd,0,no
337,68049,Dehesa Elementary,San Diego,KK-06,188,9.0,6.382999897,36.70209885,41,6002.071777,18.79899979,4.787234306,673.2000122,666.5,4.0,4.3,male,Chinese,20.0,1.0,1,Florence,1,yes
338,69955,Cottonwood Union Elementary,Shasta,KK-08,1212,65.90000153,22.19470024,46.12210083,116,5090.587891,10.55099964,3.960396051,669.2000122,670.7000122,290.0,3.7,female,Swedish,22.0,0.0,1,Chantal,0,yes
339,63479,Fruitvale Elementary,Kern,KK-08,2596,135.3500061,3.004600048,19.53000069,249,5112.390137,15.51900005,1.579352856,669.2000122,670.7999878,20020.0,3.9,female,Other,29.0,0.0,4,Hugo,1,yes
340,69708,Union Elementary,Santa Clara,KK-08,4925,253.8959961,3.821099997,12.17479992,753,5287.35498,21.63172722,3.593908548,672.7999878,668.5999756,230.0,4.4,female,German,33.0,0.0,1,Jerry,1,yes
341,66498,Fountain Valley Elementary,Orange,KK-08,6257,288.6300049,2.163500071,15.51280022,930,4889.47998,21.09575081,8.726226807,671.2000122,671.2999878,3620.0,3.7,male,English,39.0,1.0,2,Bob,1,yes
342,61879,Gold Oak Union Elementary,El Dorado,KK-08,868,45.0,4.723499775,19.00919914,122,5118.130371,15.16699982,0.0,674.5999756,668.0,66730.0,4.5,female,English,28.0,0.0,5,Andrew,0,yes
343,61838,Buckeye Union Elementary,El Dorado,KK-08,3787,186.1000061,3.247999907,8.34430027,934,5119.123047,19.11700058,0.2640612721,674.9000244,668.2999878,96.0,4.7,female,English,39.0,0.0,3,Emily,0,yes
344,75085,Rocklin Unified,Placer,KK-08,6423,306.3800049,2.929899931,14.26599979,855,4792.211426,17.62000084,1.447921515,671.4000244,671.7999878,1650.0,3.3,male,English,22.0,0.0,2,Erin,1,yes
345,61887,Gold Trail Union Elementary,El Dorado,KK-08,678,34.84000015,2.507400036,15.92920017,47,5450.103516,15.16699982,0.1474926174,677.5999756,665.7000122,7550.0,2.6,female,English,39.0,0.0,3,Opal,1,yes
346,62885,Hydesville Elementary,Humboldt,KK-08,162,8.399999619,16.95910072,33.91809845,23,5210.724609,10.64299965,0.0,679.7999878,663.5999756,700.0,3.4,male,English,30.0,0.0,2,Bertha,1,yes
347,64998,Saugus Union Elementary,Los Angeles,KK-06,8529,407.7000122,2.192500114,11.70129967,834,4715.445801,20.73905563,3.705006361,668.9000244,674.5999756,8260.0,3.5,female,Dutch,22.0,0.0,3,Fran,1,yes
348,66845,Loomis Union Elementary,Placer,KK-08,1862,89.08999634,2.829699993,21.08919907,231,4632.068359,21.56599998,0.2685284615,673.0999756,670.7000122,200.0,3.6,male,Dutch,21.0,0.0,1,Danny,0,yes
349,66886,Placer Hills Union Elementary,Placer,KK-08,1452,70.5,2.426000118,10.41419983,183,5028.561523,17.65600014,0.0,679.5999756,664.2000122,1650.0,4.0,female,English,19.0,0.0,2,Bonnie,0,yes
350,70672,Dunham Elementary,Sonoma,KK-06,155,8.0,0.6452000141,12.25809956,32,5695.466797,17.70899963,4.516129017,672.2999878,671.5999756,160.0,3.5,female,Other,18.0,1.0,1,Earl,1,yes
351,69021,San Carlos Elementary,San Mateo,KK-08,2536,127.1100006,2.032799959,2.032799959,343,4504.294922,27.81599998,2.444794893,676.0999756,668.0,3870.0,5.0,male,,,0.0,2,Georges,1,yes
352,66399,Ready Springs Union Elementary,Nevada,KK-08,567,30.07999992,4.895100117,29.02099991,103,5156.437012,18.59300041,0.0,673.9000244,670.2000122,94.0,3.7,female,Spanish,,0.0,3,Bret,1,yes
353,65219,Coarsegold Union Elementary,Madera,KK-08,953,52.59999847,7.98759985,33.9211998,135,5433.51416,14.26299953,0.0,668.0999756,676.5,8130.0,4.3,male,English,16.0,0.0,2,Floyd,0,yes
354,68726,Cayucos Elementary,San Luis Obispo,KK-08,296,15.43000031,5.592100143,25.98679924,42,5254.631836,22.75799942,5.405405521,674.5999756,670.0999756,1430.0,4.7,female,English,27.0,0.0,1,Irene,1,yes
355,64170,Richmond Elementary,Lassen,KK-08,198,9.0,2.450999975,12.74510002,24,4593.196777,12.64000034,0.0,672.7000122,672.2000122,1260.0,4.0,male,English,28.0,0.0,1,Lili,0,yes
356,62109,Clay Joint Elementary,Fresno,KK-08,218,10.10000038,2.242199898,25.1121006,49,4320.678711,11.23799992,6.422018051,669.4000244,675.7000122,250.0,4.5,female,Other,22.0,0.0,1,Claudette,1,yes
357,70995,Waugh Elementary,Sonoma,KK-06,734,36.0,2.024300098,12.82050037,117,4920.777344,16.95599937,6.539509296,676.0999756,669.2999878,4980.0,3.9,male,English,44.0,0.0,2,Isabel,0,yes
358,70979,Two Rock Union Elementary,Sonoma,KK-06,189,11.60000038,2.07249999,32.12440109,50,6905.869141,17.70899963,14.2857151,679.0999756,667.0,5.0,4.6,female,,,0.0,1,Alex,0,yes
359,68866,Belmont-Redwood Shores Elementary,San Mateo,KK-08,2528,138.3099976,1.342100024,2.445600033,482,5729.904297,25.62199974,3.678797483,675.0,671.5,20510.0,4.3,male,German,28.0,0.0,4,Charley,1,yes
360,61978,Rescue Union Elementary,El Dorado,KK-08,2987,154.1699982,2.042200089,11.18179989,290,4825.202148,18.72599983,0.502176106,676.0999756,670.5,12620.0,3.5,female,Turkish,18.0,0.0,2,Frances,1,yes
361,66779,Alta-Dutch Flat Union Elementary,Placer,KK-08,208,11.0,9.389699936,32.86380005,21,5388.17041,13.44299984,0.0,680.5,666.5999756,170.0,2.9,female,English,21.0,0.0,1,Gaston,1,yes
362,68353,San Pasqual Union Elementary,San Diego,KK-08,379,23.10000038,2.902400017,22.16360092,29,5133.827148,15.18000031,22.69129372,670.5,676.5999756,18590.0,3.1,male,,27.0,0.0,3,Ivan,0,no
363,61911,Latrobe Elementary,El Dorado,KK-08,145,9.300000191,6.20690012,0.0,27,5346.15625,19.11700058,0.0,670.5,677.2999878,10210.0,4.7,male,German,33.0,1.0,3,Jeanne,1,yes
364,66407,Union Hill Elementary,Nevada,KK-08,706,37.74000168,2.593699932,23.05480003,103,4789.309082,13.71199989,0.1416430622,676.0,672.5,350.0,4.6,male,English,16.0,0.0,1,Cindy,0,yes
365,70961,Twin Hills Union Elementary,Sonoma,KK-08,878,47.90000153,1.375,15.75,105,5329.782227,17.50799942,2.733485222,681.0,669.7999878,2650.0,4.9,female,English,39.0,0.0,3,Dennis,1,yes
366,62976,Pacific Union Elementary,Humboldt,KK-08,594,33.18000031,12.26889992,25.37820053,75,5371.172852,11.83399963,1.68350172,683.0,668.4000244,,3.7,male,English,17.0,0.0,3,Katrina,1,no
367,71696,Douglas City Elementary,Trinity,KK-08,139,7.349999905,20.86330032,66.90650177,40,5771.383789,13.27299976,0.0,680.0999756,672.2000122,91.0,4.6,male,,,0.0,1,Ophelia,1,yes
368,66373,Pleasant Ridge Union Elementary,Nevada,KK-08,2089,102.7799988,2.51850009,14.0369997,318,4993.634766,16.3560009,0.1436093748,673.7999878,679.2999878,10690.0,3.6,female,English,41.0,1.0,3,Rita,1,yes
369,66852,Newcastle Elementary,Placer,KK-08,326,16.28000069,4.294499874,11.04290009,42,4854.038086,18.62599945,0.0,673.2999878,679.9000244,25960.0,4.3,male,English,27.0,0.0,3,Wilma,0,yes
370,72470,Mesa Union Elementary,Ventura,KK-08,516,21.5,0.9689999819,27.71319962,50,4392.679688,23.7329998,11.04651165,680.5,673.2000122,51.0,4.1,female,English,21.0,0.0,1,Humberto,0,yes
371,71787,Weaverville Elementary,Trinity,KK-08,449,25.5,12.72729969,48.48479843,50,5884.432129,12.93400002,0.0,672.7999878,681.0999756,1110.0,4.2,male,English,25.0,0.0,1,Dolly,1,yes
372,70078,North Cow Creek Elementary,Shasta,KK-08,297,15.35000038,2.356899977,4.040400028,70,4273.993164,13.90600014,0.0,679.0,675.5,4360.0,4.4,male,Portuguese,52.0,0.0,2,Gustav,1,yes
373,66340,Nevada City Elementary,Nevada,KK-08,1579,80.23999786,5.555600166,21.78030014,165,5146.78418,15.42800045,0.06333122402,678.5,677.4000244,20370.0,4.0,female,English,48.0,1.0,2,Ike,1,yes
374,62893,Jacoby Creek Elementary,Humboldt,KK-08,383,20.45000076,6.005199909,10.18280029,49,5351.522949,15.38099957,0.0,682.9000244,673.2000122,7110.0,4.0,female,English,39.0,0.0,1,Irene,1,yes
375,70698,Fort Ross Elementary,Sonoma,KK-08,81,5.099999905,3.614500046,0.0,14,7667.571777,22.52899933,0.0,685.2999878,671.5,24000.0,4.8,female,English,45.0,0.0,1,Isaac,0,yes
376,68080,Encinitas Union Elementary,San Diego,KK-06,5259,262.230011,2.395900011,19.09110069,701,5281.708984,23.80609894,15.05989742,679.0,678.5999756,75000.0,4.3,female,English,19.0,0.0,2,Sandy,0,yes
377,65318,Dixie Elementary,Marin,KK-08,1960,108.9599991,1.941699982,3.730200052,223,5368.50293,24.60300064,1.479591846,684.0999756,674.7000122,1590.0,4.2,female,,,0.0,3,Easy,1,no
378,69492,Lakeside Joint Elementary,Santa Clara,KK-06,151,8.899999619,2.648999929,8.60929966,31,6429.257324,36.17399979,2.649006605,676.7999878,682.2000122,5350.0,4.3,male,English,21.0,0.0,3,King,1,yes
379,64600,Hermosa Beach City Elementary,Los Angeles,KK-08,946,49.16999817,2.17840004,6.535299778,310,5387.458984,33.45500183,1.47991538,683.0999756,676.2000122,150.0,3.9,male,,,0.0,1,Able,1,yes
380,70896,Rincon Valley Union Elementary,Sonoma,KK-06,2707,141.0200043,5.1395998,19.23080063,300,5235.774902,20.4802227,4.469892979,678.7000122,680.7999878,58.0,3.6,male,,,0.0,1,Barbara,1,yes
381,66233,Washington Union Elementary,Monterey,KK-08,919,46.88999939,1.049299955,0.0,141,4829.896484,20.13400078,0.3264417946,680.2000122,679.4000244,15.0,4.5,male,English,52.0,1.0,1,Florence,0,yes
382,70623,Bennett Valley Union Elementary,Sonoma,KK-06,945,46.0,4.239900112,10.65149975,216,5088.708008,19.3465004,2.539682627,685.7000122,674.4000244,19321.0,3.7,female,Chinese,17.0,0.0,3,Carol,0,yes
383,69500,Loma Prieta Joint Union Elemen,Santa Clara,KK-08,738,39.70199966,0.0,0.6775000095,220,5390.118164,36.17399979,0.5420054197,684.2000122,676.7000122,3230.0,4.0,male,English,72.0,1.0,3,Edna,0,yes
384,70789,Kenwood Elementary,Sonoma,KK-06,164,10.51000023,2.352900028,12.94120026,35,6588.430664,22.86333466,11.58536625,682.7999878,679.7999878,24260.0,3.9,male,English,17.0,0.0,4,Hazel,1,yes
385,70797,Liberty Elementary,Sonoma,KK-06,167,10.92000008,0.5207999945,11.45829964,29,6196.694824,17.70899963,11.37724495,680.7999878,681.7999878,2030.0,3.5,male,English,19.0,0.0,3,Connie,0,no
386,71142,Knights Ferry Elementary,Stanislaus,KK-08,125,7.079999924,4.0,14.39999962,25,4645.413086,14.17700005,0.0,688.5,674.7000122,14730.0,3.0,male,English,40.0,1.0,1,Diane,0,yes
387,65334,Kentfield Elementary,Marin,KK-08,1091,62.06000137,0.5367000103,0.5367000103,113,6489.928711,41.0929985,1.37488544,689.7999878,674.0,6200.0,4.8,male,English,27.0,1.0,3,Ione,1,yes
388,69104,Ballard Elementary,Santa Barbara,KK-06,134,6.0,0.7462999821,3.731300116,27,5094.958984,21.95700073,2.238806009,681.7999878,682.5,1540.0,3.8,male,English,45.0,0.0,2,Flossy,1,yes
389,70839,Oak Grove Union Elementary,Sonoma,KK-08,600,32.0,2.694099903,29.31850052,55,4841.958496,16.06399918,5.333333492,680.0,684.9000244,,3.8,male,English,21.0,0.0,4,Audrey,0,yes
390,75002,Ross Valley Elementary,Marin,KK-08,1803,99.59999847,1.924200058,3.621999979,283,6315.3125,25.73699951,2.773155928,685.5999756,679.5,540.0,3.8,male,Spanish,34.0,1.0,3,Helene,1,yes
391,69773,Mountain Elementary,Santa Cruz,KK-06,158,7.800000191,13.75,16.25,15,5399.383301,20.47400093,0.0,687.2999878,678.0,430.0,4.1,male,English,34.0,0.0,1,Debra,1,yes
392,68882,Burlingame Elementary,San Mateo,KK-08,2392,127.2200012,1.421399951,6.270899773,439,5429.473633,35.81000137,17.72575188,682.4000244,684.2999878,510.0,4.5,male,English,25.0,0.0,3,Gracie,1,yes
393,70003,Grant Elementary,Shasta,KK-08,526,28.02000046,3.992399931,11.40680027,33,5644.286133,13.56700039,0.0,684.5,682.2999878,53270.0,3.4,female,English,47.0,0.0,4,Donna,0,yes
394,69757,Happy Valley Elementary,Santa Cruz,KK-06,141,6.909999847,10.07190037,9.352499962,44,6060.256836,20.0890007,0.0,680.4000244,688.2000122,35.0,4.7,male,English,30.0,1.0,1,Ethel,0,yes
395,69732,Bonny Doon Union Elementary,Santa Cruz,KK-06,235,12.60000038,4.660999775,5.932199955,30,5319.553711,18.28300095,0.425531894,688.5,680.2000122,15850.0,4.1,male,English,31.0,0.0,4,Carla,0,yes
396,61812,Walnut Creek Elementary,Contra Costa,KK-08,3280,158.3999939,2.752300024,7.859300137,406,4819.903809,25.23971558,6.067073345,682.2000122,687.4000244,300.0,4.8,male,English,19.0,1.0,1,Cindy,1,yes
397,69211,Hope Elementary,Santa Barbara,KK-06,1254,57.0,1.582299948,12.5,0,5208.226074,25.06299973,10.12759113,686.2000122,683.7000122,6450.0,4.8,female,English,27.0,0.0,2,Cleo,1,yes
398,65367,Larkspur Elementary,Marin,KK-08,948,53.56000137,1.793200016,1.898699999,155,5859.964844,30.62849998,3.375527382,692.2000122,679.9000244,16260.0,4.3,male,English,31.0,0.0,2,Dora,1,yes
399,69419,Cupertino Union Elementary,Santa Clara,KK-08,15228,708.8300171,1.715399981,4.690899849,2232,4962.736816,27.47521591,8.648542404,683.0999756,690.2999878,2770.0,4.1,female,English,19.0,1.0,3,Hilda,0,yes
400,69781,Pacific Elementary,Santa Cruz,KK-06,81,4.849999905,13.25300026,20.48189926,21,7614.379395,30.84000015,12.34567928,693.7999878,681.2999878,800.0,4.4,male,English,50.0,0.0,2,Isbell,0,yes
401,69526,Los Gatos Union Elementary,Santa Clara,KK-08,2768,141.3999939,0.4481000006,2.792099953,540,5566.467773,34.15950012,1.589595318,691.5999756,686.5999756,20000.0,3.9,female,English,64.0,0.0,3,Betsy,1,no
402,69252,Montecito Union Elementary,Santa Barbara,KK-06,535,31.0,0.07999999821,0.7200000286,84,7039.949219,43.22999954,1.495327115,693.5,688.5999756,730.0,3.6,female,Finnish,14.0,0.0,2,Alma,0,yes
403,68387,Solana Beach Elementary,San Diego,KK-06,2542,146.3000031,0.8260999918,9.677399635,404,6604.063965,27.94775009,10.38552284,687.7000122,695.0,99.0,2.9,female,English,24.0,0.0,1,Inez,0,yes
404,68965,Menlo Park City Elementary,San Mateo,KK-08,1940,111.8199997,0.4124000072,3.917500019,265,6180.148926,49.93899918,6.134020329,693.7000122,690.0999756,5060.0,4.5,female,Chinese,23.0,1.0,3,Beulah,0,yes
405,65425,Reed Union Elementary,Marin,KK-08,1059,65.12000275,0.8499000072,1.416399956,272,6460.657227,55.32799911,2.266288996,695.9000244,692.0,800.0,2.7,female,Russian,24.0,0.0,2,Gladys,1,yes
406,65391,Mill Valley Elementary,Marin,KK-08,2340,132.1999969,1.581200004,2.435899973,403,6415.35498,35.48099899,2.47863245,693.5999756,694.9000244,23040.0,4.5,male,English,25.0,1.0,5,Camille,1,yes
407,61713,Lafayette Elementary,Contra Costa,KK-08,3469,172.3399963,0.0,0.1733999997,496,5230.876953,34.30099869,0.8936292529,697.9000244,691.7000122,6870.0,4.1,male,English,20.0,1.0,3,Celia,0,yes
408,68056,Del Mar Union Elementary,San Diego,KK-06,2106,115.3000031,1.709400058,2.611599922,300,5838.171875,38.62857056,2.421652317,695.0999756,695.2999878,300.0,3.4,female,English,20.0,0.0,2,Edith,1,no
409,69088,Woodside Elementary,San Mateo,KK-08,478,32.86999893,0.0,0.0,112,7711.506836,35.34199905,3.765690327,701.2999878,689.2999878,500.0,4.1,female,English,59.0,0.0,1,Fern,0,yes
410,61747,Moraga Elementary,Contra Costa,KK-08,1885,98.41999817,0.05059999973,0.3032999933,241,5592.765137,31.05200005,1.962864757,697.4000244,695.7000122,200.0,3.4,male,English,30.0,0.0,1,Ginger,0,yes
411,61770,Orinda Union Elementary,Contra Costa,KK-08,2422,139.4700012,0.0,0.1238999963,466,5933.154297,40.26399994,0.5780346394,699.0999756,697.2999878,20430.0,4.6,male,English,26.0,0.0,1,Agnes,0,yes
412,68908,Hillsborough City Elementary,San Mateo,KK-08,1318,87.05999756,0.1517000049,0.0,412,7593.405762,35.81000137,2.807283878,695.4000244,701.0999756,1180.0,4.7,male,English,25.0,0.0,3,Carmen,1,yes
413,69161,Cold Spring Elementary,Santa Barbara,KK-06,220,12.32999992,0.4544999897,0.0,22,6500.449707,43.22999954,1.363636374,693.2999878,703.5999756,6190.0,4.6,male,English,17.0,0.0,3,Eloise,1,yes
414,68981,Portola Valley Elementary,San Mateo,KK-08,687,44.59000015,0.3048999906,0.0,209,7217.263184,50.67699814,1.164483309,698.2999878,699.9000244,570.0,3.0,male,English,34.0,,1,Belle,0,yes
415,69682,Saratoga Union Elementary,Santa Clara,KK-08,2341,124.0899963,0.1709000021,0.59799999,286,5392.638672,40.40200043,2.050405741,698.9000244,701.7000122,66.0,4.2,female,English,24.0,0.0,1,Babe,1,yes
416,68957,Las Lomitas Elementary,San Mateo,KK-08,984,59.72999954,0.1015999988,3.556900024,195,7290.338867,28.71699905,5.995934963,700.9000244,707.7000122,70.0,3.9,male,English,32.0,1.0,1,Bob,0,yes
417,69518,Los Altos Elementary,Santa Clara,KK-08,3724,208.4799957,1.074100018,1.503800035,721,5741.462891,41.73410797,4.726100922,704.0,709.5,2700.0,4.7,female,English,23.0,0.0,2,David,1,yes
418,72611,Somis Union Elementary,Ventura,KK-08,441,20.14999962,3.563499928,37.19380188,45,4402.831543,23.7329998,24.26303864,648.2999878,641.7000122,12770.0,3.8,female,English,32.0,0.0,3,Frederic,0,yes
419,72744,Plumas Elementary,Yuba,KK-08,101,5.0,11.88119984,59.40589905,14,4776.336426,9.951999664,2.970297098,667.9000244,676.5,2130.0,4.7,female,English,21.0,1.0,3,Allen,1,yes
420,72751,Wheatland Elementary,Yuba,KK-08,1778,93.40000153,6.923500061,47.57120132,313,5993.392578,12.50199986,5.005624294,660.5,651.0,10400.0,3.2,female,English,24.0,0.0,3,Alicia,1,yes
